{
    "version": 1.3,
    "people": [
        {
            "person_id": [
                -1
            ],
            "pose_keypoints_2d": [
                0,
                0,
                0,
                395.744,
                98.3177,
                0.871178,
                419.205,
                98.3176,
                0.827582,
                426.965,
                149.175,
                0.697984,
                424.055,
                180.503,
                0.390757,
                372.228,
                98.3477,
                0.822643,
                360.462,
                146.276,
                0.803232,
                348.763,
                192.24,
                0.822647,
                403.532,
                179.507,
                0.622752,
                418.196,
                178.53,
                0.604602,
                420.163,
                259.728,
                0.787756,
                421.121,
                332.081,
                0.731013,
                388.875,
                180.488,
                0.563336,
                402.508,
                261.715,
                0.848083,
                411.309,
                331.133,
                0.769472,
                0,
                0,
                0,
                0,
                0,
                0,
                399.596,
                73.8534,
                0.309685,
                378.052,
                74.8617,
                0.873925,
                390.81,
                339.886,
                0.708753,
                395.701,
                339.97,
                0.744476,
                416.247,
                337.019,
                0.596113,
                401.546,
                335.043,
                0.0604842,
                0,
                0,
                0,
                425.98,
                337.988,
                0.655892
            ],
            "face_keypoints_2d": [],
            "hand_left_keypoints_2d": [],
            "hand_right_keypoints_2d": [],
            "pose_keypoints_3d": [],
            "face_keypoints_3d": [],
            "hand_left_keypoints_3d": [],
            "hand_right_keypoints_3d": []
        }
    ]
}