{
    "version": 1.3,
    "people": [
        {
            "person_id": [
                -1
            ],
            "pose_keypoints_2d": [
                387.816,
                74.7968,
                0.0607599,
                412.305,
                96.348,
                0.835659,
                437.759,
                97.3504,
                0.781673,
                442.699,
                149.175,
                0.79683,
                440.689,
                184.431,
                0.678366,
                386.874,
                93.419,
                0.774717,
                372.242,
                142.354,
                0.853682,
                362.449,
                185.403,
                0.806607,
                418.15,
                177.569,
                0.616691,
                431.889,
                176.589,
                0.573418,
                432.875,
                259.733,
                0.790472,
                433.839,
                330.165,
                0.770026,
                402.558,
                179.507,
                0.581012,
                411.345,
                261.685,
                0.832521,
                421.144,
                328.21,
                0.74277,
                0,
                0,
                0,
                386.917,
                72.8626,
                0.172836,
                415.272,
                67.0533,
                0.248352,
                393.753,
                68.0086,
                0.893064,
                401.555,
                337.985,
                0.733441,
                405.481,
                339.901,
                0.752985,
                426.988,
                334.098,
                0.671501,
                0,
                0,
                0,
                0,
                0,
                0,
                435.801,
                336.032,
                0.680918
            ],
            "face_keypoints_2d": [],
            "hand_left_keypoints_2d": [],
            "hand_right_keypoints_2d": [],
            "pose_keypoints_3d": [],
            "face_keypoints_3d": [],
            "hand_left_keypoints_3d": [],
            "hand_right_keypoints_3d": []
        }
    ]
}