{
    "version": 1.3,
    "people": [
        {
            "person_id": [
                -1
            ],
            "pose_keypoints_2d": [
                412.315,
                65.9973,
                0.0752211,
                435.789,
                97.3522,
                0.862308,
                461.227,
                98.2972,
                0.776685,
                467.135,
                146.258,
                0.748598,
                473.929,
                191.267,
                0.824152,
                411.318,
                96.3701,
                0.775578,
                394.73,
                146.26,
                0.807954,
                380.054,
                191.275,
                0.702136,
                437.773,
                177.572,
                0.534672,
                451.475,
                176.588,
                0.54159,
                450.497,
                259.734,
                0.813384,
                451.436,
                331.129,
                0.73494,
                424.055,
                180.476,
                0.525826,
                433.814,
                259.707,
                0.81626,
                441.645,
                330.132,
                0.754775,
                0,
                0,
                0,
                415.258,
                59.2268,
                0.21425,
                443.636,
                66.0368,
                0.271515,
                421.146,
                61.1348,
                0.823168,
                419.15,
                336.03,
                0.72733,
                425.051,
                339.886,
                0.729495,
                445.587,
                335.071,
                0.581797,
                0,
                0,
                0,
                0,
                0,
                0,
                456.336,
                336.995,
                0.658159
            ],
            "face_keypoints_2d": [],
            "hand_left_keypoints_2d": [],
            "hand_right_keypoints_2d": [],
            "pose_keypoints_3d": [],
            "face_keypoints_3d": [],
            "hand_left_keypoints_3d": [],
            "hand_right_keypoints_3d": []
        }
    ]
}