{
    "version": 1.3,
    "people": [
        {
            "person_id": [
                -1
            ],
            "pose_keypoints_2d": [
                0,
                0,
                0,
                373.19,
                98.3541,
                0.864972,
                397.663,
                99.3172,
                0.775722,
                412.321,
                150.174,
                0.82288,
                410.363,
                187.322,
                0.734744,
                347.77,
                98.3435,
                0.817692,
                332.056,
                149.197,
                0.83898,
                321.335,
                192.202,
                0.801406,
                381.049,
                179.501,
                0.58262,
                395.723,
                177.562,
                0.583495,
                394.725,
                256.783,
                0.819963,
                396.668,
                329.192,
                0.756848,
                367.318,
                180.496,
                0.547704,
                375.141,
                261.684,
                0.801711,
                385.903,
                331.132,
                0.746162,
                0,
                0,
                0,
                0,
                0,
                0,
                374.19,
                74.8553,
                0.423226,
                353.608,
                77.7712,
                0.799176,
                365.364,
                340.895,
                0.832748,
                372.205,
                341.874,
                0.805505,
                388.882,
                337.988,
                0.650539,
                0,
                0,
                0,
                0,
                0,
                0,
                401.572,
                336.015,
                0.714282
            ],
            "face_keypoints_2d": [],
            "hand_left_keypoints_2d": [],
            "hand_right_keypoints_2d": [],
            "pose_keypoints_3d": [],
            "face_keypoints_3d": [],
            "hand_left_keypoints_3d": [],
            "hand_right_keypoints_3d": []
        }
    ]
}