{
    "version": 1.3,
    "people": [
        {
            "person_id": [
                -1
            ],
            "pose_keypoints_2d": [
                292.018,
                194.166,
                0.242443,
                290.054,
                199.081,
                0.707767,
                286.199,
                199.072,
                0.839958,
                287.143,
                207.858,
                0.852239,
                296.885,
                213.756,
                0.816282,
                292.971,
                199.074,
                0.705617,
                294.002,
                207.84,
                0.125386,
                300.823,
                210.828,
                0.0811138,
                292.963,
                216.709,
                0.856795,
                291.027,
                216.7,
                0.820971,
                288.092,
                234.304,
                0.73401,
                285.165,
                251.884,
                0.7411,
                293.967,
                216.701,
                0.845669,
                299.846,
                235.275,
                0.755204,
                302.774,
                250.905,
                0.65633,
                291.028,
                192.25,
                0.254826,
                292.914,
                192.268,
                0.108045,
                288.087,
                192.254,
                0.401953,
                0,
                0,
                0,
                309.585,
                253.829,
                0.566341,
                309.618,
                252.87,
                0.562081,
                301.801,
                252.867,
                0.573028,
                288.106,
                253.848,
                0.50609,
                285.183,
                253.854,
                0.524372,
                285.148,
                252.878,
                0.582231
            ],
            "face_keypoints_2d": [],
            "hand_left_keypoints_2d": [],
            "hand_right_keypoints_2d": [],
            "pose_keypoints_3d": [],
            "face_keypoints_3d": [],
            "hand_left_keypoints_3d": [],
            "hand_right_keypoints_3d": []
        }
    ]
}