{
    "version": 1.3,
    "people": [
        {
            "person_id": [
                -1
            ],
            "pose_keypoints_2d": [
                395.643,
                73.8276,
                0.0716133,
                422.099,
                97.3377,
                0.819476,
                447.546,
                97.338,
                0.788454,
                451.44,
                148.215,
                0.794742,
                448.482,
                183.419,
                0.633457,
                395.722,
                97.3236,
                0.808194,
                385.911,
                145.269,
                0.863137,
                373.198,
                190.259,
                0.787253,
                425.997,
                178.546,
                0.585003,
                440.667,
                177.552,
                0.558326,
                439.689,
                259.715,
                0.753607,
                437.755,
                331.132,
                0.688745,
                410.397,
                181.458,
                0.557449,
                418.234,
                261.664,
                0.847272,
                427.046,
                330.133,
                0.751133,
                0,
                0,
                0,
                395.696,
                67.0675,
                0.223581,
                426.009,
                67.0174,
                0.227783,
                402.57,
                66.0801,
                0.957099,
                408.402,
                337.01,
                0.735885,
                412.321,
                338.973,
                0.77555,
                433.832,
                336.015,
                0.628132,
                418.122,
                334.086,
                0.0636558,
                0,
                0,
                0,
                441.684,
                337.017,
                0.622496
            ],
            "face_keypoints_2d": [],
            "hand_left_keypoints_2d": [],
            "hand_right_keypoints_2d": [],
            "pose_keypoints_3d": [],
            "face_keypoints_3d": [],
            "hand_left_keypoints_3d": [],
            "hand_right_keypoints_3d": []
        }
    ]
}