{
    "version": 1.3,
    "people": [
        {
            "person_id": [
                -1
            ],
            "pose_keypoints_2d": [
                411.327,
                66.0514,
                0.117544,
                439.728,
                93.4375,
                0.79579,
                461.215,
                97.306,
                0.754139,
                495.462,
                122.786,
                0.761719,
                518.932,
                139.387,
                0.709041,
                418.158,
                90.5382,
                0.789319,
                368.314,
                105.177,
                0.685863,
                333.074,
                115.921,
                0.772403,
                435.822,
                175.61,
                0.561241,
                450.451,
                174.628,
                0.561077,
                450.444,
                260.716,
                0.821654,
                449.537,
                332.078,
                0.762929,
                422.124,
                176.584,
                0.510602,
                431.9,
                259.734,
                0.765943,
                439.716,
                330.159,
                0.729298,
                0,
                0,
                0,
                412.335,
                60.1658,
                0.291863,
                441.697,
                66.0251,
                0.145047,
                420.163,
                60.1957,
                0.854128,
                418.204,
                337.974,
                0.733239,
                424.049,
                339.912,
                0.741413,
                443.636,
                336.994,
                0.586716,
                0,
                0,
                0,
                0,
                0,
                0,
                453.4,
                337.979,
                0.633759
            ],
            "face_keypoints_2d": [],
            "hand_left_keypoints_2d": [],
            "hand_right_keypoints_2d": [],
            "pose_keypoints_3d": [],
            "face_keypoints_3d": [],
            "hand_left_keypoints_3d": [],
            "hand_right_keypoints_3d": []
        }
    ]
}