{
    "version": 1.3,
    "people": [
        {
            "person_id": [
                -1
            ],
            "pose_keypoints_2d": [
                333.091,
                145.287,
                0.926698,
                333.07,
                154.072,
                0.932634,
                324.294,
                154.088,
                0.885436,
                310.576,
                151.145,
                0.644229,
                307.655,
                147.216,
                0.378338,
                341.892,
                153.138,
                0.887422,
                357.544,
                150.146,
                0.760238,
                373.219,
                144.273,
                0.732341,
                333.108,
                185.362,
                0.872439,
                327.218,
                185.372,
                0.82928,
                328.198,
                213.754,
                0.844656,
                325.297,
                236.257,
                0.831388,
                339.94,
                184.447,
                0.86581,
                339.943,
                213.734,
                0.888142,
                339.9,
                237.238,
                0.880623,
                332.092,
                144.309,
                0.937787,
                334.073,
                144.294,
                0.888043,
                326.282,
                145.281,
                0.821907,
                338.92,
                145.253,
                0.414599,
                339.95,
                241.126,
                0.66553,
                341.908,
                239.201,
                0.690574,
                337.99,
                238.221,
                0.694605,
                330.141,
                240.171,
                0.722537,
                325.241,
                239.231,
                0.753584,
                326.236,
                238.191,
                0.678892
            ],
            "face_keypoints_2d": [],
            "hand_left_keypoints_2d": [],
            "hand_right_keypoints_2d": [],
            "pose_keypoints_3d": [],
            "face_keypoints_3d": [],
            "hand_left_keypoints_3d": [],
            "hand_right_keypoints_3d": []
        }
    ]
}