{
    "version": 1.3,
    "people": [
        {
            "person_id": [
                -1
            ],
            "pose_keypoints_2d": [
                0,
                0,
                0,
                366.364,
                123.76,
                0.82624,
                387.908,
                121.824,
                0.840214,
                410.392,
                158.977,
                0.880863,
                420.168,
                191.246,
                0.823586,
                344.824,
                127.633,
                0.799071,
                339.906,
                168.714,
                0.887264,
                335.052,
                204.933,
                0.561139,
                380.083,
                188.302,
                0.643193,
                394.697,
                185.384,
                0.631423,
                381.991,
                247.013,
                0.809648,
                382.968,
                292.972,
                0.731737,
                369.295,
                190.268,
                0.625958,
                371.255,
                247.989,
                0.834948,
                394.687,
                304.702,
                0.784754,
                0,
                0,
                0,
                0,
                0,
                0,
                370.245,
                102.22,
                0.586636,
                349.747,
                102.223,
                0.847278,
                379.079,
                318.425,
                0.795435,
                383.942,
                318.448,
                0.727674,
                398.649,
                308.668,
                0.759327,
                371.233,
                301.797,
                0.449261,
                373.21,
                300.801,
                0.40715,
                382.974,
                294.948,
                0.420396
            ],
            "face_keypoints_2d": [],
            "hand_left_keypoints_2d": [],
            "hand_right_keypoints_2d": [],
            "pose_keypoints_3d": [],
            "face_keypoints_3d": [],
            "hand_left_keypoints_3d": [],
            "hand_right_keypoints_3d": []
        }
    ]
}