{
    "version": 1.3,
    "people": [
        {
            "person_id": [
                -1
            ],
            "pose_keypoints_2d": [
                402.541,
                67.0317,
                0.0789967,
                428.946,
                97.3178,
                0.819913,
                454.401,
                98.2837,
                0.772115,
                458.268,
                149.2,
                0.78423,
                458.322,
                185.413,
                0.734713,
                402.574,
                96.3471,
                0.766614,
                387.878,
                144.312,
                0.852845,
                374.183,
                191.207,
                0.820068,
                430.906,
                177.563,
                0.543663,
                444.588,
                176.583,
                0.557741,
                442.661,
                260.691,
                0.834985,
                442.624,
                331.134,
                0.774782,
                416.247,
                178.532,
                0.531422,
                425.041,
                259.712,
                0.78787,
                431.882,
                327.23,
                0.734875,
                0,
                0,
                0,
                403.472,
                65.0432,
                0.246884,
                433.797,
                66.0136,
                0.205729,
                410.367,
                63.0992,
                0.880511,
                410.373,
                335.055,
                0.745259,
                416.229,
                337.996,
                0.717648,
                434.857,
                334.085,
                0.613661,
                0,
                0,
                0,
                0,
                0,
                0,
                445.599,
                337.017,
                0.666754
            ],
            "face_keypoints_2d": [],
            "hand_left_keypoints_2d": [],
            "hand_right_keypoints_2d": [],
            "pose_keypoints_3d": [],
            "face_keypoints_3d": [],
            "hand_left_keypoints_3d": [],
            "hand_right_keypoints_3d": []
        }
    ]
}