{
    "version": 1.3,
    "people": [
        {
            "person_id": [
                -1
            ],
            "pose_keypoints_2d": [
                0,
                0,
                0,
                412.338,
                95.3991,
                0.809518,
                439.693,
                97.33,
                0.775949,
                443.638,
                149.182,
                0.79241,
                441.617,
                185.385,
                0.687356,
                386.898,
                93.4293,
                0.776155,
                373.206,
                143.323,
                0.837394,
                363.395,
                188.316,
                0.768423,
                418.182,
                177.554,
                0.628165,
                432.852,
                176.56,
                0.584375,
                433.83,
                260.682,
                0.813126,
                433.866,
                331.128,
                0.77876,
                403.488,
                179.505,
                0.586096,
                412.31,
                261.678,
                0.802994,
                422.114,
                327.228,
                0.73712,
                0,
                0,
                0,
                386.934,
                71.9073,
                0.10005,
                417.214,
                67.0374,
                0.285364,
                394.665,
                67.9914,
                0.895649,
                402.512,
                338.923,
                0.704889,
                406.441,
                339.897,
                0.720053,
                426.987,
                334.081,
                0.652662,
                418.153,
                339.953,
                0.0608805,
                0,
                0,
                0,
                435.8,
                337.013,
                0.679082
            ],
            "face_keypoints_2d": [],
            "hand_left_keypoints_2d": [],
            "hand_right_keypoints_2d": [],
            "pose_keypoints_3d": [],
            "face_keypoints_3d": [],
            "hand_left_keypoints_3d": [],
            "hand_right_keypoints_3d": []
        }
    ]
}