{
    "version": 1.3,
    "people": [
        {
            "person_id": [
                -1
            ],
            "pose_keypoints_2d": [
                0,
                0,
                0,
                433.799,
                90.4515,
                0.856968,
                457.282,
                92.4422,
                0.77566,
                0,
                0,
                0,
                0,
                0,
                0,
                409.387,
                87.5478,
                0.726114,
                370.263,
                82.6393,
                0.673791,
                346.785,
                80.7036,
                0.439057,
                433.843,
                175.6,
                0.572707,
                449.45,
                174.605,
                0.535731,
                447.516,
                256.808,
                0.753555,
                444.599,
                331.11,
                0.701686,
                418.217,
                176.575,
                0.559313,
                426.061,
                256.8,
                0.803067,
                434.805,
                328.209,
                0.740276,
                0,
                0,
                0,
                415.266,
                56.27,
                0.116706,
                443.658,
                61.1621,
                0.25692,
                421.139,
                58.1684,
                0.854145,
                413.304,
                335.031,
                0.710565,
                419.159,
                337.983,
                0.7298,
                440.69,
                334.103,
                0.553101,
                424.071,
                333.076,
                0.0584027,
                0,
                0,
                0,
                449.501,
                336.026,
                0.632372
            ],
            "face_keypoints_2d": [],
            "hand_left_keypoints_2d": [],
            "hand_right_keypoints_2d": [],
            "pose_keypoints_3d": [],
            "face_keypoints_3d": [],
            "hand_left_keypoints_3d": [],
            "hand_right_keypoints_3d": []
        }
    ]
}