{
    "version": 1.3,
    "people": [
        {
            "person_id": [
                -1
            ],
            "pose_keypoints_2d": [
                402.562,
                67.9802,
                0.084027,
                427.968,
                96.3766,
                0.826379,
                453.414,
                97.3473,
                0.781446,
                457.342,
                146.268,
                0.74052,
                457.331,
                184.442,
                0.720972,
                402.527,
                96.3315,
                0.757818,
                387.891,
                144.315,
                0.869094,
                377.107,
                191.206,
                0.818998,
                430.894,
                176.593,
                0.53096,
                443.656,
                175.612,
                0.541689,
                442.635,
                259.701,
                0.809733,
                441.712,
                331.118,
                0.76925,
                416.217,
                177.562,
                0.505592,
                425.036,
                258.747,
                0.773537,
                431.875,
                328.2,
                0.723761,
                0,
                0,
                0,
                402.573,
                66.0058,
                0.254521,
                432.847,
                66.0232,
                0.177043,
                410.322,
                64.0664,
                0.876864,
                410.366,
                335.049,
                0.733274,
                415.259,
                337.987,
                0.707637,
                435.784,
                335.05,
                0.60001,
                0,
                0,
                0,
                0,
                0,
                0,
                445.574,
                337.003,
                0.649814
            ],
            "face_keypoints_2d": [],
            "hand_left_keypoints_2d": [],
            "hand_right_keypoints_2d": [],
            "pose_keypoints_3d": [],
            "face_keypoints_3d": [],
            "hand_left_keypoints_3d": [],
            "hand_right_keypoints_3d": []
        }
    ]
}