{
    "version": 1.3,
    "people": [
        {
            "person_id": [
                -1
            ],
            "pose_keypoints_2d": [
                394.755,
                73.894,
                0.0633652,
                420.136,
                97.3153,
                0.85789,
                444.604,
                97.2973,
                0.792401,
                450.502,
                147.245,
                0.817332,
                446.549,
                183.457,
                0.610714,
                394.748,
                97.3295,
                0.813729,
                381.041,
                145.244,
                0.872481,
                370.241,
                189.285,
                0.771312,
                425.045,
                178.523,
                0.567406,
                439.692,
                176.578,
                0.546492,
                436.766,
                255.84,
                0.755736,
                436.788,
                330.152,
                0.690251,
                410.349,
                180.48,
                0.552731,
                418.222,
                260.719,
                0.822771,
                427.003,
                329.162,
                0.737572,
                0,
                0,
                0,
                394.75,
                70.9163,
                0.179568,
                424.056,
                67.0198,
                0.338613,
                402.493,
                67.0186,
                0.937793,
                406.468,
                336.987,
                0.706902,
                411.365,
                338.959,
                0.752383,
                433.806,
                335.059,
                0.587446,
                417.222,
                333.09,
                0.062149,
                0,
                0,
                0,
                441.673,
                336.044,
                0.617587
            ],
            "face_keypoints_2d": [],
            "hand_left_keypoints_2d": [],
            "hand_right_keypoints_2d": [],
            "pose_keypoints_3d": [],
            "face_keypoints_3d": [],
            "hand_left_keypoints_3d": [],
            "hand_right_keypoints_3d": []
        }
    ]
}