{
    "version": 1.3,
    "people": [
        {
            "person_id": [
                -1
            ],
            "pose_keypoints_2d": [
                0,
                0,
                0,
                334.085,
                154.073,
                0.898595,
                352.665,
                154.078,
                0.854108,
                362.425,
                184.434,
                0.828533,
                353.634,
                192.256,
                0.375592,
                317.407,
                153.133,
                0.912934,
                309.663,
                176.565,
                0.857399,
                309.57,
                199.037,
                0.878276,
                338.942,
                200.04,
                0.768736,
                347.805,
                200.032,
                0.811554,
                351.664,
                239.166,
                0.829964,
                362.443,
                259.734,
                0.69835,
                327.21,
                200.067,
                0.74839,
                324.275,
                238.221,
                0.884914,
                325.251,
                278.295,
                0.875406,
                0,
                0,
                0,
                0,
                0,
                0,
                339.963,
                136.474,
                0.793437,
                324.322,
                136.447,
                0.917837,
                323.311,
                279.312,
                0.432823,
                319.385,
                281.259,
                0.541132,
                326.237,
                283.211,
                0.770705,
                358.532,
                271.477,
                0.572494,
                363.413,
                270.493,
                0.527686,
                364.385,
                262.632,
                0.637763
            ],
            "face_keypoints_2d": [],
            "hand_left_keypoints_2d": [],
            "hand_right_keypoints_2d": [],
            "pose_keypoints_3d": [],
            "face_keypoints_3d": [],
            "hand_left_keypoints_3d": [],
            "hand_right_keypoints_3d": []
        }
    ]
}