{
    "version": 1.3,
    "people": [
        {
            "person_id": [
                -1
            ],
            "pose_keypoints_2d": [
                0,
                0,
                0,
                355.552,
                146.256,
                0.874854,
                375.17,
                145.277,
                0.822742,
                396.683,
                169.718,
                0.874361,
                405.464,
                203.956,
                0.769471,
                333.092,
                148.214,
                0.832077,
                326.239,
                186.365,
                0.823054,
                325.291,
                212.767,
                0.699001,
                371.202,
                201.04,
                0.68637,
                381.015,
                200.045,
                0.674895,
                359.517,
                252.879,
                0.774858,
                355.539,
                301.805,
                0.825835,
                358.522,
                202,
                0.633471,
                375.137,
                255.798,
                0.797696,
                402.525,
                300.793,
                0.85471,
                0,
                0,
                0,
                0,
                0,
                0,
                359.484,
                127.636,
                0.521383,
                340.938,
                127.665,
                0.901134,
                395.677,
                323.298,
                0.7548,
                402.537,
                319.414,
                0.68933,
                408.423,
                301.758,
                0.740637,
                342.869,
                304.705,
                0.464192,
                343.851,
                302.758,
                0.455192,
                356.548,
                308.622,
                0.770659
            ],
            "face_keypoints_2d": [],
            "hand_left_keypoints_2d": [],
            "hand_right_keypoints_2d": [],
            "pose_keypoints_3d": [],
            "face_keypoints_3d": [],
            "hand_left_keypoints_3d": [],
            "hand_right_keypoints_3d": []
        }
    ]
}