{
    "version": 1.3,
    "people": [
        {
            "person_id": [
                -1
            ],
            "pose_keypoints_2d": [
                0,
                0,
                0,
                347.732,
                154.107,
                0.879852,
                365.406,
                155.043,
                0.823229,
                379.06,
                190.286,
                0.868059,
                371.251,
                206.928,
                0.306375,
                325.303,
                154.112,
                0.858088,
                318.42,
                184.402,
                0.874359,
                318.397,
                214.721,
                0.877257,
                355.558,
                207.887,
                0.687944,
                367.323,
                206.912,
                0.650735,
                363.37,
                259.705,
                0.850579,
                371.24,
                306.669,
                0.840657,
                341.873,
                208.871,
                0.672471,
                338.925,
                259.718,
                0.829237,
                356.604,
                278.33,
                0.881906,
                0,
                0,
                0,
                0,
                0,
                0,
                349.757,
                136.473,
                0.610332,
                333.112,
                135.487,
                0.900084,
                363.452,
                298.845,
                0.385293,
                0,
                0,
                0,
                363.405,
                277.348,
                0.652107,
                364.389,
                308.653,
                0.644815,
                370.253,
                308.632,
                0.550923,
                372.181,
                309.641,
                0.830697
            ],
            "face_keypoints_2d": [],
            "hand_left_keypoints_2d": [],
            "hand_right_keypoints_2d": [],
            "pose_keypoints_3d": [],
            "face_keypoints_3d": [],
            "hand_left_keypoints_3d": [],
            "hand_right_keypoints_3d": []
        }
    ]
}