{
    "version": 1.3,
    "people": [
        {
            "person_id": [
                -1
            ],
            "pose_keypoints_2d": [
                0,
                0,
                0,
                387.894,
                98.3716,
                0.871807,
                418.152,
                100.276,
                0.775365,
                432.881,
                151.111,
                0.81231,
                434.879,
                194.197,
                0.81277,
                358.543,
                98.3499,
                0.789057,
                348.722,
                147.247,
                0.867441,
                339.972,
                197.117,
                0.796251,
                394.724,
                182.438,
                0.575348,
                411.32,
                179.521,
                0.555111,
                427.005,
                262.701,
                0.834456,
                443.63,
                340.929,
                0.733895,
                379.023,
                183.412,
                0.557098,
                371.21,
                269.485,
                0.767649,
                363.435,
                337.993,
                0.783041,
                0,
                0,
                0,
                0,
                0,
                0,
                389.827,
                74.8413,
                0.307673,
                366.331,
                77.7916,
                0.785298,
                340.9,
                340.919,
                0.695414,
                346.773,
                342.88,
                0.66704,
                366.347,
                343.859,
                0.65085,
                426.988,
                350.704,
                0.349241,
                428.95,
                348.775,
                0.354162,
                449.494,
                347.748,
                0.653148
            ],
            "face_keypoints_2d": [],
            "hand_left_keypoints_2d": [],
            "hand_right_keypoints_2d": [],
            "pose_keypoints_3d": [],
            "face_keypoints_3d": [],
            "hand_left_keypoints_3d": [],
            "hand_right_keypoints_3d": []
        }
    ]
}