{
    "version": 1.3,
    "people": [
        {
            "person_id": [
                -1
            ],
            "pose_keypoints_2d": [
                318.452,
                170.706,
                0.751956,
                324.282,
                178.539,
                0.882874,
                314.483,
                179.528,
                0.791071,
                301.817,
                175.607,
                0.881993,
                314.501,
                162.902,
                0.728926,
                333.072,
                177.554,
                0.829562,
                337.984,
                164.828,
                0.765786,
                330.14,
                153.135,
                0.77506,
                325.22,
                215.712,
                0.871493,
                317.457,
                215.727,
                0.85951,
                317.483,
                246.04,
                0.899053,
                318.433,
                270.511,
                0.889645,
                332.102,
                215.7,
                0.840271,
                331.15,
                246.055,
                0.901286,
                329.175,
                271.446,
                0.838018,
                316.491,
                168.752,
                0.72674,
                323.268,
                167.793,
                0.731805,
                316.406,
                169.721,
                0.096877,
                326.25,
                167.774,
                0.51077,
                326.272,
                278.267,
                0.783668,
                332.077,
                277.343,
                0.81625,
                328.197,
                273.434,
                0.650678,
                319.387,
                277.346,
                0.754795,
                317.4,
                277.31,
                0.77477,
                321.335,
                273.407,
                0.650881
            ],
            "face_keypoints_2d": [],
            "hand_left_keypoints_2d": [],
            "hand_right_keypoints_2d": [],
            "pose_keypoints_3d": [],
            "face_keypoints_3d": [],
            "hand_left_keypoints_3d": [],
            "hand_right_keypoints_3d": []
        }
    ]
}