{
    "version": 1.3,
    "people": [
        {
            "person_id": [
                -1
            ],
            "pose_keypoints_2d": [
                394.755,
                73.8871,
                0.084239,
                421.127,
                97.3294,
                0.826332,
                446.573,
                97.3411,
                0.784557,
                450.499,
                148.225,
                0.81367,
                446.561,
                184.415,
                0.620053,
                395.681,
                97.3231,
                0.808863,
                383.935,
                145.289,
                0.830902,
                371.216,
                188.312,
                0.752258,
                425.05,
                178.534,
                0.559794,
                439.696,
                176.585,
                0.531945,
                437.742,
                256.79,
                0.745428,
                436.8,
                330.147,
                0.695569,
                410.351,
                180.485,
                0.547287,
                418.237,
                261.65,
                0.837846,
                427.013,
                329.165,
                0.752228,
                0,
                0,
                0,
                395.65,
                68.9743,
                0.216411,
                425.039,
                67.0147,
                0.296363,
                402.521,
                66.9918,
                0.948069,
                407.435,
                336.996,
                0.731381,
                411.378,
                338.963,
                0.774643,
                433.803,
                335.048,
                0.614848,
                417.217,
                333.095,
                0.0608857,
                0,
                0,
                0,
                441.666,
                336.031,
                0.624762
            ],
            "face_keypoints_2d": [],
            "hand_left_keypoints_2d": [],
            "hand_right_keypoints_2d": [],
            "pose_keypoints_3d": [],
            "face_keypoints_3d": [],
            "hand_left_keypoints_3d": [],
            "hand_right_keypoints_3d": []
        }
    ]
}