{
    "version": 1.3,
    "people": [
        {
            "person_id": [
                -1
            ],
            "pose_keypoints_2d": [
                402.537,
                67.9793,
                0.050265,
                426.991,
                95.3835,
                0.843305,
                451.471,
                97.3361,
                0.804533,
                457.301,
                150.175,
                0.817445,
                449.506,
                185.373,
                0.628532,
                402.5,
                92.4674,
                0.749162,
                387.852,
                145.287,
                0.873754,
                378.073,
                190.289,
                0.825673,
                427.985,
                177.558,
                0.572119,
                442.638,
                176.58,
                0.584593,
                442.605,
                259.725,
                0.82497,
                441.711,
                330.165,
                0.763946,
                413.29,
                179.502,
                0.531375,
                423.07,
                258.737,
                0.753124,
                430.914,
                327.204,
                0.726326,
                0,
                0,
                0,
                402.512,
                66.0385,
                0.225201,
                431.892,
                66.0535,
                0.206516,
                409.364,
                65.0531,
                0.883184,
                410.35,
                335.045,
                0.734882,
                415.242,
                337.975,
                0.716048,
                434.855,
                334.082,
                0.598923,
                0,
                0,
                0,
                0,
                0,
                0,
                445.57,
                336.029,
                0.650257
            ],
            "face_keypoints_2d": [],
            "hand_left_keypoints_2d": [],
            "hand_right_keypoints_2d": [],
            "pose_keypoints_3d": [],
            "face_keypoints_3d": [],
            "hand_left_keypoints_3d": [],
            "hand_right_keypoints_3d": []
        }
    ]
}