{
    "version": 1.3,
    "people": [
        {
            "person_id": [
                -1
            ],
            "pose_keypoints_2d": [
                0,
                0,
                0,
                330.17,
                157.997,
                0.839831,
                347.791,
                156.039,
                0.846327,
                368.291,
                175.553,
                0.868956,
                371.262,
                201.052,
                0.85269,
                310.576,
                159.901,
                0.87972,
                308.62,
                185.403,
                0.833996,
                302.767,
                200.088,
                0.672987,
                338.925,
                203,
                0.70075,
                347.755,
                201.054,
                0.736101,
                338.965,
                242.102,
                0.754274,
                340.9,
                278.334,
                0.831723,
                327.24,
                204.954,
                0.681961,
                333.092,
                246.974,
                0.843201,
                347.725,
                286.157,
                0.783468,
                0,
                0,
                0,
                0,
                0,
                0,
                334.104,
                138.437,
                0.714697,
                318.422,
                138.415,
                0.853952,
                341.898,
                296.889,
                0.596929,
                342.878,
                296.891,
                0.603283,
                349.713,
                291.001,
                0.734261,
                331.135,
                286.122,
                0.561881,
                333.073,
                285.148,
                0.538639,
                342.86,
                282.237,
                0.518978
            ],
            "face_keypoints_2d": [],
            "hand_left_keypoints_2d": [],
            "hand_right_keypoints_2d": [],
            "pose_keypoints_3d": [],
            "face_keypoints_3d": [],
            "hand_left_keypoints_3d": [],
            "hand_right_keypoints_3d": []
        }
    ]
}