{
    "version": 1.3,
    "people": [
        {
            "person_id": [
                -1
            ],
            "pose_keypoints_2d": [
                0,
                0,
                0,
                412.308,
                95.3914,
                0.822625,
                437.77,
                97.311,
                0.774592,
                442.706,
                149.19,
                0.798608,
                441.625,
                186.369,
                0.673977,
                386.876,
                93.4186,
                0.77571,
                373.176,
                142.353,
                0.833462,
                363.377,
                186.35,
                0.790043,
                418.161,
                178.521,
                0.605001,
                432.836,
                176.589,
                0.565431,
                432.878,
                258.743,
                0.780398,
                433.827,
                331.108,
                0.764472,
                402.561,
                179.52,
                0.578041,
                411.367,
                261.658,
                0.822537,
                422.09,
                328.209,
                0.742103,
                0,
                0,
                0,
                386.917,
                71.9027,
                0.121639,
                416.242,
                67.0396,
                0.271203,
                393.748,
                68.0044,
                0.891826,
                401.548,
                337.99,
                0.735025,
                405.474,
                339.905,
                0.755064,
                427,
                335.032,
                0.656878,
                0,
                0,
                0,
                0,
                0,
                0,
                435.785,
                336.993,
                0.673717
            ],
            "face_keypoints_2d": [],
            "hand_left_keypoints_2d": [],
            "hand_right_keypoints_2d": [],
            "pose_keypoints_3d": [],
            "face_keypoints_3d": [],
            "hand_left_keypoints_3d": [],
            "hand_right_keypoints_3d": []
        }
    ]
}