{
    "version": 1.3,
    "people": [
        {
            "person_id": [
                -1
            ],
            "pose_keypoints_2d": [
                402.504,
                68.9617,
                0.0792397,
                427.043,
                95.3735,
                0.818176,
                452.441,
                97.3354,
                0.780236,
                457.297,
                149.183,
                0.789498,
                451.445,
                184.371,
                0.618031,
                402.547,
                92.4607,
                0.766047,
                388.832,
                144.293,
                0.868223,
                378.083,
                189.304,
                0.811727,
                428.974,
                176.593,
                0.554358,
                442.676,
                175.612,
                0.579532,
                442.608,
                259.71,
                0.81505,
                441.699,
                331.117,
                0.772189,
                415.246,
                177.565,
                0.516313,
                424.04,
                258.739,
                0.751398,
                430.914,
                327.225,
                0.731804,
                0,
                0,
                0,
                402.507,
                66.0497,
                0.286387,
                432.836,
                66.0622,
                0.165608,
                409.39,
                65.0526,
                0.896152,
                410.357,
                335.04,
                0.741072,
                415.247,
                337.973,
                0.716525,
                434.845,
                334.089,
                0.607748,
                0,
                0,
                0,
                0,
                0,
                0,
                444.614,
                337.003,
                0.654808
            ],
            "face_keypoints_2d": [],
            "hand_left_keypoints_2d": [],
            "hand_right_keypoints_2d": [],
            "pose_keypoints_3d": [],
            "face_keypoints_3d": [],
            "hand_left_keypoints_3d": [],
            "hand_right_keypoints_3d": []
        }
    ]
}