{
    "version": 1.3,
    "people": [
        {
            "person_id": [
                -1
            ],
            "pose_keypoints_2d": [
                0,
                0,
                0,
                418.171,
                92.4726,
                0.831983,
                442.642,
                96.3333,
                0.811016,
                449.454,
                147.244,
                0.793459,
                442.658,
                184.42,
                0.66372,
                389.821,
                91.4935,
                0.757191,
                379.089,
                142.32,
                0.843038,
                365.398,
                190.26,
                0.716911,
                420.155,
                175.606,
                0.599855,
                434.787,
                174.621,
                0.601949,
                434.844,
                259.71,
                0.808013,
                434.871,
                330.146,
                0.736061,
                406.444,
                176.573,
                0.526442,
                417.227,
                261.678,
                0.832422,
                425.975,
                328.2,
                0.754827,
                0,
                0,
                0,
                392.778,
                72.8661,
                0.130685,
                420.143,
                66.9908,
                0.263022,
                397.664,
                67.0682,
                0.85624,
                403.546,
                337.006,
                0.693303,
                410.34,
                338.973,
                0.723535,
                428.94,
                335.039,
                0.636397,
                0,
                0,
                0,
                0,
                0,
                0,
                439.723,
                336.025,
                0.66583
            ],
            "face_keypoints_2d": [],
            "hand_left_keypoints_2d": [],
            "hand_right_keypoints_2d": [],
            "pose_keypoints_3d": [],
            "face_keypoints_3d": [],
            "hand_left_keypoints_3d": [],
            "hand_right_keypoints_3d": []
        }
    ]
}