{
    "version": 1.3,
    "people": [
        {
            "person_id": [
                -1
            ],
            "pose_keypoints_2d": [
                0,
                0,
                0,
                334.049,
                161.906,
                0.895799,
                347.784,
                161.942,
                0.854769,
                370.241,
                168.757,
                0.628556,
                388.876,
                175.571,
                0.590161,
                322.309,
                160.952,
                0.835489,
                296.903,
                161.911,
                0.783861,
                277.285,
                163.875,
                0.750669,
                332.135,
                205.889,
                0.804684,
                339.974,
                205.906,
                0.794266,
                338.974,
                239.176,
                0.859499,
                334.106,
                272.437,
                0.717456,
                324.305,
                204.951,
                0.80389,
                322.323,
                231.389,
                0.673227,
                323.287,
                255.809,
                0.569208,
                0,
                0,
                0,
                0,
                0,
                0,
                339.951,
                147.215,
                0.439314,
                328.191,
                147.251,
                0.753497,
                323.266,
                262.675,
                0.329632,
                321.34,
                261.668,
                0.37849,
                323.276,
                259.722,
                0.490377,
                333.075,
                284.16,
                0.572465,
                335.068,
                283.192,
                0.579808,
                333.109,
                277.308,
                0.681405
            ],
            "face_keypoints_2d": [],
            "hand_left_keypoints_2d": [],
            "hand_right_keypoints_2d": [],
            "pose_keypoints_3d": [],
            "face_keypoints_3d": [],
            "hand_left_keypoints_3d": [],
            "hand_right_keypoints_3d": []
        }
    ]
}