{
    "version": 1.3,
    "people": [
        {
            "person_id": [
                -1
            ],
            "pose_keypoints_2d": [
                0,
                0,
                0,
                425.033,
                97.296,
                0.830543,
                449.482,
                97.343,
                0.835912,
                455.342,
                148.225,
                0.753832,
                448.526,
                185.378,
                0.643544,
                397.651,
                96.3711,
                0.762498,
                385.931,
                144.325,
                0.879016,
                372.202,
                191.273,
                0.788358,
                426.05,
                177.569,
                0.588418,
                441.629,
                176.587,
                0.557448,
                440.668,
                259.723,
                0.774468,
                441.624,
                331.122,
                0.748552,
                411.372,
                179.504,
                0.541403,
                419.211,
                260.705,
                0.801781,
                428.943,
                330.139,
                0.750643,
                0,
                0,
                0,
                396.669,
                67.0116,
                0.148064,
                426.986,
                66.0774,
                0.255787,
                403.558,
                66.0414,
                0.913643,
                409.382,
                337.954,
                0.749241,
                413.303,
                339.888,
                0.768876,
                434.794,
                336.015,
                0.649895,
                0,
                0,
                0,
                0,
                0,
                0,
                442.684,
                337.017,
                0.665376
            ],
            "face_keypoints_2d": [],
            "hand_left_keypoints_2d": [],
            "hand_right_keypoints_2d": [],
            "pose_keypoints_3d": [],
            "face_keypoints_3d": [],
            "hand_left_keypoints_3d": [],
            "hand_right_keypoints_3d": []
        }
    ]
}