{
    "version": 1.3,
    "people": [
        {
            "person_id": [
                -1
            ],
            "pose_keypoints_2d": [
                0,
                0,
                0,
                380.077,
                99.334,
                0.842916,
                408.392,
                99.312,
                0.766254,
                426.981,
                151.136,
                0.808987,
                433.808,
                198.088,
                0.791507,
                352.646,
                101.265,
                0.727387,
                341.931,
                149.171,
                0.81267,
                336.987,
                194.203,
                0.753432,
                388.873,
                181.461,
                0.536651,
                405.488,
                177.561,
                0.533936,
                424.072,
                259.722,
                0.762694,
                446.565,
                334.068,
                0.710601,
                372.24,
                183.423,
                0.534629,
                369.258,
                270.462,
                0.748018,
                364.403,
                336.023,
                0.79022,
                0,
                0,
                0,
                0,
                0,
                0,
                381.988,
                74.8569,
                0.405239,
                359.485,
                78.7645,
                0.795336,
                342.861,
                340.935,
                0.716818,
                348.733,
                342.889,
                0.724597,
                369.297,
                342.856,
                0.686987,
                433.859,
                348.771,
                0.449594,
                434.851,
                348.704,
                0.415665,
                450.46,
                340.932,
                0.641356
            ],
            "face_keypoints_2d": [],
            "hand_left_keypoints_2d": [],
            "hand_right_keypoints_2d": [],
            "pose_keypoints_3d": [],
            "face_keypoints_3d": [],
            "hand_left_keypoints_3d": [],
            "hand_right_keypoints_3d": []
        }
    ]
}