{
    "version": 1.3,
    "people": [
        {
            "person_id": [
                -1
            ],
            "pose_keypoints_2d": [
                0,
                0,
                0,
                333.052,
                150.151,
                0.86149,
                349.719,
                149.188,
                0.827253,
                363.359,
                174.612,
                0.7397,
                357.572,
                192.226,
                0.39339,
                315.483,
                150.181,
                0.830697,
                314.487,
                177.545,
                0.827792,
                310.614,
                202.979,
                0.78929,
                339.97,
                197.113,
                0.758659,
                350.706,
                194.206,
                0.679017,
                355.561,
                246.001,
                0.884904,
                371.267,
                261.661,
                0.763521,
                329.17,
                198.108,
                0.695212,
                324.234,
                242.108,
                0.827943,
                328.213,
                286.104,
                0.833334,
                0,
                0,
                0,
                0,
                0,
                0,
                337.968,
                129.651,
                0.815848,
                320.383,
                129.64,
                0.861751,
                326.267,
                286.168,
                0.495484,
                324.306,
                288.088,
                0.628953,
                331.107,
                291.035,
                0.779431,
                375.151,
                279.277,
                0.819604,
                378.098,
                278.29,
                0.754256,
                376.124,
                261.653,
                0.5962
            ],
            "face_keypoints_2d": [],
            "hand_left_keypoints_2d": [],
            "hand_right_keypoints_2d": [],
            "pose_keypoints_3d": [],
            "face_keypoints_3d": [],
            "hand_left_keypoints_3d": [],
            "hand_right_keypoints_3d": []
        }
    ]
}