{
    "version": 1.3,
    "people": [
        {
            "person_id": [
                -1
            ],
            "pose_keypoints_2d": [
                0,
                0,
                0,
                433.874,
                86.587,
                0.86484,
                457.287,
                88.5277,
                0.782602,
                475.926,
                62.13,
                0.675979,
                495.444,
                41.5472,
                0.826213,
                411.32,
                84.6302,
                0.74391,
                375.152,
                43.5869,
                0.742444,
                346.754,
                12.2131,
                0.783702,
                433.821,
                174.612,
                0.567116,
                448.501,
                173.628,
                0.530424,
                447.543,
                259.727,
                0.762124,
                448.531,
                332.088,
                0.73118,
                418.211,
                175.585,
                0.547623,
                427.02,
                259.717,
                0.790181,
                436.781,
                331.113,
                0.734306,
                0,
                0,
                0,
                411.365,
                57.2112,
                0.166832,
                438.745,
                61.1457,
                0.145009,
                418.209,
                59.1872,
                0.940022,
                416.248,
                337.009,
                0.726661,
                420.168,
                339.897,
                0.753918,
                442.666,
                337.96,
                0.587981,
                425.048,
                336.974,
                0.0555281,
                0,
                0,
                0,
                451.437,
                338.93,
                0.626229
            ],
            "face_keypoints_2d": [],
            "hand_left_keypoints_2d": [],
            "hand_right_keypoints_2d": [],
            "pose_keypoints_3d": [],
            "face_keypoints_3d": [],
            "hand_left_keypoints_3d": [],
            "hand_right_keypoints_3d": []
        }
    ]
}