{
    "version": 1.3,
    "people": [
        {
            "person_id": [
                -1
            ],
            "pose_keypoints_2d": [
                333.117,
                150.182,
                0.861053,
                333.096,
                159.896,
                0.914874,
                324.319,
                159.894,
                0.90223,
                316.421,
                158.973,
                0.340421,
                0,
                0,
                0,
                341.896,
                158.967,
                0.864744,
                359.5,
                155.055,
                0.720204,
                378.065,
                153.149,
                0.705481,
                333.125,
                186.355,
                0.856597,
                328.195,
                186.344,
                0.807885,
                328.192,
                213.741,
                0.842917,
                325.287,
                238.186,
                0.873724,
                339.949,
                186.355,
                0.858217,
                339.921,
                213.744,
                0.899213,
                339.911,
                238.156,
                0.892414,
                332.129,
                147.229,
                0.882181,
                334.108,
                146.291,
                0.816828,
                328.183,
                150.153,
                0.709275,
                338.96,
                149.203,
                0.422725,
                340.887,
                241.127,
                0.697807,
                342.87,
                239.205,
                0.699957,
                338.921,
                238.246,
                0.70648,
                329.163,
                242.104,
                0.64232,
                324.297,
                241.121,
                0.669786,
                326.252,
                239.175,
                0.672499
            ],
            "face_keypoints_2d": [],
            "hand_left_keypoints_2d": [],
            "hand_right_keypoints_2d": [],
            "pose_keypoints_3d": [],
            "face_keypoints_3d": [],
            "hand_left_keypoints_3d": [],
            "hand_right_keypoints_3d": []
        }
    ]
}