{
    "version": 1.3,
    "people": [
        {
            "person_id": [
                -1
            ],
            "pose_keypoints_2d": [
                0,
                0,
                0,
                379.104,
                98.3355,
                0.891963,
                403.491,
                99.3159,
                0.819596,
                414.282,
                152.095,
                0.804554,
                410.358,
                191.224,
                0.710708,
                353.645,
                98.2958,
                0.807958,
                339.946,
                146.272,
                0.864498,
                329.159,
                191.224,
                0.78203,
                386.856,
                177.57,
                0.593501,
                401.526,
                176.579,
                0.560025,
                401.575,
                258.733,
                0.790875,
                403.506,
                330.139,
                0.776764,
                371.271,
                179.504,
                0.580082,
                380.003,
                261.711,
                0.854553,
                391.769,
                331.104,
                0.728855,
                0,
                0,
                0,
                0,
                0,
                0,
                380.004,
                73.8749,
                0.405473,
                356.599,
                76.783,
                0.828461,
                371.251,
                340.882,
                0.85776,
                378.09,
                340.957,
                0.778471,
                395.738,
                336.987,
                0.664427,
                377.09,
                338.924,
                0.0739273,
                0,
                0,
                0,
                407.424,
                335.07,
                0.693197
            ],
            "face_keypoints_2d": [],
            "hand_left_keypoints_2d": [],
            "hand_right_keypoints_2d": [],
            "pose_keypoints_3d": [],
            "face_keypoints_3d": [],
            "hand_left_keypoints_3d": [],
            "hand_right_keypoints_3d": []
        }
    ]
}