{
    "version": 1.3,
    "people": [
        {
            "person_id": [
                -1
            ],
            "pose_keypoints_2d": [
                0,
                0,
                0,
                346.798,
                91.4781,
                0.833618,
                384.937,
                90.4699,
                0.753377,
                403.531,
                145.314,
                0.836899,
                412.32,
                201.053,
                0.802768,
                307.652,
                95.3831,
                0.710431,
                292.977,
                157.019,
                0.821244,
                291.974,
                208.857,
                0.747246,
                351.672,
                185.396,
                0.521261,
                373.2,
                184.414,
                0.510761,
                396.696,
                283.194,
                0.759237,
                418.201,
                357.557,
                0.825692,
                330.145,
                187.331,
                0.494627,
                319.405,
                285.136,
                0.66316,
                308.632,
                357.58,
                0.0851877,
                0,
                0,
                0,
                0,
                0,
                0,
                357.57,
                59.1719,
                0.881729,
                325.254,
                59.2323,
                0.908954,
                0,
                0,
                0,
                0,
                0,
                0,
                0,
                0,
                0,
                418.178,
                357.568,
                0.214515,
                420.156,
                357.569,
                0.220273,
                419.161,
                357.572,
                0.531808
            ],
            "face_keypoints_2d": [],
            "hand_left_keypoints_2d": [],
            "hand_right_keypoints_2d": [],
            "pose_keypoints_3d": [],
            "face_keypoints_3d": [],
            "hand_left_keypoints_3d": [],
            "hand_right_keypoints_3d": []
        }
    ]
}