{
    "version": 1.3,
    "people": [
        {
            "person_id": [
                -1
            ],
            "pose_keypoints_2d": [
                346.776,
                191.277,
                0.128343,
                341.905,
                190.245,
                0.863885,
                334.083,
                190.275,
                0.817031,
                330.149,
                202.029,
                0.774067,
                325.287,
                217.668,
                0.693419,
                349.732,
                189.282,
                0.784063,
                355.529,
                199.026,
                0.773465,
                354.627,
                207.872,
                0.716777,
                341.928,
                205.941,
                0.830904,
                338.949,
                206.868,
                0.843186,
                340.882,
                223.506,
                0.908049,
                343.853,
                245.054,
                0.840651,
                348.703,
                205.914,
                0.846303,
                355.575,
                221.55,
                0.856481,
                356.617,
                242.123,
                0.818575,
                346.743,
                190.249,
                0.102459,
                347.713,
                191.23,
                0.0850793,
                340.932,
                184.397,
                0.1812,
                0,
                0,
                0,
                359.489,
                246.067,
                0.67881,
                362.422,
                246,
                0.683431,
                356.566,
                245.059,
                0.685768,
                347.725,
                248.01,
                0.798608,
                341.922,
                247.981,
                0.773115,
                345.81,
                246.052,
                0.760366
            ],
            "face_keypoints_2d": [],
            "hand_left_keypoints_2d": [],
            "hand_right_keypoints_2d": [],
            "pose_keypoints_3d": [],
            "face_keypoints_3d": [],
            "hand_left_keypoints_3d": [],
            "hand_right_keypoints_3d": []
        }
    ]
}