{
    "version": 1.3,
    "people": [
        {
            "person_id": [
                -1
            ],
            "pose_keypoints_2d": [
                0,
                0,
                0,
                415.257,
                90.5347,
                0.825739,
                442.666,
                93.4157,
                0.781913,
                449.477,
                151.137,
                0.793032,
                441.705,
                185.388,
                0.654175,
                386.87,
                89.5529,
                0.793213,
                372.203,
                144.253,
                0.879852,
                360.492,
                189.292,
                0.770957,
                415.261,
                183.408,
                0.525646,
                433.797,
                183.434,
                0.554759,
                438.715,
                270.502,
                0.701712,
                441.654,
                349.705,
                0.696064,
                395.735,
                182.446,
                0.51124,
                371.231,
                255.812,
                0.828719,
                348.73,
                316.49,
                0.829774,
                0,
                0,
                0,
                386.881,
                66.9965,
                0.12232,
                418.207,
                65.0732,
                0.272476,
                393.731,
                65.0711,
                0.888106,
                331.121,
                331.15,
                0.621065,
                333.119,
                332.087,
                0.705461,
                351.684,
                324.243,
                0.692075,
                425.022,
                357.549,
                0.223785,
                426.021,
                357.545,
                0.206348,
                442.667,
                357.562,
                0.526526
            ],
            "face_keypoints_2d": [],
            "hand_left_keypoints_2d": [],
            "hand_right_keypoints_2d": [],
            "pose_keypoints_3d": [],
            "face_keypoints_3d": [],
            "hand_left_keypoints_3d": [],
            "hand_right_keypoints_3d": []
        }
    ]
}