{
    "version": 1.3,
    "people": [
        {
            "person_id": [
                -1
            ],
            "pose_keypoints_2d": [
                0,
                0,
                0,
                414.297,
                92.456,
                0.778338,
                440.663,
                95.3725,
                0.763477,
                445.585,
                146.234,
                0.771293,
                441.692,
                187.326,
                0.604475,
                387.896,
                91.5049,
                0.794847,
                377.116,
                141.346,
                0.800316,
                363.437,
                186.367,
                0.78918,
                419.159,
                176.571,
                0.62053,
                433.826,
                175.579,
                0.591318,
                433.863,
                259.724,
                0.808672,
                434.786,
                331.121,
                0.771986,
                404.489,
                177.555,
                0.559201,
                414.293,
                261.637,
                0.760204,
                424.05,
                328.188,
                0.732121,
                0,
                0,
                0,
                387.893,
                71.9048,
                0.110338,
                418.196,
                67.012,
                0.305495,
                394.716,
                67.0517,
                0.920036,
                402.576,
                337.976,
                0.731176,
                409.359,
                339.89,
                0.738252,
                427.025,
                334.1,
                0.655289,
                0,
                0,
                0,
                0,
                0,
                0,
                436.769,
                337.961,
                0.669137
            ],
            "face_keypoints_2d": [],
            "hand_left_keypoints_2d": [],
            "hand_right_keypoints_2d": [],
            "pose_keypoints_3d": [],
            "face_keypoints_3d": [],
            "hand_left_keypoints_3d": [],
            "hand_right_keypoints_3d": []
        }
    ]
}