{
    "version": 1.3,
    "people": [
        {
            "person_id": [
                -1
            ],
            "pose_keypoints_2d": [
                0,
                0,
                0,
                336.022,
                167.754,
                0.877169,
                352.638,
                167.755,
                0.85972,
                371.238,
                185.412,
                0.864027,
                383.968,
                205.886,
                0.780888,
                320.377,
                167.743,
                0.864777,
                309.617,
                190.257,
                0.821092,
                308.621,
                199.056,
                0.543144,
                337.001,
                208.854,
                0.739815,
                346.783,
                208.867,
                0.757094,
                340.882,
                245.06,
                0.790733,
                333.06,
                278.307,
                0.745537,
                326.273,
                208.864,
                0.748988,
                332.071,
                246.054,
                0.760188,
                344.844,
                262.699,
                0.641815,
                0,
                0,
                0,
                0,
                0,
                0,
                344.809,
                146.268,
                0.762371,
                330.147,
                148.209,
                0.784078,
                350.686,
                273.42,
                0.351747,
                349.729,
                271.452,
                0.452361,
                348.728,
                264.602,
                0.524202,
                327.23,
                286.11,
                0.591193,
                332.113,
                285.177,
                0.569621,
                332.14,
                284.171,
                0.655724
            ],
            "face_keypoints_2d": [],
            "hand_left_keypoints_2d": [],
            "hand_right_keypoints_2d": [],
            "pose_keypoints_3d": [],
            "face_keypoints_3d": [],
            "hand_left_keypoints_3d": [],
            "hand_right_keypoints_3d": []
        }
    ]
}