{
    "version": 1.3,
    "people": [
        {
            "person_id": [
                -1
            ],
            "pose_keypoints_2d": [
                0,
                0,
                0,
                338.923,
                168.79,
                0.894237,
                355.594,
                168.749,
                0.903556,
                371.234,
                192.24,
                0.877243,
                379.075,
                215.673,
                0.906122,
                318.452,
                169.749,
                0.847314,
                316.41,
                199.026,
                0.871716,
                322.33,
                215.708,
                0.757942,
                340.902,
                215.678,
                0.840491,
                349.737,
                214.742,
                0.776263,
                343.837,
                247.027,
                0.718765,
                345.814,
                276.362,
                0.61109,
                332.107,
                215.727,
                0.802552,
                336.006,
                253.844,
                0.821565,
                346.748,
                286.133,
                0.828107,
                0,
                0,
                0,
                0,
                0,
                0,
                346.773,
                147.25,
                0.798451,
                330.17,
                150.143,
                0.817956,
                342.885,
                300.763,
                0.671739,
                340.942,
                298.843,
                0.691771,
                348.739,
                291.018,
                0.804594,
                341.884,
                298.823,
                0.15226,
                343.852,
                292.97,
                0.108714,
                347.761,
                278.299,
                0.345415
            ],
            "face_keypoints_2d": [],
            "hand_left_keypoints_2d": [],
            "hand_right_keypoints_2d": [],
            "pose_keypoints_3d": [],
            "face_keypoints_3d": [],
            "hand_left_keypoints_3d": [],
            "hand_right_keypoints_3d": []
        }
    ]
}