{
    "version": 1.3,
    "people": [
        {
            "person_id": [
                -1
            ],
            "pose_keypoints_2d": [
                0,
                0,
                0,
                426.026,
                96.3591,
                0.852891,
                450.465,
                97.2975,
                0.833471,
                457.274,
                147.221,
                0.802071,
                449.525,
                186.351,
                0.613138,
                401.536,
                95.395,
                0.754013,
                386.933,
                144.319,
                0.885176,
                377.097,
                187.33,
                0.743176,
                427.043,
                178.534,
                0.565654,
                441.706,
                177.545,
                0.570699,
                441.709,
                261.639,
                0.834092,
                441.677,
                331.126,
                0.764449,
                413.297,
                180.486,
                0.515182,
                423.075,
                261.634,
                0.769961,
                430.894,
                327.238,
                0.734316,
                0,
                0,
                0,
                401.535,
                66.0639,
                0.136811,
                430.911,
                66.0192,
                0.298328,
                407.442,
                65.062,
                0.857898,
                410.358,
                336.037,
                0.75855,
                415.241,
                338.946,
                0.744701,
                434.834,
                334.1,
                0.613551,
                0,
                0,
                0,
                0,
                0,
                0,
                443.624,
                337.975,
                0.642774
            ],
            "face_keypoints_2d": [],
            "hand_left_keypoints_2d": [],
            "hand_right_keypoints_2d": [],
            "pose_keypoints_3d": [],
            "face_keypoints_3d": [],
            "hand_left_keypoints_3d": [],
            "hand_right_keypoints_3d": []
        }
    ]
}