{
    "version": 1.3,
    "people": [
        {
            "person_id": [
                -1
            ],
            "pose_keypoints_2d": [
                0,
                0,
                0,
                430.915,
                83.6577,
                0.796011,
                451.442,
                86.5855,
                0.791577,
                434.822,
                65.0563,
                0.505554,
                419.135,
                35.7033,
                0.831013,
                407.427,
                82.7107,
                0.744832,
                382.004,
                50.3691,
                0.75349,
                369.283,
                21.0683,
                0.790283,
                429.938,
                174.604,
                0.52348,
                443.634,
                170.712,
                0.551273,
                443.63,
                258.755,
                0.776803,
                445.576,
                330.16,
                0.719283,
                415.253,
                175.597,
                0.49669,
                426.043,
                256.79,
                0.817158,
                434.816,
                329.162,
                0.749162,
                0,
                0,
                0,
                417.178,
                50.4201,
                0.0755672,
                440.703,
                65.071,
                0.222319,
                419.136,
                58.2584,
                0.994028,
                413.318,
                335.04,
                0.722843,
                419.172,
                337.994,
                0.749291,
                441.638,
                334.1,
                0.573212,
                424.076,
                332.152,
                0.0549034,
                0,
                0,
                0,
                450.434,
                335.052,
                0.654231
            ],
            "face_keypoints_2d": [],
            "hand_left_keypoints_2d": [],
            "hand_right_keypoints_2d": [],
            "pose_keypoints_3d": [],
            "face_keypoints_3d": [],
            "hand_left_keypoints_3d": [],
            "hand_right_keypoints_3d": []
        }
    ]
}