{
    "version": 1.3,
    "people": [
        {
            "person_id": [
                -1
            ],
            "pose_keypoints_2d": [
                0,
                0,
                0,
                367.322,
                99.3165,
                0.811384,
                394.691,
                101.244,
                0.771992,
                411.345,
                151.12,
                0.83446,
                411.373,
                191.221,
                0.780673,
                339.953,
                100.273,
                0.799774,
                325.233,
                149.183,
                0.866625,
                316.454,
                192.241,
                0.833987,
                379.084,
                179.513,
                0.597632,
                394.739,
                177.556,
                0.586891,
                397.672,
                257.755,
                0.757751,
                408.401,
                332.077,
                0.754364,
                363.443,
                182.424,
                0.591346,
                370.225,
                263.656,
                0.772033,
                375.136,
                333.101,
                0.774771,
                0,
                0,
                0,
                0,
                0,
                0,
                368.321,
                75.8487,
                0.460973,
                346.781,
                80.7194,
                0.868585,
                355.612,
                340.902,
                0.760231,
                358.543,
                340.958,
                0.754319,
                379.093,
                339.954,
                0.811033,
                392.758,
                337.015,
                0.457569,
                395.697,
                334.099,
                0.374003,
                410.369,
                338.964,
                0.765105
            ],
            "face_keypoints_2d": [],
            "hand_left_keypoints_2d": [],
            "hand_right_keypoints_2d": [],
            "pose_keypoints_3d": [],
            "face_keypoints_3d": [],
            "hand_left_keypoints_3d": [],
            "hand_right_keypoints_3d": []
        }
    ]
}