{
    "version": 1.3,
    "people": [
        {
            "person_id": [
                -1
            ],
            "pose_keypoints_2d": [
                403.56,
                64.0932,
                0.0545621,
                429.924,
                97.3283,
                0.822509,
                456.332,
                98.3125,
                0.795047,
                458.299,
                146.252,
                0.808372,
                462.222,
                191.27,
                0.707232,
                403.51,
                96.3464,
                0.758598,
                386.923,
                144.288,
                0.844293,
                372.212,
                191.226,
                0.820567,
                431.894,
                177.565,
                0.540356,
                446.546,
                176.583,
                0.53732,
                442.688,
                259.723,
                0.816101,
                442.678,
                330.168,
                0.767648,
                417.199,
                178.539,
                0.538556,
                425.983,
                259.72,
                0.806074,
                432.853,
                328.197,
                0.742905,
                0,
                0,
                0,
                405.483,
                59.2127,
                0.219415,
                434.873,
                66.0236,
                0.21431,
                412.334,
                60.1765,
                0.869595,
                410.397,
                335.044,
                0.733412,
                417.186,
                338.923,
                0.709211,
                435.804,
                334.087,
                0.629867,
                0,
                0,
                0,
                0,
                0,
                0,
                447.545,
                335.068,
                0.689148
            ],
            "face_keypoints_2d": [],
            "hand_left_keypoints_2d": [],
            "hand_right_keypoints_2d": [],
            "pose_keypoints_3d": [],
            "face_keypoints_3d": [],
            "hand_left_keypoints_3d": [],
            "hand_right_keypoints_3d": []
        }
    ]
}