{
    "version": 1.3,
    "people": [
        {
            "person_id": [
                -1
            ],
            "pose_keypoints_2d": [
                0,
                0,
                0,
                419.178,
                97.351,
                0.877219,
                443.624,
                97.3416,
                0.809124,
                449.492,
                151.138,
                0.850868,
                444.627,
                184.423,
                0.653934,
                394.681,
                97.3302,
                0.794567,
                380.008,
                144.304,
                0.900854,
                367.328,
                190.286,
                0.790986,
                422.112,
                178.546,
                0.550781,
                434.865,
                177.557,
                0.572501,
                435.796,
                258.756,
                0.778159,
                435.802,
                329.187,
                0.729481,
                408.402,
                180.497,
                0.532127,
                418.176,
                261.672,
                0.846188,
                426.018,
                328.212,
                0.755231,
                0,
                0,
                0,
                393.751,
                71.8908,
                0.133,
                421.142,
                67.0427,
                0.21161,
                399.587,
                67.06,
                0.872049,
                404.502,
                337.009,
                0.683624,
                410.368,
                338.969,
                0.717308,
                429.928,
                335.033,
                0.628812,
                0,
                0,
                0,
                0,
                0,
                0,
                440.678,
                335.058,
                0.667269
            ],
            "face_keypoints_2d": [],
            "hand_left_keypoints_2d": [],
            "hand_right_keypoints_2d": [],
            "pose_keypoints_3d": [],
            "face_keypoints_3d": [],
            "hand_left_keypoints_3d": [],
            "hand_right_keypoints_3d": []
        }
    ]
}