{
    "version": 1.3,
    "people": [
        {
            "person_id": [
                -1
            ],
            "pose_keypoints_2d": [
                0,
                0,
                0,
                345.793,
                192.232,
                0.877893,
                336.006,
                193.19,
                0.819652,
                326.277,
                207.891,
                0.817415,
                324.232,
                223.565,
                0.773094,
                355.555,
                191.278,
                0.83955,
                367.313,
                195.149,
                0.53782,
                378.072,
                199.074,
                0.424722,
                347.732,
                210.828,
                0.846234,
                340.922,
                211.791,
                0.811685,
                345.798,
                226.48,
                0.816739,
                347.734,
                247.043,
                0.93871,
                352.638,
                209.855,
                0.797974,
                355.618,
                228.43,
                0.857178,
                355.618,
                247.019,
                0.900905,
                0,
                0,
                0,
                0,
                0,
                0,
                339.982,
                184.454,
                0.0802821,
                0,
                0,
                0,
                356.548,
                252.885,
                0.693491,
                358.511,
                251.875,
                0.657524,
                355.563,
                248.023,
                0.658403,
                348.703,
                253.82,
                0.858762,
                345.802,
                252.875,
                0.787247,
                347.785,
                249.929,
                0.744446
            ],
            "face_keypoints_2d": [],
            "hand_left_keypoints_2d": [],
            "hand_right_keypoints_2d": [],
            "pose_keypoints_3d": [],
            "face_keypoints_3d": [],
            "hand_left_keypoints_3d": [],
            "hand_right_keypoints_3d": []
        }
    ]
}