{
    "version": 1.3,
    "people": [
        {
            "person_id": [
                -1
            ],
            "pose_keypoints_2d": [
                0,
                0,
                0,
                322.322,
                144.276,
                0.877721,
                332.119,
                142.322,
                0.851837,
                338.968,
                158.935,
                0.763397,
                339.93,
                168.744,
                0.283575,
                309.647,
                145.252,
                0.888207,
                308.598,
                159.95,
                0.79084,
                308.661,
                169.734,
                0.668547,
                327.235,
                172.677,
                0.766882,
                334.058,
                170.718,
                0.763945,
                339.897,
                202.987,
                0.838443,
                341.875,
                231.365,
                0.816284,
                322.314,
                174.609,
                0.766995,
                325.292,
                206.86,
                0.88105,
                331.094,
                236.242,
                0.755561,
                0,
                0,
                0,
                0,
                0,
                0,
                323.266,
                130.602,
                0.636074,
                313.541,
                134.504,
                0.616997,
                330.148,
                244.078,
                0.442211,
                327.236,
                244.055,
                0.499554,
                332.063,
                240.153,
                0.700001,
                342.87,
                237.234,
                0.299247,
                346.755,
                237.202,
                0.360411,
                340.965,
                236.239,
                0.665957
            ],
            "face_keypoints_2d": [],
            "hand_left_keypoints_2d": [],
            "hand_right_keypoints_2d": [],
            "pose_keypoints_3d": [],
            "face_keypoints_3d": [],
            "hand_left_keypoints_3d": [],
            "hand_right_keypoints_3d": []
        }
    ]
}