{
    "version": 1.3,
    "people": [
        {
            "person_id": [
                -1
            ],
            "pose_keypoints_2d": [
                0,
                0,
                0,
                433.847,
                88.5016,
                0.870171,
                457.294,
                89.4853,
                0.795861,
                478.844,
                61.1584,
                0.664709,
                496.406,
                42.5231,
                0.871887,
                411.312,
                86.5805,
                0.740857,
                372.267,
                45.5117,
                0.774357,
                340.923,
                12.2256,
                0.827063,
                432.878,
                175.579,
                0.546046,
                447.524,
                173.646,
                0.517826,
                446.564,
                258.759,
                0.74344,
                448.507,
                332.082,
                0.721417,
                418.179,
                175.605,
                0.53023,
                426.994,
                259.722,
                0.80734,
                435.837,
                331.113,
                0.74552,
                0,
                0,
                0,
                411.339,
                55.2921,
                0.194125,
                439.696,
                62.1156,
                0.149492,
                418.177,
                59.1984,
                0.921822,
                416.22,
                337.009,
                0.734394,
                420.139,
                339.897,
                0.774654,
                442.65,
                337.957,
                0.593201,
                425.016,
                336.023,
                0.0548869,
                0,
                0,
                0,
                450.521,
                337.992,
                0.622094
            ],
            "face_keypoints_2d": [],
            "hand_left_keypoints_2d": [],
            "hand_right_keypoints_2d": [],
            "pose_keypoints_3d": [],
            "face_keypoints_3d": [],
            "hand_left_keypoints_3d": [],
            "hand_right_keypoints_3d": []
        }
    ]
}