{
    "version": 1.3,
    "people": [
        {
            "person_id": [
                -1
            ],
            "pose_keypoints_2d": [
                0,
                0,
                0,
                426.045,
                104.185,
                0.876487,
                449.529,
                105.157,
                0.819342,
                459.259,
                153.14,
                0.783905,
                457.308,
                190.275,
                0.716205,
                402.531,
                103.189,
                0.779248,
                395.666,
                149.187,
                0.857757,
                389.816,
                192.261,
                0.807682,
                431.879,
                182.453,
                0.587753,
                445.599,
                182.44,
                0.573282,
                450.456,
                261.655,
                0.842225,
                453.404,
                329.183,
                0.713631,
                417.191,
                182.437,
                0.597052,
                389.84,
                243.11,
                0.794648,
                409.398,
                307.644,
                0.801174,
                0,
                0,
                0,
                403.49,
                73.8292,
                0.155885,
                430.893,
                74.8779,
                0.223994,
                410.309,
                73.8616,
                0.928181,
                391.765,
                321.338,
                0.677509,
                394.729,
                320.382,
                0.758604,
                414.286,
                312.544,
                0.736498,
                430.919,
                332.083,
                0.685448,
                433.877,
                331.12,
                0.615834,
                458.262,
                337.971,
                0.65979
            ],
            "face_keypoints_2d": [],
            "hand_left_keypoints_2d": [],
            "hand_right_keypoints_2d": [],
            "pose_keypoints_3d": [],
            "face_keypoints_3d": [],
            "hand_left_keypoints_3d": [],
            "hand_right_keypoints_3d": []
        }
    ]
}