{
    "version": 1.3,
    "people": [
        {
            "person_id": [
                -1
            ],
            "pose_keypoints_2d": [
                334.055,
                190.26,
                0.483032,
                336.008,
                184.455,
                0.862006,
                324.269,
                189.261,
                0.82721,
                324.327,
                201.994,
                0.931348,
                327.202,
                214.689,
                0.77267,
                346.767,
                183.385,
                0.879247,
                361.472,
                174.618,
                0.816464,
                375.154,
                162.869,
                0.699036,
                339.933,
                207.927,
                0.879529,
                333.099,
                208.876,
                0.856352,
                332.064,
                228.399,
                0.804651,
                319.401,
                243.091,
                0.81583,
                345.811,
                207.911,
                0.811089,
                345.785,
                226.461,
                0.767052,
                339.887,
                245.018,
                0.847157,
                332.087,
                187.321,
                0.413197,
                336.03,
                186.359,
                0.369758,
                0,
                0,
                0,
                339.944,
                184.378,
                0.386974,
                339.928,
                247.972,
                0.735142,
                340.945,
                247.02,
                0.765836,
                336.999,
                245.063,
                0.655913,
                323.323,
                247.013,
                0.817911,
                318.401,
                246.054,
                0.789111,
                321.336,
                245.059,
                0.660684
            ],
            "face_keypoints_2d": [],
            "hand_left_keypoints_2d": [],
            "hand_right_keypoints_2d": [],
            "pose_keypoints_3d": [],
            "face_keypoints_3d": [],
            "hand_left_keypoints_3d": [],
            "hand_right_keypoints_3d": []
        }
    ]
}