{
    "version": 1.3,
    "people": [
        {
            "person_id": [
                -1
            ],
            "pose_keypoints_2d": [
                402.512,
                68.9993,
                0.102675,
                427.957,
                97.2971,
                0.841768,
                453.405,
                97.354,
                0.785189,
                457.318,
                148.219,
                0.672657,
                456.319,
                189.279,
                0.574587,
                402.515,
                96.3414,
                0.764605,
                387.922,
                144.312,
                0.877743,
                378.087,
                190.28,
                0.846897,
                429.938,
                176.595,
                0.537179,
                443.63,
                175.611,
                0.554925,
                442.637,
                259.717,
                0.811841,
                441.7,
                331.135,
                0.781181,
                415.26,
                177.565,
                0.511213,
                425.017,
                258.74,
                0.767149,
                431.873,
                328.207,
                0.7243,
                0,
                0,
                0,
                402.527,
                66.0526,
                0.295041,
                432.842,
                66.0513,
                0.18175,
                410.316,
                65.0223,
                0.883275,
                410.354,
                335.056,
                0.735126,
                415.255,
                338.921,
                0.714371,
                435.788,
                335.057,
                0.597249,
                0,
                0,
                0,
                0,
                0,
                0,
                444.62,
                337.962,
                0.658844
            ],
            "face_keypoints_2d": [],
            "hand_left_keypoints_2d": [],
            "hand_right_keypoints_2d": [],
            "pose_keypoints_3d": [],
            "face_keypoints_3d": [],
            "hand_left_keypoints_3d": [],
            "hand_right_keypoints_3d": []
        }
    ]
}