{
    "version": 1.3,
    "people": [
        {
            "person_id": [
                -1
            ],
            "pose_keypoints_2d": [
                0,
                0,
                0,
                433.842,
                85.6097,
                0.821851,
                457.273,
                88.5333,
                0.800565,
                444.603,
                48.4152,
                0.707732,
                434.854,
                19.0938,
                0.912807,
                410.389,
                83.6455,
                0.772083,
                387.891,
                35.7495,
                0.861749,
                0,
                0,
                0,
                432.88,
                173.641,
                0.552704,
                447.535,
                171.688,
                0.524671,
                446.549,
                258.729,
                0.738423,
                446.569,
                332.094,
                0.714774,
                418.162,
                174.623,
                0.541334,
                426.975,
                258.751,
                0.813387,
                435.804,
                330.158,
                0.742545,
                0,
                0,
                0,
                413.308,
                53.3292,
                0.128418,
                442.635,
                65.9994,
                0.287017,
                419.147,
                59.1646,
                0.965605,
                416.214,
                336.02,
                0.730773,
                420.142,
                338.956,
                0.764048,
                442.616,
                336.991,
                0.561047,
                425.046,
                336.009,
                0.0648368,
                0,
                0,
                0,
                450.466,
                337.985,
                0.629623
            ],
            "face_keypoints_2d": [],
            "hand_left_keypoints_2d": [],
            "hand_right_keypoints_2d": [],
            "pose_keypoints_3d": [],
            "face_keypoints_3d": [],
            "hand_left_keypoints_3d": [],
            "hand_right_keypoints_3d": []
        }
    ]
}