{
    "version": 1.3,
    "people": [
        {
            "person_id": [
                -1
            ],
            "pose_keypoints_2d": [
                333.129,
                147.216,
                0.861876,
                333.088,
                157.97,
                0.887729,
                324.302,
                157.966,
                0.86422,
                309.591,
                153.133,
                0.629408,
                292.976,
                153.084,
                0.200992,
                341.916,
                156.047,
                0.831408,
                359.486,
                153.117,
                0.762431,
                377.113,
                152.1,
                0.691405,
                333.137,
                185.411,
                0.853174,
                328.205,
                185.416,
                0.80525,
                330.138,
                213.75,
                0.861349,
                325.313,
                238.192,
                0.867982,
                339.966,
                185.398,
                0.872115,
                339.961,
                213.737,
                0.899843,
                339.922,
                238.154,
                0.893052,
                332.127,
                145.293,
                0.933327,
                335.039,
                145.271,
                0.865555,
                327.235,
                148.191,
                0.734898,
                339.886,
                146.269,
                0.329656,
                340.916,
                240.194,
                0.672214,
                342.896,
                239.199,
                0.671902,
                337.993,
                238.245,
                0.70555,
                331.092,
                242.131,
                0.706928,
                325.258,
                241.155,
                0.706409,
                326.261,
                239.176,
                0.685199
            ],
            "face_keypoints_2d": [],
            "hand_left_keypoints_2d": [],
            "hand_right_keypoints_2d": [],
            "pose_keypoints_3d": [],
            "face_keypoints_3d": [],
            "hand_left_keypoints_3d": [],
            "hand_right_keypoints_3d": []
        }
    ]
}