{
    "version": 1.3,
    "people": [
        {
            "person_id": [
                -1
            ],
            "pose_keypoints_2d": [
                0,
                0,
                0,
                334.074,
                159.887,
                0.889791,
                353.629,
                158.982,
                0.861339,
                361.472,
                186.364,
                0.823625,
                356.534,
                207.908,
                0.729743,
                316.493,
                159.897,
                0.895117,
                310.588,
                187.348,
                0.82094,
                309.589,
                212.758,
                0.839504,
                339.879,
                205.925,
                0.771249,
                348.73,
                205.903,
                0.751864,
                352.657,
                246.983,
                0.787965,
                361.435,
                243.084,
                0.526951,
                327.215,
                206.885,
                0.742284,
                325.222,
                246.04,
                0.881696,
                332.054,
                285.176,
                0.87716,
                0,
                0,
                0,
                0,
                0,
                0,
                339.936,
                137.452,
                0.883038,
                324.286,
                137.492,
                0.93339,
                325.252,
                289.072,
                0.624416,
                325.225,
                291.009,
                0.740356,
                333.059,
                289.056,
                0.827579,
                364.388,
                249.958,
                0.363901,
                363.429,
                249.938,
                0.328283,
                364.396,
                239.187,
                0.465344
            ],
            "face_keypoints_2d": [],
            "hand_left_keypoints_2d": [],
            "hand_right_keypoints_2d": [],
            "pose_keypoints_3d": [],
            "face_keypoints_3d": [],
            "hand_left_keypoints_3d": [],
            "hand_right_keypoints_3d": []
        }
    ]
}