{
    "version": 1.3,
    "people": [
        {
            "person_id": [
                -1
            ],
            "pose_keypoints_2d": [
                410.38,
                68.9589,
                0.0624363,
                434.785,
                98.3541,
                0.88389,
                458.326,
                99.3231,
                0.786953,
                466.173,
                146.238,
                0.75878,
                464.168,
                186.377,
                0.688038,
                409.376,
                98.313,
                0.782542,
                396.675,
                148.223,
                0.79056,
                387.889,
                191.273,
                0.832773,
                435.8,
                183.423,
                0.547754,
                450.479,
                182.45,
                0.556345,
                450.488,
                262.631,
                0.862547,
                451.471,
                329.167,
                0.720366,
                421.124,
                184.4,
                0.506293,
                424.057,
                264.605,
                0.73107,
                441.621,
                325.262,
                0.770492,
                0,
                0,
                0,
                411.359,
                66.0197,
                0.226638,
                441.629,
                70.9306,
                0.23691,
                418.205,
                66.9765,
                0.938342,
                419.203,
                335.052,
                0.72753,
                425.977,
                337.968,
                0.733976,
                444.607,
                333.063,
                0.559652,
                0,
                0,
                0,
                0,
                0,
                0,
                456.334,
                335.038,
                0.62889
            ],
            "face_keypoints_2d": [],
            "hand_left_keypoints_2d": [],
            "hand_right_keypoints_2d": [],
            "pose_keypoints_3d": [],
            "face_keypoints_3d": [],
            "hand_left_keypoints_3d": [],
            "hand_right_keypoints_3d": []
        }
    ]
}