{
    "version": 1.3,
    "people": [
        {
            "person_id": [
                -1
            ],
            "pose_keypoints_2d": [
                0,
                0,
                0,
                419.22,
                97.3573,
                0.86612,
                444.591,
                97.3611,
                0.79165,
                450.504,
                147.241,
                0.812937,
                442.692,
                184.407,
                0.615695,
                394.722,
                97.3342,
                0.809407,
                380.056,
                144.319,
                0.900489,
                369.264,
                191.229,
                0.786271,
                424.065,
                178.542,
                0.547087,
                437.754,
                176.596,
                0.535325,
                435.816,
                258.74,
                0.771869,
                435.821,
                331.12,
                0.709406,
                409.385,
                180.489,
                0.537088,
                418.205,
                261.627,
                0.84426,
                426.972,
                328.211,
                0.74053,
                0,
                0,
                0,
                394.732,
                70.921,
                0.198411,
                423.09,
                67.035,
                0.238143,
                401.566,
                67.0366,
                0.912156,
                405.494,
                336.036,
                0.691399,
                411.329,
                338.948,
                0.733726,
                432.843,
                335.052,
                0.558858,
                417.218,
                333.112,
                0.0634336,
                0,
                0,
                0,
                441.641,
                337.011,
                0.619217
            ],
            "face_keypoints_2d": [],
            "hand_left_keypoints_2d": [],
            "hand_right_keypoints_2d": [],
            "pose_keypoints_3d": [],
            "face_keypoints_3d": [],
            "hand_left_keypoints_3d": [],
            "hand_right_keypoints_3d": []
        }
    ]
}