{
    "version": 1.3,
    "people": [
        {
            "person_id": [
                -1
            ],
            "pose_keypoints_2d": [
                0,
                0,
                0,
                435.786,
                88.531,
                0.836813,
                458.323,
                89.4628,
                0.806029,
                480.77,
                67.0254,
                0.748025,
                499.389,
                47.4394,
                0.7824,
                412.355,
                87.5563,
                0.725574,
                375.172,
                52.3334,
                0.710742,
                339.923,
                18.1061,
                0.823319,
                434.82,
                175.615,
                0.597109,
                449.477,
                174.616,
                0.564545,
                449.486,
                261.682,
                0.83154,
                449.519,
                331.139,
                0.771198,
                420.157,
                176.592,
                0.536262,
                428.966,
                261.631,
                0.776057,
                436.786,
                329.186,
                0.723537,
                0,
                0,
                0,
                412.335,
                59.1597,
                0.184896,
                440.698,
                63.1065,
                0.162249,
                419.186,
                60.1677,
                0.89759,
                417.207,
                337.973,
                0.71938,
                420.174,
                339.895,
                0.746684,
                442.65,
                336.009,
                0.584188,
                0,
                0,
                0,
                0,
                0,
                0,
                452.426,
                337.005,
                0.657242
            ],
            "face_keypoints_2d": [],
            "hand_left_keypoints_2d": [],
            "hand_right_keypoints_2d": [],
            "pose_keypoints_3d": [],
            "face_keypoints_3d": [],
            "hand_left_keypoints_3d": [],
            "hand_right_keypoints_3d": []
        }
    ]
}