{
    "version": 1.3,
    "people": [
        {
            "person_id": [
                -1
            ],
            "pose_keypoints_2d": [
                0,
                0,
                0,
                402.572,
                89.5547,
                0.870253,
                432.88,
                91.4947,
                0.771393,
                442.697,
                151.157,
                0.801567,
                446.547,
                199.078,
                0.734946,
                372.212,
                88.5095,
                0.760909,
                360.476,
                137.487,
                0.801797,
                348.743,
                196.149,
                0.73145,
                403.531,
                180.486,
                0.534438,
                420.179,
                180.484,
                0.507382,
                429.938,
                277.313,
                0.696131,
                433.803,
                349.72,
                0.71173,
                386.9,
                180.49,
                0.523374,
                360.465,
                265.595,
                0.706585,
                340.962,
                350.701,
                0.662853,
                0,
                0,
                0,
                0,
                0,
                0,
                403.564,
                59.2251,
                0.374452,
                379.102,
                62.11,
                0.87003,
                327.211,
                349.751,
                0.177727,
                333.098,
                357.565,
                0.216753,
                340.924,
                357.564,
                0.451069,
                420.168,
                357.553,
                0.224716,
                421.121,
                357.553,
                0.211511,
                434.795,
                357.56,
                0.553589
            ],
            "face_keypoints_2d": [],
            "hand_left_keypoints_2d": [],
            "hand_right_keypoints_2d": [],
            "pose_keypoints_3d": [],
            "face_keypoints_3d": [],
            "hand_left_keypoints_3d": [],
            "hand_right_keypoints_3d": []
        }
    ]
}