{
    "version": 1.3,
    "people": [
        {
            "person_id": [
                -1
            ],
            "pose_keypoints_2d": [
                0,
                0,
                0,
                433.822,
                84.6153,
                0.8143,
                456.359,
                87.5448,
                0.77307,
                448.487,
                47.4607,
                0.729007,
                441.625,
                21.0394,
                0.867559,
                410.387,
                82.6863,
                0.765677,
                386.9,
                36.7125,
                0.884645,
                0,
                0,
                0,
                432.877,
                173.65,
                0.545689,
                447.517,
                171.694,
                0.51574,
                446.566,
                259.703,
                0.742761,
                447.54,
                332.084,
                0.714839,
                418.177,
                174.628,
                0.530432,
                426.975,
                259.697,
                0.814468,
                435.819,
                330.14,
                0.737604,
                0,
                0,
                0,
                413.284,
                53.3302,
                0.097374,
                442.624,
                61.1689,
                0.351118,
                419.152,
                59.1737,
                0.951497,
                416.216,
                336.03,
                0.728616,
                420.14,
                338.958,
                0.764596,
                442.631,
                336.037,
                0.561627,
                425.058,
                336.011,
                0.0591907,
                0,
                0,
                0,
                450.488,
                337.979,
                0.628589
            ],
            "face_keypoints_2d": [],
            "hand_left_keypoints_2d": [],
            "hand_right_keypoints_2d": [],
            "pose_keypoints_3d": [],
            "face_keypoints_3d": [],
            "hand_left_keypoints_3d": [],
            "hand_right_keypoints_3d": []
        }
    ]
}