{
    "version": 1.3,
    "people": [
        {
            "person_id": [
                -1
            ],
            "pose_keypoints_2d": [
                0,
                0,
                0,
                431.895,
                84.6116,
                0.784832,
                451.484,
                87.5765,
                0.79309,
                440.682,
                45.5084,
                0.742646,
                427.98,
                14.1834,
                0.833957,
                410.336,
                82.6459,
                0.802167,
                389.815,
                36.6801,
                0.763667,
                381.033,
                2.91447,
                0.573282,
                431.902,
                172.659,
                0.532299,
                444.624,
                169.747,
                0.52403,
                446.546,
                258.728,
                0.735257,
                446.564,
                332.084,
                0.722573,
                417.225,
                173.647,
                0.519959,
                426.966,
                258.755,
                0.803004,
                435.794,
                330.168,
                0.745928,
                0,
                0,
                0,
                414.259,
                52.3431,
                0.0752855,
                441.668,
                65.0762,
                0.3941,
                418.237,
                59.1615,
                0.952028,
                416.212,
                336.023,
                0.719868,
                420.136,
                338.959,
                0.757204,
                441.683,
                336.997,
                0.577393,
                425.04,
                335.049,
                0.0634641,
                0,
                0,
                0,
                450.462,
                337.975,
                0.645003
            ],
            "face_keypoints_2d": [],
            "hand_left_keypoints_2d": [],
            "hand_right_keypoints_2d": [],
            "pose_keypoints_3d": [],
            "face_keypoints_3d": [],
            "hand_left_keypoints_3d": [],
            "hand_right_keypoints_3d": []
        }
    ]
}