{
    "version": 1.3,
    "people": [
        {
            "person_id": [
                -1
            ],
            "pose_keypoints_2d": [
                0,
                0,
                0,
                340.941,
                166.768,
                0.884738,
                358.519,
                165.814,
                0.830877,
                366.373,
                192.275,
                0.782546,
                357.561,
                203.969,
                0.371434,
                324.282,
                166.766,
                0.864278,
                315.458,
                189.297,
                0.784134,
                309.656,
                211.804,
                0.7859,
                341.903,
                211.804,
                0.754887,
                354.617,
                210.827,
                0.739909,
                355.589,
                254.802,
                0.840651,
                353.613,
                245.053,
                0.530101,
                332.138,
                213.729,
                0.761375,
                331.119,
                249.954,
                0.813032,
                337.014,
                286.148,
                0.821063,
                0,
                0,
                0,
                0,
                0,
                0,
                347.747,
                145.273,
                0.873604,
                332.082,
                145.303,
                0.895847,
                332.148,
                291.995,
                0.558019,
                332.114,
                292.022,
                0.683467,
                339.929,
                291.975,
                0.802274,
                355.566,
                253.859,
                0.241951,
                0,
                0,
                0,
                0,
                0,
                0
            ],
            "face_keypoints_2d": [],
            "hand_left_keypoints_2d": [],
            "hand_right_keypoints_2d": [],
            "pose_keypoints_3d": [],
            "face_keypoints_3d": [],
            "hand_left_keypoints_3d": [],
            "hand_right_keypoints_3d": []
        }
    ]
}