{
    "version": 1.3,
    "people": [
        {
            "person_id": [
                -1
            ],
            "pose_keypoints_2d": [
                333.12,
                146.254,
                0.886252,
                333.092,
                156.033,
                0.893782,
                324.305,
                156.997,
                0.864704,
                309.587,
                153.099,
                0.730758,
                293.974,
                152.086,
                0.321713,
                342.853,
                154.109,
                0.857744,
                362.406,
                152.127,
                0.811745,
                379.092,
                145.321,
                0.763338,
                333.131,
                185.402,
                0.860369,
                328.192,
                185.408,
                0.811656,
                331.112,
                213.739,
                0.882459,
                325.315,
                237.215,
                0.837429,
                339.965,
                185.388,
                0.877339,
                339.975,
                213.716,
                0.880115,
                339.934,
                238.153,
                0.90882,
                332.117,
                145.258,
                0.94335,
                334.103,
                145.236,
                0.881454,
                327.236,
                146.267,
                0.788561,
                338.965,
                145.302,
                0.332883,
                340.923,
                240.193,
                0.674827,
                343.839,
                239.197,
                0.674322,
                338.932,
                238.234,
                0.716582,
                331.098,
                241.144,
                0.739408,
                325.26,
                240.18,
                0.757497,
                326.243,
                238.21,
                0.696857
            ],
            "face_keypoints_2d": [],
            "hand_left_keypoints_2d": [],
            "hand_right_keypoints_2d": [],
            "pose_keypoints_3d": [],
            "face_keypoints_3d": [],
            "hand_left_keypoints_3d": [],
            "hand_right_keypoints_3d": []
        }
    ]
}