{
    "version": 1.3,
    "people": [
        {
            "person_id": [
                -1
            ],
            "pose_keypoints_2d": [
                0,
                0,
                0,
                434.838,
                89.494,
                0.879614,
                458.29,
                89.5321,
                0.828804,
                481.813,
                68.0027,
                0.714824,
                503.308,
                50.4022,
                0.862111,
                412.309,
                88.5421,
                0.772632,
                374.166,
                54.3104,
                0.754894,
                337.976,
                20.0949,
                0.793194,
                434.834,
                176.588,
                0.58485,
                449.507,
                175.593,
                0.565329,
                449.487,
                261.669,
                0.832196,
                449.522,
                331.126,
                0.772385,
                420.156,
                178.536,
                0.531774,
                429.917,
                260.72,
                0.772882,
                436.78,
                329.182,
                0.728496,
                0,
                0,
                0,
                411.397,
                59.1578,
                0.262872,
                440.688,
                64.0684,
                0.174728,
                419.209,
                60.1724,
                0.884904,
                417.217,
                337.981,
                0.715105,
                420.176,
                339.895,
                0.744797,
                442.644,
                335.06,
                0.589318,
                0,
                0,
                0,
                0,
                0,
                0,
                452.419,
                336.989,
                0.660204
            ],
            "face_keypoints_2d": [],
            "hand_left_keypoints_2d": [],
            "hand_right_keypoints_2d": [],
            "pose_keypoints_3d": [],
            "face_keypoints_3d": [],
            "hand_left_keypoints_3d": [],
            "hand_right_keypoints_3d": []
        }
    ]
}