{
    "version": 1.3,
    "people": [
        {
            "person_id": [
                -1
            ],
            "pose_keypoints_2d": [
                0,
                0,
                0,
                424.036,
                97.3406,
                0.823589,
                448.531,
                97.3644,
                0.811986,
                451.469,
                149.183,
                0.774519,
                447.552,
                184.406,
                0.627554,
                396.665,
                97.3093,
                0.792329,
                385.923,
                145.259,
                0.864223,
                374.173,
                188.327,
                0.766308,
                426.023,
                180.484,
                0.587082,
                440.703,
                178.536,
                0.549471,
                439.697,
                259.702,
                0.757669,
                439.718,
                331.131,
                0.723158,
                411.32,
                182.429,
                0.55945,
                419.141,
                261.662,
                0.836169,
                427.963,
                330.145,
                0.755493,
                0,
                0,
                0,
                395.735,
                67.0628,
                0.186174,
                426.961,
                67.0047,
                0.243308,
                403.507,
                66.0822,
                0.950409,
                408.399,
                337.013,
                0.737249,
                412.315,
                338.977,
                0.780227,
                433.841,
                336.017,
                0.634838,
                417.231,
                334.071,
                0.0567804,
                0,
                0,
                0,
                442.627,
                337.005,
                0.649415
            ],
            "face_keypoints_2d": [],
            "hand_left_keypoints_2d": [],
            "hand_right_keypoints_2d": [],
            "pose_keypoints_3d": [],
            "face_keypoints_3d": [],
            "hand_left_keypoints_3d": [],
            "hand_right_keypoints_3d": []
        }
    ]
}