{
    "version": 1.3,
    "people": [
        {
            "person_id": [
                -1
            ],
            "pose_keypoints_2d": [
                0,
                0,
                0,
                416.247,
                91.5046,
                0.800699,
                441.626,
                94.4173,
                0.77233,
                447.511,
                146.279,
                0.754051,
                442.63,
                186.356,
                0.612016,
                388.852,
                91.4663,
                0.78944,
                377.124,
                143.282,
                0.810125,
                364.406,
                185.364,
                0.815387,
                419.203,
                176.573,
                0.609349,
                433.851,
                175.589,
                0.598415,
                434.793,
                258.733,
                0.815718,
                434.783,
                330.156,
                0.75964,
                405.482,
                177.562,
                0.539321,
                415.271,
                260.706,
                0.75801,
                425.004,
                327.225,
                0.740779,
                0,
                0,
                0,
                387.909,
                70.9471,
                0.100232,
                418.214,
                66.979,
                0.272998,
                395.665,
                67.0205,
                0.939556,
                403.497,
                337.96,
                0.720802,
                409.388,
                339.884,
                0.733538,
                427.975,
                334.09,
                0.630563,
                0,
                0,
                0,
                0,
                0,
                0,
                437.747,
                336.037,
                0.647749
            ],
            "face_keypoints_2d": [],
            "hand_left_keypoints_2d": [],
            "hand_right_keypoints_2d": [],
            "pose_keypoints_3d": [],
            "face_keypoints_3d": [],
            "hand_left_keypoints_3d": [],
            "hand_right_keypoints_3d": []
        }
    ]
}