{
    "version": 1.3,
    "people": [
        {
            "person_id": [
                -1
            ],
            "pose_keypoints_2d": [
                348.782,
                180.502,
                0.187902,
                349.731,
                178.531,
                0.835999,
                341.887,
                177.568,
                0.809152,
                332.093,
                173.63,
                0.529669,
                325.26,
                170.718,
                0.264799,
                357.584,
                179.517,
                0.793076,
                368.317,
                191.213,
                0.773136,
                372.237,
                199.058,
                0.627632,
                350.68,
                203,
                0.820775,
                346.758,
                202.997,
                0.811551,
                346.755,
                222.589,
                0.885243,
                346.763,
                245.994,
                0.850405,
                356.549,
                203.007,
                0.846516,
                356.527,
                222.595,
                0.944429,
                355.589,
                244.07,
                0.866097,
                348.738,
                178.54,
                0.148734,
                349.725,
                177.558,
                0.159744,
                346.797,
                177.572,
                0.142906,
                354.577,
                176.569,
                0.213744,
                355.627,
                248.015,
                0.716114,
                358.511,
                247.019,
                0.718463,
                354.624,
                245.982,
                0.650376,
                347.748,
                249.957,
                0.739804,
                342.883,
                248.959,
                0.7098,
                347.719,
                246.986,
                0.719743
            ],
            "face_keypoints_2d": [],
            "hand_left_keypoints_2d": [],
            "hand_right_keypoints_2d": [],
            "pose_keypoints_3d": [],
            "face_keypoints_3d": [],
            "hand_left_keypoints_3d": [],
            "hand_right_keypoints_3d": []
        }
    ]
}