{
    "version": 1.3,
    "people": [
        {
            "person_id": [
                -1
            ],
            "pose_keypoints_2d": [
                0,
                0,
                0,
                408.414,
                90.4845,
                0.837327,
                434.862,
                94.4112,
                0.771749,
                443.66,
                152.157,
                0.819476,
                448.521,
                198.07,
                0.750607,
                380.016,
                87.5569,
                0.773296,
                369.268,
                138.446,
                0.80464,
                359.509,
                192.235,
                0.802479,
                409.401,
                184.388,
                0.530341,
                426.968,
                184.398,
                0.529614,
                433.836,
                277.335,
                0.817287,
                433.879,
                357.554,
                0.777361,
                391.787,
                183.432,
                0.505693,
                363.443,
                260.703,
                0.79254,
                336.025,
                333.096,
                0.737766,
                0,
                0,
                0,
                378.099,
                67.0162,
                0.0887895,
                410.318,
                62.1227,
                0.36971,
                384.928,
                63.1106,
                0.830852,
                314.517,
                344.825,
                0.626495,
                319.411,
                346.774,
                0.649789,
                339.933,
                340.907,
                0.667385,
                424.068,
                357.564,
                0.173803,
                427.966,
                357.572,
                0.155439,
                434.837,
                357.573,
                0.502973
            ],
            "face_keypoints_2d": [],
            "hand_left_keypoints_2d": [],
            "hand_right_keypoints_2d": [],
            "pose_keypoints_3d": [],
            "face_keypoints_3d": [],
            "hand_left_keypoints_3d": [],
            "hand_right_keypoints_3d": []
        }
    ]
}