{
    "version": 1.3,
    "people": [
        {
            "person_id": [
                -1
            ],
            "pose_keypoints_2d": [
                0,
                0,
                0,
                393.705,
                98.3141,
                0.862495,
                416.25,
                99.2889,
                0.785899,
                421.15,
                149.173,
                0.733298,
                415.261,
                181.449,
                0.380627,
                367.338,
                98.2782,
                0.809413,
                355.585,
                146.238,
                0.861814,
                346.767,
                192.261,
                0.795096,
                397.671,
                177.554,
                0.600316,
                411.371,
                176.571,
                0.616079,
                416.251,
                258.744,
                0.774218,
                418.177,
                330.158,
                0.761234,
                384.924,
                178.547,
                0.560752,
                394.759,
                261.712,
                0.862763,
                405.485,
                330.159,
                0.749352,
                0,
                0,
                0,
                0,
                0,
                0,
                393.704,
                73.8393,
                0.393412,
                370.273,
                74.8716,
                0.888612,
                386.843,
                339.885,
                0.795887,
                390.803,
                339.967,
                0.78173,
                411.359,
                336.996,
                0.685281,
                0,
                0,
                0,
                0,
                0,
                0,
                419.225,
                337.007,
                0.686001
            ],
            "face_keypoints_2d": [],
            "hand_left_keypoints_2d": [],
            "hand_right_keypoints_2d": [],
            "pose_keypoints_3d": [],
            "face_keypoints_3d": [],
            "hand_left_keypoints_3d": [],
            "hand_right_keypoints_3d": []
        }
    ]
}