{
    "version": 1.3,
    "people": [
        {
            "person_id": [
                -1
            ],
            "pose_keypoints_2d": [
                0,
                0,
                0,
                399.591,
                98.3233,
                0.840626,
                423.088,
                99.2919,
                0.768895,
                427.009,
                151.125,
                0.67755,
                426.024,
                182.418,
                0.281187,
                373.214,
                98.2912,
                0.818059,
                362.397,
                145.295,
                0.83805,
                349.724,
                192.225,
                0.784717,
                404.497,
                177.569,
                0.595915,
                419.13,
                176.589,
                0.600647,
                421.115,
                260.689,
                0.780639,
                422.095,
                331.141,
                0.720331,
                390.805,
                179.521,
                0.540897,
                402.541,
                261.716,
                0.859182,
                411.365,
                331.148,
                0.77705,
                0,
                0,
                0,
                371.263,
                76.8113,
                0.111043,
                401.532,
                73.8336,
                0.340535,
                378.098,
                74.809,
                0.904656,
                392.739,
                338.96,
                0.72378,
                395.731,
                339.951,
                0.767639,
                418.168,
                338.926,
                0.633358,
                401.566,
                335.035,
                0.0622928,
                0,
                0,
                0,
                426.014,
                337.974,
                0.629025
            ],
            "face_keypoints_2d": [],
            "hand_left_keypoints_2d": [],
            "hand_right_keypoints_2d": [],
            "pose_keypoints_3d": [],
            "face_keypoints_3d": [],
            "hand_left_keypoints_3d": [],
            "hand_right_keypoints_3d": []
        }
    ]
}