{
    "version": 1.3,
    "people": [
        {
            "person_id": [
                -1
            ],
            "pose_keypoints_2d": [
                0,
                0,
                0,
                432.84,
                85.5881,
                0.781611,
                452.452,
                88.5341,
                0.784851,
                440.705,
                46.4805,
                0.735787,
                428.939,
                13.2471,
                0.815149,
                410.344,
                82.665,
                0.800662,
                389.85,
                36.6783,
                0.758377,
                381.037,
                2.915,
                0.537335,
                432.849,
                172.665,
                0.53813,
                446.547,
                170.706,
                0.517404,
                446.543,
                257.764,
                0.737585,
                447.52,
                331.148,
                0.718907,
                418.146,
                174.606,
                0.525273,
                426.974,
                258.731,
                0.799967,
                435.789,
                330.168,
                0.749059,
                0,
                0,
                0,
                415.246,
                51.4291,
                0.0716464,
                441.692,
                66.0137,
                0.387092,
                419.139,
                59.1567,
                0.945873,
                416.229,
                336.023,
                0.720079,
                420.153,
                338.957,
                0.753629,
                441.68,
                336.998,
                0.589813,
                425.06,
                335.049,
                0.0608129,
                0,
                0,
                0,
                450.467,
                337.018,
                0.649682
            ],
            "face_keypoints_2d": [],
            "hand_left_keypoints_2d": [],
            "hand_right_keypoints_2d": [],
            "pose_keypoints_3d": [],
            "face_keypoints_3d": [],
            "hand_left_keypoints_3d": [],
            "hand_right_keypoints_3d": []
        }
    ]
}