{
    "version": 1.3,
    "people": [
        {
            "person_id": [
                -1
            ],
            "pose_keypoints_2d": [
                411.392,
                66.0217,
                0.0694991,
                434.859,
                97.357,
                0.875829,
                461.23,
                98.2953,
                0.783013,
                468.077,
                147.227,
                0.702523,
                470.054,
                192.249,
                0.771581,
                410.351,
                97.2967,
                0.780579,
                395.737,
                144.315,
                0.855264,
                381.057,
                190.286,
                0.773259,
                437.754,
                179.515,
                0.552411,
                451.476,
                177.575,
                0.559252,
                450.496,
                260.673,
                0.822971,
                451.451,
                331.11,
                0.728248,
                424.038,
                181.462,
                0.546477,
                433.812,
                259.724,
                0.820549,
                441.664,
                331.098,
                0.766715,
                0,
                0,
                0,
                414.28,
                60.1585,
                0.188219,
                443.651,
                66.9786,
                0.253602,
                420.185,
                61.1445,
                0.821773,
                419.14,
                336.017,
                0.730343,
                425.037,
                338.975,
                0.732628,
                446.566,
                336.041,
                0.587439,
                0,
                0,
                0,
                0,
                0,
                0,
                457.276,
                336.035,
                0.6606
            ],
            "face_keypoints_2d": [],
            "hand_left_keypoints_2d": [],
            "hand_right_keypoints_2d": [],
            "pose_keypoints_3d": [],
            "face_keypoints_3d": [],
            "hand_left_keypoints_3d": [],
            "hand_right_keypoints_3d": []
        }
    ]
}