{
    "version": 1.3,
    "people": [
        {
            "person_id": [
                -1
            ],
            "pose_keypoints_2d": [
                0,
                0,
                0,
                403.512,
                97.3668,
                0.882728,
                427.047,
                98.2987,
                0.820687,
                433.87,
                152.088,
                0.791299,
                429.914,
                185.368,
                0.511966,
                378.092,
                97.305,
                0.7801,
                364.356,
                145.269,
                0.88861,
                354.602,
                191.264,
                0.805856,
                409.383,
                180.482,
                0.585223,
                422.111,
                178.536,
                0.545976,
                425.989,
                260.697,
                0.8102,
                426.028,
                332.078,
                0.786368,
                394.693,
                181.466,
                0.555751,
                403.556,
                262.637,
                0.814531,
                415.248,
                331.104,
                0.736272,
                0,
                0,
                0,
                378.044,
                73.9002,
                0.12743,
                406.444,
                71.895,
                0.181277,
                384.92,
                71.9104,
                0.824905,
                394.677,
                338.945,
                0.721503,
                397.657,
                339.931,
                0.738251,
                419.202,
                336.999,
                0.640722,
                0,
                0,
                0,
                0,
                0,
                0,
                427.974,
                337.991,
                0.667982
            ],
            "face_keypoints_2d": [],
            "hand_left_keypoints_2d": [],
            "hand_right_keypoints_2d": [],
            "pose_keypoints_3d": [],
            "face_keypoints_3d": [],
            "hand_left_keypoints_3d": [],
            "hand_right_keypoints_3d": []
        }
    ]
}