{
    "version": 1.3,
    "people": [
        {
            "person_id": [
                -1
            ],
            "pose_keypoints_2d": [
                0,
                0,
                0,
                326.235,
                176.545,
                0.930449,
                339.973,
                176.561,
                0.941759,
                348.707,
                195.177,
                0.868355,
                348.694,
                209.852,
                0.783153,
                314.487,
                175.637,
                0.890021,
                306.652,
                193.208,
                0.810799,
                304.704,
                210.815,
                0.716146,
                325.306,
                208.865,
                0.84021,
                333.134,
                208.867,
                0.830336,
                332.099,
                232.337,
                0.868339,
                329.172,
                254.809,
                0.766533,
                317.475,
                208.878,
                0.828121,
                318.433,
                232.351,
                0.838751,
                319.412,
                253.825,
                0.808745,
                0,
                0,
                0,
                0,
                0,
                0,
                333.071,
                160.968,
                0.806481,
                320.364,
                161.888,
                0.825471,
                317.469,
                253.87,
                0.523873,
                316.486,
                253.893,
                0.580738,
                319.402,
                254.865,
                0.7355,
                329.166,
                255.809,
                0.386287,
                332.07,
                255.84,
                0.411805,
                328.196,
                256.787,
                0.647309
            ],
            "face_keypoints_2d": [],
            "hand_left_keypoints_2d": [],
            "hand_right_keypoints_2d": [],
            "pose_keypoints_3d": [],
            "face_keypoints_3d": [],
            "hand_left_keypoints_3d": [],
            "hand_right_keypoints_3d": []
        }
    ]
}