{
    "version": 1.3,
    "people": [
        {
            "person_id": [
                -1
            ],
            "pose_keypoints_2d": [
                0,
                0,
                0,
                418.179,
                90.4581,
                0.872239,
                443.646,
                90.5298,
                0.792963,
                450.445,
                151.158,
                0.813022,
                442.665,
                185.376,
                0.574047,
                388.84,
                89.4831,
                0.796318,
                379.065,
                142.332,
                0.849866,
                366.345,
                193.214,
                0.780239,
                418.182,
                182.444,
                0.572002,
                434.793,
                182.448,
                0.578159,
                438.721,
                275.368,
                0.716822,
                438.731,
                349.746,
                0.679221,
                400.582,
                181.477,
                0.531368,
                364.435,
                248.965,
                0.774645,
                338.939,
                304.713,
                0.741576,
                0,
                0,
                0,
                386.894,
                66.9989,
                0.108088,
                419.167,
                61.1384,
                0.371433,
                394.674,
                63.1061,
                0.872674,
                318.423,
                316.414,
                0.594799,
                322.337,
                316.432,
                0.675093,
                339.941,
                310.58,
                0.631605,
                421.12,
                357.547,
                0.224143,
                424.066,
                357.544,
                0.20445,
                441.647,
                357.562,
                0.542713
            ],
            "face_keypoints_2d": [],
            "hand_left_keypoints_2d": [],
            "hand_right_keypoints_2d": [],
            "pose_keypoints_3d": [],
            "face_keypoints_3d": [],
            "hand_left_keypoints_3d": [],
            "hand_right_keypoints_3d": []
        }
    ]
}