{
    "version": 1.3,
    "people": [
        {
            "person_id": [
                -1
            ],
            "pose_keypoints_2d": [
                301.741,
                190.283,
                0.187828,
                299.829,
                198.096,
                0.745818,
                294.958,
                198.106,
                0.825154,
                295.924,
                206.943,
                0.840205,
                305.683,
                210.811,
                0.769626,
                301.76,
                198.067,
                0.70717,
                306.67,
                206.909,
                0.140493,
                308.644,
                211.782,
                0.0745618,
                300.859,
                216.686,
                0.877389,
                299.84,
                216.69,
                0.862211,
                295.928,
                234.271,
                0.751246,
                292.947,
                248.974,
                0.709497,
                302.793,
                216.673,
                0.808219,
                308.617,
                233.334,
                0.79096,
                310.578,
                248.961,
                0.671178,
                300.812,
                188.322,
                0.169758,
                301.734,
                188.298,
                0.0688898,
                299.787,
                190.249,
                0.322662,
                0,
                0,
                0,
                315.467,
                251.9,
                0.490911,
                315.495,
                250.902,
                0.489267,
                309.622,
                251.891,
                0.562098,
                293.973,
                252.862,
                0.57709,
                292.95,
                252.854,
                0.54215,
                292.021,
                250.91,
                0.552201
            ],
            "face_keypoints_2d": [],
            "hand_left_keypoints_2d": [],
            "hand_right_keypoints_2d": [],
            "pose_keypoints_3d": [],
            "face_keypoints_3d": [],
            "hand_left_keypoints_3d": [],
            "hand_right_keypoints_3d": []
        }
    ]
}