{
    "version": 1.3,
    "people": [
        {
            "person_id": [
                -1
            ],
            "pose_keypoints_2d": [
                411.368,
                66.0611,
                0.133523,
                436.768,
                97.3271,
                0.830037,
                461.224,
                98.3252,
                0.746476,
                481.762,
                145.25,
                0.844943,
                498.439,
                176.605,
                0.819773,
                412.315,
                96.3331,
                0.746035,
                378.085,
                129.644,
                0.823542,
                349.724,
                162.87,
                0.746,
                436.783,
                177.551,
                0.554921,
                450.483,
                176.561,
                0.565979,
                450.467,
                259.739,
                0.813428,
                450.496,
                330.165,
                0.739786,
                423.078,
                179.515,
                0.527438,
                432.874,
                259.729,
                0.802142,
                440.704,
                329.17,
                0.738404,
                0,
                0,
                0,
                412.358,
                60.1733,
                0.296951,
                442.692,
                66.0135,
                0.139036,
                421.124,
                60.1885,
                0.841603,
                419.176,
                337.013,
                0.714645,
                425.988,
                339.901,
                0.7332,
                444.619,
                335.05,
                0.579799,
                0,
                0,
                0,
                0,
                0,
                0,
                456.313,
                336.013,
                0.642689
            ],
            "face_keypoints_2d": [],
            "hand_left_keypoints_2d": [],
            "hand_right_keypoints_2d": [],
            "pose_keypoints_3d": [],
            "face_keypoints_3d": [],
            "hand_left_keypoints_3d": [],
            "hand_right_keypoints_3d": []
        }
    ]
}