{
    "version": 1.3,
    "people": [
        {
            "person_id": [
                -1
            ],
            "pose_keypoints_2d": [
                0,
                0,
                0,
                429.92,
                85.6215,
                0.768137,
                450.519,
                89.4841,
                0.8205,
                439.688,
                47.4454,
                0.681981,
                426.986,
                11.3009,
                0.874434,
                407.428,
                82.6898,
                0.778188,
                391.767,
                35.7633,
                0.790252,
                0,
                0,
                0,
                427.986,
                172.673,
                0.562415,
                442.65,
                170.707,
                0.584887,
                443.623,
                260.675,
                0.796105,
                446.553,
                330.151,
                0.722791,
                412.359,
                174.609,
                0.531743,
                426.045,
                258.75,
                0.823134,
                434.802,
                328.207,
                0.759136,
                0,
                0,
                0,
                0,
                0,
                0,
                440.651,
                66.023,
                0.47224,
                418.147,
                58.2177,
                0.931699,
                414.294,
                335.034,
                0.720363,
                419.183,
                337.981,
                0.75488,
                440.694,
                334.091,
                0.591999,
                0,
                0,
                0,
                0,
                0,
                0,
                450.438,
                335.053,
                0.689782
            ],
            "face_keypoints_2d": [],
            "hand_left_keypoints_2d": [],
            "hand_right_keypoints_2d": [],
            "pose_keypoints_3d": [],
            "face_keypoints_3d": [],
            "hand_left_keypoints_3d": [],
            "hand_right_keypoints_3d": []
        }
    ]
}