{
    "version": 1.3,
    "people": [
        {
            "person_id": [
                -1
            ],
            "pose_keypoints_2d": [
                0,
                0,
                0,
                335.061,
                160.969,
                0.888039,
                354.592,
                162.864,
                0.844641,
                363.423,
                192.241,
                0.865572,
                361.431,
                206.893,
                0.542449,
                317.426,
                160.926,
                0.902181,
                307.657,
                183.389,
                0.838333,
                301.833,
                209.841,
                0.824731,
                338.944,
                206.882,
                0.758179,
                348.705,
                206.889,
                0.778309,
                343.865,
                253.829,
                0.784507,
                345.778,
                292.969,
                0.791996,
                326.267,
                206.885,
                0.750074,
                324.296,
                246.042,
                0.76761,
                317.408,
                245.041,
                0.59067,
                0,
                0,
                0,
                0,
                0,
                0,
                340.957,
                143.329,
                0.796962,
                326.243,
                142.328,
                0.869723,
                309.653,
                247.024,
                0.277877,
                309.583,
                247.001,
                0.272421,
                313.519,
                239.221,
                0.420426,
                340.911,
                294.954,
                0.529927,
                345.806,
                295.908,
                0.504171,
                344.822,
                295.932,
                0.720827
            ],
            "face_keypoints_2d": [],
            "hand_left_keypoints_2d": [],
            "hand_right_keypoints_2d": [],
            "pose_keypoints_3d": [],
            "face_keypoints_3d": [],
            "hand_left_keypoints_3d": [],
            "hand_right_keypoints_3d": []
        }
    ]
}