{
    "version": 1.3,
    "people": [
        {
            "person_id": [
                -1
            ],
            "pose_keypoints_2d": [
                0,
                0,
                0,
                335.071,
                160.908,
                0.899772,
                354.595,
                159.993,
                0.887327,
                371.183,
                176.584,
                0.928489,
                376.128,
                201.056,
                0.816077,
                317.458,
                160.941,
                0.902074,
                309.67,
                191.231,
                0.786659,
                317.434,
                197.115,
                0.292382,
                340.892,
                205.938,
                0.81041,
                348.79,
                205.911,
                0.743495,
                339.963,
                240.176,
                0.793118,
                340.904,
                277.307,
                0.666566,
                332.121,
                206.878,
                0.807884,
                336.989,
                245.052,
                0.745462,
                341.89,
                278.323,
                0.72082,
                0,
                0,
                0,
                0,
                0,
                0,
                342.853,
                144.276,
                0.754896,
                328.203,
                144.269,
                0.858793,
                346.777,
                294.964,
                0.406756,
                343.84,
                292.987,
                0.408518,
                346.791,
                285.177,
                0.624172,
                332.096,
                279.317,
                0.248918,
                332.078,
                278.35,
                0.273441,
                346.793,
                285.163,
                0.35252
            ],
            "face_keypoints_2d": [],
            "hand_left_keypoints_2d": [],
            "hand_right_keypoints_2d": [],
            "pose_keypoints_3d": [],
            "face_keypoints_3d": [],
            "hand_left_keypoints_3d": [],
            "hand_right_keypoints_3d": []
        }
    ]
}