{
    "version": 1.3,
    "people": [
        {
            "person_id": [
                -1
            ],
            "pose_keypoints_2d": [
                0,
                0,
                0,
                370.236,
                98.3378,
                0.858998,
                394.718,
                98.3507,
                0.824189,
                411.329,
                151.141,
                0.878162,
                409.388,
                189.282,
                0.730052,
                340.947,
                98.3608,
                0.811541,
                324.307,
                148.224,
                0.862061,
                316.432,
                191.248,
                0.839505,
                379.085,
                176.584,
                0.602067,
                394.709,
                175.606,
                0.564775,
                393.699,
                255.81,
                0.767455,
                395.689,
                327.237,
                0.752634,
                364.366,
                177.56,
                0.577351,
                371.238,
                261.649,
                0.822773,
                379.998,
                332.127,
                0.826368,
                0,
                0,
                0,
                0,
                0,
                0,
                370.267,
                74.8623,
                0.481166,
                347.742,
                77.7943,
                0.856632,
                358.524,
                340.9,
                0.754028,
                364.381,
                341.885,
                0.772642,
                385.92,
                338.973,
                0.712113,
                387.882,
                319.414,
                0.0514332,
                0,
                0,
                0,
                397.64,
                335.041,
                0.672594
            ],
            "face_keypoints_2d": [],
            "hand_left_keypoints_2d": [],
            "hand_right_keypoints_2d": [],
            "pose_keypoints_3d": [],
            "face_keypoints_3d": [],
            "hand_left_keypoints_3d": [],
            "hand_right_keypoints_3d": []
        }
    ]
}