{
    "version": 1.3,
    "people": [
        {
            "person_id": [
                -1
            ],
            "pose_keypoints_2d": [
                0,
                0,
                0,
                372.191,
                101.255,
                0.84041,
                397.646,
                99.3371,
                0.772645,
                418.194,
                150.142,
                0.816983,
                424.048,
                192.223,
                0.779789,
                342.86,
                103.204,
                0.749956,
                333.086,
                149.2,
                0.85565,
                324.317,
                194.195,
                0.808803,
                383.95,
                180.495,
                0.544672,
                399.593,
                176.597,
                0.549538,
                415.265,
                258.732,
                0.774048,
                442.632,
                327.214,
                0.783526,
                367.33,
                183.407,
                0.526588,
                368.304,
                268.52,
                0.745728,
                370.253,
                335.034,
                0.746324,
                0,
                0,
                0,
                0,
                0,
                0,
                372.209,
                75.8066,
                0.463957,
                348.764,
                81.6592,
                0.864233,
                348.713,
                340.925,
                0.741477,
                353.629,
                342.862,
                0.699815,
                373.2,
                340.964,
                0.730936,
                426.049,
                347.71,
                0.708082,
                427.962,
                344.841,
                0.568443,
                449.468,
                333.089,
                0.689882
            ],
            "face_keypoints_2d": [],
            "hand_left_keypoints_2d": [],
            "hand_right_keypoints_2d": [],
            "pose_keypoints_3d": [],
            "face_keypoints_3d": [],
            "hand_left_keypoints_3d": [],
            "hand_right_keypoints_3d": []
        }
    ]
}