{
    "version": 1.3,
    "people": [
        {
            "person_id": [
                -1
            ],
            "pose_keypoints_2d": [
                0,
                0,
                0,
                388.862,
                90.5025,
                0.869425,
                422.101,
                91.4987,
                0.74063,
                435.824,
                147.221,
                0.779816,
                434.827,
                195.166,
                0.777943,
                356.555,
                90.4623,
                0.800515,
                339.935,
                144.31,
                0.794487,
                324.304,
                196.143,
                0.779032,
                394.738,
                184.41,
                0.552194,
                412.356,
                183.436,
                0.514449,
                425.007,
                279.306,
                0.724135,
                431.861,
                357.565,
                0.766997,
                375.152,
                185.377,
                0.491475,
                347.754,
                272.45,
                0.734424,
                340.896,
                357.553,
                0.651655,
                0,
                0,
                0,
                0,
                0,
                0,
                394.724,
                61.1539,
                0.813771,
                367.316,
                60.2105,
                0.83149,
                335.041,
                357.574,
                0.103739,
                337.001,
                357.583,
                0.143359,
                340.898,
                357.571,
                0.405228,
                427.996,
                357.578,
                0.181062,
                0,
                0,
                0,
                431.899,
                357.577,
                0.447558
            ],
            "face_keypoints_2d": [],
            "hand_left_keypoints_2d": [],
            "hand_right_keypoints_2d": [],
            "pose_keypoints_3d": [],
            "face_keypoints_3d": [],
            "hand_left_keypoints_3d": [],
            "hand_right_keypoints_3d": []
        }
    ]
}