{
    "version": 1.3,
    "people": [
        {
            "person_id": [
                -1
            ],
            "pose_keypoints_2d": [
                0,
                0,
                0,
                427.992,
                84.6282,
                0.784971,
                450.518,
                88.5456,
                0.816556,
                438.724,
                49.3953,
                0.686392,
                425.029,
                12.2868,
                0.846563,
                404.53,
                82.6519,
                0.784617,
                388.826,
                40.5983,
                0.825219,
                380.088,
                9.28182,
                0.802591,
                427.987,
                171.697,
                0.555061,
                442.658,
                169.744,
                0.585045,
                443.623,
                258.746,
                0.782344,
                445.59,
                330.134,
                0.714065,
                412.347,
                173.641,
                0.528219,
                426.036,
                256.805,
                0.816007,
                434.812,
                328.208,
                0.748714,
                0,
                0,
                0,
                0,
                0,
                0,
                438.734,
                65.0351,
                0.372302,
                417.207,
                58.2453,
                0.922642,
                414.274,
                335.035,
                0.72102,
                419.183,
                337.984,
                0.752604,
                441.632,
                334.093,
                0.576407,
                425.003,
                332.146,
                0.0541913,
                0,
                0,
                0,
                450.444,
                335.038,
                0.667994
            ],
            "face_keypoints_2d": [],
            "hand_left_keypoints_2d": [],
            "hand_right_keypoints_2d": [],
            "pose_keypoints_3d": [],
            "face_keypoints_3d": [],
            "hand_left_keypoints_3d": [],
            "hand_right_keypoints_3d": []
        }
    ]
}