{
    "version": 1.3,
    "people": [
        {
            "person_id": [
                -1
            ],
            "pose_keypoints_2d": [
                0,
                0,
                0,
                395.701,
                98.3246,
                0.892221,
                425.051,
                99.2876,
                0.780073,
                434.874,
                153.145,
                0.822947,
                440.669,
                200.045,
                0.796231,
                365.394,
                98.2941,
                0.804425,
                356.521,
                145.311,
                0.895951,
                346.751,
                195.164,
                0.784818,
                401.526,
                182.456,
                0.569688,
                418.155,
                181.457,
                0.568607,
                432.829,
                268.495,
                0.776117,
                443.622,
                345.792,
                0.716269,
                381.989,
                184.391,
                0.525453,
                372.204,
                268.506,
                0.791808,
                362.439,
                335.034,
                0.768127,
                0,
                0,
                0,
                0,
                0,
                0,
                398.641,
                73.8218,
                0.333745,
                373.223,
                74.8015,
                0.858325,
                339.913,
                340.902,
                0.744032,
                343.862,
                341.922,
                0.713832,
                364.419,
                341.902,
                0.71772,
                427.985,
                357.547,
                0.302131,
                0,
                0,
                0,
                448.522,
                348.791,
                0.578643
            ],
            "face_keypoints_2d": [],
            "hand_left_keypoints_2d": [],
            "hand_right_keypoints_2d": [],
            "pose_keypoints_3d": [],
            "face_keypoints_3d": [],
            "hand_left_keypoints_3d": [],
            "hand_right_keypoints_3d": []
        }
    ]
}