{
    "version": 1.3,
    "people": [
        {
            "person_id": [
                -1
            ],
            "pose_keypoints_2d": [
                395.64,
                73.8537,
                0.0743165,
                422.092,
                97.3512,
                0.826065,
                447.541,
                97.3577,
                0.784853,
                450.519,
                149.184,
                0.798749,
                446.567,
                184.386,
                0.633929,
                395.715,
                97.3467,
                0.809801,
                384.938,
                145.303,
                0.840959,
                372.194,
                191.278,
                0.791511,
                425.979,
                179.501,
                0.576623,
                439.729,
                177.553,
                0.545137,
                437.771,
                256.807,
                0.742811,
                437.75,
                331.109,
                0.674683,
                410.374,
                181.453,
                0.557096,
                419.132,
                261.669,
                0.841254,
                427.03,
                329.184,
                0.751953,
                0,
                0,
                0,
                395.673,
                68.0079,
                0.216942,
                425.966,
                67.0103,
                0.280935,
                402.549,
                66.9808,
                0.956508,
                408.4,
                337.012,
                0.733646,
                412.317,
                338.976,
                0.77238,
                433.816,
                335.067,
                0.625354,
                417.234,
                334.068,
                0.0621739,
                0,
                0,
                0,
                441.67,
                337.003,
                0.609384
            ],
            "face_keypoints_2d": [],
            "hand_left_keypoints_2d": [],
            "hand_right_keypoints_2d": [],
            "pose_keypoints_3d": [],
            "face_keypoints_3d": [],
            "hand_left_keypoints_3d": [],
            "hand_right_keypoints_3d": []
        }
    ]
}