{
    "version": 1.3,
    "people": [
        {
            "person_id": [
                -1
            ],
            "pose_keypoints_2d": [
                0,
                0,
                0,
                412.355,
                95.3704,
                0.79589,
                442.623,
                97.3573,
                0.802436,
                448.524,
                152.096,
                0.800555,
                441.696,
                185.409,
                0.721666,
                382.977,
                91.4853,
                0.73766,
                369.255,
                145.299,
                0.833184,
                356.539,
                195.177,
                0.729141,
                412.338,
                184.391,
                0.543976,
                431.862,
                184.392,
                0.538006,
                438.727,
                272.439,
                0.724269,
                442.642,
                348.727,
                0.722018,
                394.747,
                183.44,
                0.528606,
                372.196,
                261.65,
                0.787295,
                354.569,
                324.273,
                0.806786,
                0,
                0,
                0,
                386.838,
                69.9592,
                0.13351,
                417.188,
                66.9757,
                0.381686,
                391.785,
                66.988,
                0.90312,
                333.114,
                338.945,
                0.673138,
                337.014,
                338.93,
                0.700465,
                356.551,
                331.1,
                0.696758,
                425.033,
                357.545,
                0.252567,
                0,
                0,
                0,
                445.584,
                357.556,
                0.489649
            ],
            "face_keypoints_2d": [],
            "hand_left_keypoints_2d": [],
            "hand_right_keypoints_2d": [],
            "pose_keypoints_3d": [],
            "face_keypoints_3d": [],
            "hand_left_keypoints_3d": [],
            "hand_right_keypoints_3d": []
        }
    ]
}