{
    "version": 1.3,
    "people": [
        {
            "person_id": [
                -1
            ],
            "pose_keypoints_2d": [
                0,
                0,
                0,
                433.841,
                88.5107,
                0.845376,
                457.266,
                89.5244,
                0.81554,
                0,
                0,
                0,
                0,
                0,
                0,
                410.372,
                83.6771,
                0.77746,
                373.206,
                69.9722,
                0.707284,
                355.579,
                54.2902,
                0.820603,
                432.869,
                175.579,
                0.539316,
                447.536,
                172.665,
                0.509152,
                446.544,
                259.706,
                0.748264,
                444.618,
                331.119,
                0.706828,
                418.15,
                175.613,
                0.527062,
                426.06,
                257.765,
                0.803126,
                434.797,
                329.162,
                0.741512,
                0,
                0,
                0,
                413.297,
                55.2905,
                0.195911,
                442.667,
                60.1939,
                0.184408,
                420.151,
                58.2032,
                0.886931,
                414.263,
                335.04,
                0.704008,
                419.171,
                337.993,
                0.73466,
                440.692,
                335.038,
                0.558866,
                425.026,
                332.134,
                0.0575015,
                0,
                0,
                0,
                449.518,
                336.03,
                0.648595
            ],
            "face_keypoints_2d": [],
            "hand_left_keypoints_2d": [],
            "hand_right_keypoints_2d": [],
            "pose_keypoints_3d": [],
            "face_keypoints_3d": [],
            "hand_left_keypoints_3d": [],
            "hand_right_keypoints_3d": []
        }
    ]
}