{
    "version": 1.3,
    "people": [
        {
            "person_id": [
                -1
            ],
            "pose_keypoints_2d": [
                0,
                0,
                0,
                407.426,
                97.3319,
                0.820732,
                434.816,
                98.3182,
                0.80648,
                442.661,
                155.068,
                0.781874,
                441.643,
                200.061,
                0.724604,
                378.098,
                95.3673,
                0.748372,
                363.419,
                145.294,
                0.874344,
                354.592,
                192.267,
                0.765389,
                409.359,
                183.443,
                0.543091,
                425.991,
                183.416,
                0.551181,
                434.877,
                271.448,
                0.779529,
                442.675,
                348.773,
                0.716708,
                389.812,
                184.409,
                0.503419,
                372.228,
                268.505,
                0.748672,
                358.53,
                332.114,
                0.785217,
                0,
                0,
                0,
                379.056,
                74.8023,
                0.158497,
                410.321,
                68.9636,
                0.227316,
                385.919,
                70.9472,
                0.855051,
                338.97,
                340.886,
                0.715425,
                343.863,
                340.955,
                0.731526,
                363.409,
                339.898,
                0.754659,
                426.036,
                357.549,
                0.190817,
                427.03,
                357.546,
                0.170222,
                446.557,
                357.559,
                0.494219
            ],
            "face_keypoints_2d": [],
            "hand_left_keypoints_2d": [],
            "hand_right_keypoints_2d": [],
            "pose_keypoints_3d": [],
            "face_keypoints_3d": [],
            "hand_left_keypoints_3d": [],
            "hand_right_keypoints_3d": []
        }
    ]
}