{
    "version": 1.3,
    "people": [
        {
            "person_id": [
                -1
            ],
            "pose_keypoints_2d": [
                0,
                0,
                0,
                433.856,
                99.2859,
                0.867067,
                458.279,
                100.266,
                0.784451,
                466.162,
                151.158,
                0.618525,
                464.175,
                185.404,
                0.444188,
                408.422,
                98.3575,
                0.76592,
                396.654,
                148.192,
                0.796419,
                387.881,
                191.253,
                0.810516,
                436.768,
                183.437,
                0.542524,
                451.457,
                182.457,
                0.551089,
                450.465,
                261.66,
                0.844854,
                452.432,
                329.159,
                0.727955,
                421.146,
                184.42,
                0.497153,
                417.215,
                253.889,
                0.79427,
                440.656,
                325.252,
                0.793212,
                0,
                0,
                0,
                411.326,
                66.0589,
                0.17947,
                439.727,
                71.9051,
                0.254607,
                418.143,
                67.013,
                0.919784,
                419.179,
                335.063,
                0.719206,
                424.059,
                337.006,
                0.717723,
                443.63,
                332.11,
                0.622504,
                449.542,
                339.916,
                0.0582371,
                450.524,
                337.976,
                0.0525048,
                456.351,
                334.086,
                0.69845
            ],
            "face_keypoints_2d": [],
            "hand_left_keypoints_2d": [],
            "hand_right_keypoints_2d": [],
            "pose_keypoints_3d": [],
            "face_keypoints_3d": [],
            "hand_left_keypoints_3d": [],
            "hand_right_keypoints_3d": []
        }
    ]
}