{
    "version": 1.3,
    "people": [
        {
            "person_id": [
                -1
            ],
            "pose_keypoints_2d": [
                410.369,
                67.0007,
                0.101552,
                434.813,
                98.2868,
                0.896916,
                458.349,
                98.3074,
                0.826784,
                467.106,
                145.272,
                0.785131,
                466.135,
                185.374,
                0.75822,
                409.398,
                97.3598,
                0.785462,
                397.634,
                144.318,
                0.80541,
                386.872,
                191.268,
                0.668389,
                436.788,
                179.507,
                0.550574,
                451.435,
                177.568,
                0.560414,
                450.501,
                260.711,
                0.822871,
                452.429,
                329.188,
                0.728263,
                423.075,
                180.496,
                0.521682,
                427.974,
                258.743,
                0.766223,
                441.666,
                328.214,
                0.76415,
                0,
                0,
                0,
                411.387,
                62.1287,
                0.26599,
                441.655,
                68.0143,
                0.213296,
                419.194,
                65.05,
                0.870839,
                419.147,
                336.006,
                0.728056,
                424.071,
                338.945,
                0.717883,
                447.514,
                335.048,
                0.602527,
                0,
                0,
                0,
                0,
                0,
                0,
                457.295,
                335.051,
                0.705516
            ],
            "face_keypoints_2d": [],
            "hand_left_keypoints_2d": [],
            "hand_right_keypoints_2d": [],
            "pose_keypoints_3d": [],
            "face_keypoints_3d": [],
            "hand_left_keypoints_3d": [],
            "hand_right_keypoints_3d": []
        }
    ]
}