{
    "version": 1.3,
    "people": [
        {
            "person_id": [
                -1
            ],
            "pose_keypoints_2d": [
                333.094,
                156.041,
                0.866917,
                333.055,
                161.922,
                0.914538,
                324.246,
                161.925,
                0.860353,
                309.628,
                166.777,
                0.733495,
                300.789,
                167.755,
                0.429314,
                341.899,
                160.977,
                0.848626,
                355.577,
                161.91,
                0.62282,
                365.37,
                161.928,
                0.380053,
                333.09,
                191.226,
                0.916362,
                326.266,
                191.217,
                0.868325,
                326.232,
                214.699,
                0.894075,
                324.319,
                238.191,
                0.881986,
                339.927,
                191.227,
                0.906263,
                338.926,
                214.751,
                0.903305,
                339.885,
                238.189,
                0.914277,
                332.097,
                153.135,
                0.907286,
                335.034,
                153.135,
                0.863552,
                327.231,
                154.074,
                0.728795,
                338.977,
                154.093,
                0.458753,
                339.953,
                241.151,
                0.69273,
                341.924,
                239.219,
                0.714571,
                337.982,
                239.177,
                0.717082,
                325.295,
                242.1,
                0.649918,
                322.338,
                240.186,
                0.632958,
                325.272,
                239.186,
                0.666869
            ],
            "face_keypoints_2d": [],
            "hand_left_keypoints_2d": [],
            "hand_right_keypoints_2d": [],
            "pose_keypoints_3d": [],
            "face_keypoints_3d": [],
            "hand_left_keypoints_3d": [],
            "hand_right_keypoints_3d": []
        }
    ]
}