{
    "version": 1.3,
    "people": [
        {
            "person_id": [
                -1
            ],
            "pose_keypoints_2d": [
                411.355,
                66.0078,
                0.101831,
                436.797,
                96.34,
                0.791441,
                460.255,
                98.2905,
                0.747926,
                488.585,
                137.487,
                0.853449,
                512.074,
                166.806,
                0.835102,
                413.293,
                92.4649,
                0.707139,
                373.185,
                119.836,
                0.822901,
                337.975,
                146.284,
                0.710868,
                435.824,
                176.559,
                0.5895,
                450.441,
                175.575,
                0.58777,
                450.462,
                260.68,
                0.814996,
                450.479,
                331.115,
                0.752737,
                423.089,
                177.548,
                0.53542,
                432.845,
                259.732,
                0.78063,
                440.66,
                330.15,
                0.732261,
                0,
                0,
                0,
                412.355,
                59.2183,
                0.270717,
                442.645,
                65.998,
                0.131413,
                420.181,
                60.1837,
                0.851638,
                418.22,
                337.979,
                0.721414,
                425.013,
                339.919,
                0.730384,
                443.646,
                336.027,
                0.600914,
                0,
                0,
                0,
                0,
                0,
                0,
                455.346,
                336.025,
                0.634053
            ],
            "face_keypoints_2d": [],
            "hand_left_keypoints_2d": [],
            "hand_right_keypoints_2d": [],
            "pose_keypoints_3d": [],
            "face_keypoints_3d": [],
            "hand_left_keypoints_3d": [],
            "hand_right_keypoints_3d": []
        }
    ]
}