{
    "version": 1.3,
    "people": [
        {
            "person_id": [
                -1
            ],
            "pose_keypoints_2d": [
                0,
                0,
                0,
                371.199,
                103.212,
                0.816918,
                396.665,
                104.164,
                0.783967,
                417.191,
                151.155,
                0.787494,
                419.205,
                192.207,
                0.816018,
                340.936,
                103.199,
                0.778133,
                331.102,
                150.165,
                0.825238,
                320.383,
                196.147,
                0.751827,
                381.014,
                178.548,
                0.588015,
                395.735,
                176.577,
                0.603118,
                409.377,
                254.857,
                0.80193,
                432.832,
                331.136,
                0.7497,
                365.382,
                182.43,
                0.55812,
                368.317,
                269.487,
                0.753528,
                372.205,
                336.023,
                0.783511,
                0,
                0,
                0,
                0,
                0,
                0,
                371.217,
                76.8158,
                0.372952,
                347.738,
                81.6546,
                0.874416,
                349.738,
                340.924,
                0.678122,
                355.588,
                341.929,
                0.697767,
                377.12,
                341.904,
                0.750901,
                411.386,
                341.91,
                0.654331,
                415.271,
                340.9,
                0.578221,
                435.784,
                337.982,
                0.693187
            ],
            "face_keypoints_2d": [],
            "hand_left_keypoints_2d": [],
            "hand_right_keypoints_2d": [],
            "pose_keypoints_3d": [],
            "face_keypoints_3d": [],
            "hand_left_keypoints_3d": [],
            "hand_right_keypoints_3d": []
        }
    ]
}