{
    "version": 1.3,
    "people": [
        {
            "person_id": [
                -1
            ],
            "pose_keypoints_2d": [
                0,
                0,
                0,
                403.483,
                97.3838,
                0.89019,
                427.022,
                98.3289,
                0.826481,
                432.872,
                153.073,
                0.785299,
                428.939,
                185.405,
                0.440359,
                377.118,
                97.3281,
                0.777933,
                364.348,
                145.239,
                0.888147,
                354.582,
                191.257,
                0.764855,
                408.416,
                179.516,
                0.580779,
                420.173,
                177.571,
                0.566127,
                425.017,
                259.734,
                0.771894,
                426.004,
                331.129,
                0.766493,
                394.676,
                181.46,
                0.549627,
                403.5,
                262.648,
                0.851099,
                413.317,
                332.069,
                0.761042,
                0,
                0,
                0,
                376.135,
                74.8623,
                0.0938147,
                404.514,
                70.9466,
                0.139076,
                382.988,
                71.923,
                0.816109,
                393.725,
                338.948,
                0.732091,
                396.691,
                339.943,
                0.758186,
                419.189,
                338.928,
                0.660833,
                0,
                0,
                0,
                0,
                0,
                0,
                427.959,
                337.969,
                0.637112
            ],
            "face_keypoints_2d": [],
            "hand_left_keypoints_2d": [],
            "hand_right_keypoints_2d": [],
            "pose_keypoints_3d": [],
            "face_keypoints_3d": [],
            "hand_left_keypoints_3d": [],
            "hand_right_keypoints_3d": []
        }
    ]
}