{
    "version": 1.3,
    "people": [
        {
            "person_id": [
                -1
            ],
            "pose_keypoints_2d": [
                0,
                0,
                0,
                432.849,
                90.5486,
                0.807949,
                457.32,
                94.4137,
                0.764152,
                0,
                0,
                0,
                0,
                0,
                0,
                404.494,
                89.5517,
                0.752289,
                369.275,
                112.023,
                0.647628,
                340.908,
                121.753,
                0.698514,
                433.865,
                174.625,
                0.58874,
                449.475,
                171.695,
                0.564841,
                447.518,
                257.755,
                0.753026,
                444.607,
                330.158,
                0.6884,
                419.131,
                176.561,
                0.567757,
                426.969,
                260.688,
                0.813996,
                434.808,
                329.19,
                0.738802,
                0,
                0,
                0,
                414.288,
                55.2773,
                0.129443,
                443.629,
                61.1582,
                0.208949,
                421.12,
                58.1646,
                0.855232,
                411.387,
                335.042,
                0.721246,
                418.199,
                338.934,
                0.72324,
                441.633,
                336.011,
                0.572473,
                424.997,
                333.063,
                0.0559774,
                0,
                0,
                0,
                449.512,
                336.023,
                0.627312
            ],
            "face_keypoints_2d": [],
            "hand_left_keypoints_2d": [],
            "hand_right_keypoints_2d": [],
            "pose_keypoints_3d": [],
            "face_keypoints_3d": [],
            "hand_left_keypoints_3d": [],
            "hand_right_keypoints_3d": []
        }
    ]
}