{
    "version": 1.3,
    "people": [
        {
            "person_id": [
                -1
            ],
            "pose_keypoints_2d": [
                0,
                0,
                0,
                349.732,
                91.483,
                0.835312,
                388.848,
                90.497,
                0.751399,
                407.415,
                149.198,
                0.745692,
                413.286,
                204.956,
                0.755198,
                311.563,
                95.375,
                0.702162,
                295.937,
                155.038,
                0.778942,
                292.94,
                207.892,
                0.744661,
                356.609,
                189.296,
                0.509873,
                380.035,
                189.286,
                0.501009,
                402.529,
                285.125,
                0.776249,
                420.145,
                357.553,
                0.774521,
                335.029,
                190.268,
                0.498736,
                324.257,
                281.262,
                0.688929,
                308.653,
                357.58,
                0.0814678,
                0,
                0,
                0,
                0,
                0,
                0,
                362.429,
                60.1664,
                0.859252,
                330.127,
                60.2068,
                0.837759,
                0,
                0,
                0,
                0,
                0,
                0,
                0,
                0,
                0,
                418.185,
                357.572,
                0.179158,
                422.109,
                357.572,
                0.159338,
                422.116,
                357.57,
                0.533866
            ],
            "face_keypoints_2d": [],
            "hand_left_keypoints_2d": [],
            "hand_right_keypoints_2d": [],
            "pose_keypoints_3d": [],
            "face_keypoints_3d": [],
            "hand_left_keypoints_3d": [],
            "hand_right_keypoints_3d": []
        }
    ]
}