{
    "version": 1.3,
    "people": [
        {
            "person_id": [
                -1
            ],
            "pose_keypoints_2d": [
                0,
                0,
                0,
                371.224,
                98.3507,
                0.868889,
                395.667,
                98.3614,
                0.816287,
                411.369,
                151.144,
                0.869323,
                409.4,
                187.345,
                0.725603,
                342.871,
                98.3733,
                0.784621,
                325.295,
                149.198,
                0.861578,
                316.502,
                192.205,
                0.856139,
                380.029,
                177.545,
                0.613954,
                395.658,
                176.569,
                0.585174,
                392.761,
                255.806,
                0.779975,
                395.652,
                327.234,
                0.777663,
                364.415,
                178.53,
                0.57088,
                371.278,
                260.716,
                0.82106,
                381.019,
                332.095,
                0.785248,
                0,
                0,
                0,
                0,
                0,
                0,
                371.258,
                74.8538,
                0.435969,
                348.704,
                78.7673,
                0.846447,
                361.438,
                340.899,
                0.771905,
                366.351,
                341.887,
                0.747791,
                387.845,
                338.932,
                0.716008,
                0,
                0,
                0,
                0,
                0,
                0,
                397.651,
                334.075,
                0.704645
            ],
            "face_keypoints_2d": [],
            "hand_left_keypoints_2d": [],
            "hand_right_keypoints_2d": [],
            "pose_keypoints_3d": [],
            "face_keypoints_3d": [],
            "hand_left_keypoints_3d": [],
            "hand_right_keypoints_3d": []
        }
    ]
}