{
    "version": 1.3,
    "people": [
        {
            "person_id": [
                -1
            ],
            "pose_keypoints_2d": [
                0,
                0,
                0,
                379.017,
                98.342,
                0.868055,
                402.503,
                99.3171,
                0.800281,
                414.266,
                152.095,
                0.802677,
                410.334,
                190.248,
                0.670205,
                351.665,
                98.3119,
                0.80909,
                337.012,
                148.222,
                0.798846,
                325.296,
                191.247,
                0.843445,
                385.904,
                177.568,
                0.575938,
                399.616,
                176.566,
                0.551841,
                396.697,
                256.807,
                0.774649,
                402.551,
                328.196,
                0.774015,
                371.21,
                178.54,
                0.560754,
                379.07,
                261.639,
                0.848096,
                388.869,
                331.131,
                0.755932,
                0,
                0,
                0,
                0,
                0,
                0,
                378.103,
                74.839,
                0.491688,
                355.593,
                76.7985,
                0.872717,
                370.261,
                340.896,
                0.816499,
                376.141,
                341.876,
                0.751464,
                395.678,
                337.959,
                0.675133,
                0,
                0,
                0,
                0,
                0,
                0,
                405.472,
                335.035,
                0.696737
            ],
            "face_keypoints_2d": [],
            "hand_left_keypoints_2d": [],
            "hand_right_keypoints_2d": [],
            "pose_keypoints_3d": [],
            "face_keypoints_3d": [],
            "hand_left_keypoints_3d": [],
            "hand_right_keypoints_3d": []
        }
    ]
}