{
    "version": 1.3,
    "people": [
        {
            "person_id": [
                -1
            ],
            "pose_keypoints_2d": [
                412.316,
                66.0034,
                0.0839227,
                435.813,
                97.3211,
                0.843381,
                460.271,
                97.3494,
                0.770067,
                471.972,
                144.325,
                0.796752,
                481.804,
                186.371,
                0.790591,
                411.366,
                96.3547,
                0.765531,
                387.831,
                144.294,
                0.812136,
                365.388,
                191.234,
                0.707251,
                438.725,
                177.546,
                0.54891,
                451.481,
                176.561,
                0.551826,
                450.492,
                260.686,
                0.817843,
                451.433,
                332.08,
                0.743877,
                425.005,
                178.533,
                0.537718,
                433.813,
                259.727,
                0.81465,
                441.641,
                329.188,
                0.750733,
                0,
                0,
                0,
                414.294,
                59.2143,
                0.24159,
                443.635,
                66.0172,
                0.195059,
                421.139,
                60.1892,
                0.83752,
                419.169,
                336.993,
                0.719747,
                425.983,
                339.9,
                0.730553,
                445.579,
                335.052,
                0.556029,
                0,
                0,
                0,
                0,
                0,
                0,
                456.336,
                337.014,
                0.645032
            ],
            "face_keypoints_2d": [],
            "hand_left_keypoints_2d": [],
            "hand_right_keypoints_2d": [],
            "pose_keypoints_3d": [],
            "face_keypoints_3d": [],
            "hand_left_keypoints_3d": [],
            "hand_right_keypoints_3d": []
        }
    ]
}