{
    "version": 1.3,
    "people": [
        {
            "person_id": [
                -1
            ],
            "pose_keypoints_2d": [
                0,
                0,
                0,
                403.561,
                97.3588,
                0.864432,
                428.004,
                98.298,
                0.800447,
                434.795,
                150.179,
                0.795305,
                427.965,
                182.457,
                0.514572,
                379.087,
                97.3046,
                0.789934,
                364.385,
                145.263,
                0.888216,
                355.552,
                191.271,
                0.801873,
                410.335,
                178.541,
                0.610935,
                424.061,
                177.566,
                0.554946,
                426.045,
                260.719,
                0.83997,
                426.964,
                332.073,
                0.787909,
                394.75,
                180.488,
                0.575444,
                404.502,
                262.64,
                0.815937,
                415.269,
                331.103,
                0.732746,
                0,
                0,
                0,
                378.071,
                73.9005,
                0.114588,
                407.441,
                71.9104,
                0.174829,
                384.93,
                72.8544,
                0.831385,
                394.746,
                339.889,
                0.697272,
                399.603,
                339.94,
                0.708708,
                419.202,
                336.997,
                0.654,
                0,
                0,
                0,
                0,
                0,
                0,
                428.013,
                337.978,
                0.670831
            ],
            "face_keypoints_2d": [],
            "hand_left_keypoints_2d": [],
            "hand_right_keypoints_2d": [],
            "pose_keypoints_3d": [],
            "face_keypoints_3d": [],
            "hand_left_keypoints_3d": [],
            "hand_right_keypoints_3d": []
        }
    ]
}