{
    "version": 1.3,
    "people": [
        {
            "person_id": [
                -1
            ],
            "pose_keypoints_2d": [
                0,
                0,
                0,
                394.71,
                90.4513,
                0.866574,
                425.992,
                90.5419,
                0.7637,
                441.644,
                150.142,
                0.801504,
                439.7,
                194.176,
                0.717055,
                362.45,
                89.4978,
                0.754365,
                344.83,
                144.275,
                0.782647,
                331.15,
                193.239,
                0.796981,
                397.633,
                183.411,
                0.530016,
                417.217,
                182.453,
                0.529965,
                425.994,
                278.316,
                0.789233,
                432.862,
                357.56,
                0.763555,
                379.054,
                183.42,
                0.527159,
                348.784,
                271.475,
                0.757048,
                346.761,
                357.557,
                0.68399,
                0,
                0,
                0,
                0,
                0,
                0,
                396.693,
                59.2455,
                0.491759,
                371.24,
                60.1743,
                0.90561,
                340.934,
                357.58,
                0.11143,
                0,
                0,
                0,
                346.764,
                357.573,
                0.423063,
                428.943,
                357.576,
                0.162316,
                0,
                0,
                0,
                433.832,
                357.574,
                0.501425
            ],
            "face_keypoints_2d": [],
            "hand_left_keypoints_2d": [],
            "hand_right_keypoints_2d": [],
            "pose_keypoints_3d": [],
            "face_keypoints_3d": [],
            "hand_left_keypoints_3d": [],
            "hand_right_keypoints_3d": []
        }
    ]
}