{
    "version": 1.3,
    "people": [
        {
            "person_id": [
                -1
            ],
            "pose_keypoints_2d": [
                0,
                0,
                0,
                335.055,
                162.888,
                0.846861,
                354.606,
                161.924,
                0.860719,
                371.197,
                182.421,
                0.880193,
                378.093,
                206.892,
                0.86918,
                317.402,
                164.849,
                0.860572,
                309.647,
                193.224,
                0.828095,
                317.449,
                195.174,
                0.145638,
                340.921,
                209.836,
                0.766849,
                350.68,
                208.858,
                0.710484,
                341.909,
                250.924,
                0.674613,
                346.793,
                283.205,
                0.703441,
                332.134,
                211.775,
                0.765174,
                334.082,
                254.83,
                0.855788,
                346.757,
                289.056,
                0.772909,
                0,
                0,
                0,
                0,
                0,
                0,
                341.88,
                145.253,
                0.852616,
                326.254,
                145.258,
                0.930287,
                341.907,
                298.867,
                0.690451,
                340.934,
                297.888,
                0.712502,
                348.72,
                292.997,
                0.808179,
                340.959,
                296.874,
                0.190292,
                344.81,
                292.977,
                0.166185,
                348.705,
                286.133,
                0.446791
            ],
            "face_keypoints_2d": [],
            "hand_left_keypoints_2d": [],
            "hand_right_keypoints_2d": [],
            "pose_keypoints_3d": [],
            "face_keypoints_3d": [],
            "hand_left_keypoints_3d": [],
            "hand_right_keypoints_3d": []
        }
    ]
}