{
    "version": 1.3,
    "people": [
        {
            "person_id": [
                -1
            ],
            "pose_keypoints_2d": [
                0,
                0,
                0,
                402.492,
                97.3784,
                0.862539,
                426.027,
                98.3339,
                0.825462,
                428.968,
                149.171,
                0.692215,
                420.165,
                180.499,
                0.314818,
                375.153,
                97.3129,
                0.785415,
                363.4,
                145.311,
                0.863919,
                350.706,
                192.216,
                0.763879,
                406.439,
                178.524,
                0.580099,
                419.203,
                176.595,
                0.593777,
                423.076,
                258.738,
                0.744092,
                425,
                329.166,
                0.716996,
                391.796,
                180.48,
                0.539071,
                402.572,
                262.625,
                0.861019,
                412.353,
                331.112,
                0.758621,
                0,
                0,
                0,
                372.266,
                75.8359,
                0.117394,
                403.558,
                70.9351,
                0.159459,
                380.027,
                72.8635,
                0.876542,
                393.73,
                337.015,
                0.71776,
                397.637,
                339.891,
                0.74661,
                419.155,
                337.011,
                0.663165,
                0,
                0,
                0,
                0,
                0,
                0,
                426.993,
                335.055,
                0.624872
            ],
            "face_keypoints_2d": [],
            "hand_left_keypoints_2d": [],
            "hand_right_keypoints_2d": [],
            "pose_keypoints_3d": [],
            "face_keypoints_3d": [],
            "hand_left_keypoints_3d": [],
            "hand_right_keypoints_3d": []
        }
    ]
}