{
    "version": 1.3,
    "people": [
        {
            "person_id": [
                -1
            ],
            "pose_keypoints_2d": [
                410.401,
                66.0242,
                0.122005,
                435.815,
                91.5012,
                0.824849,
                458.316,
                93.4321,
                0.752511,
                488.627,
                106.139,
                0.78171,
                519.942,
                114.011,
                0.761146,
                412.338,
                91.4605,
                0.776921,
                364.374,
                89.5595,
                0.82993,
                326.24,
                87.5402,
                0.635011,
                434.871,
                176.57,
                0.578321,
                449.53,
                175.587,
                0.566454,
                449.534,
                260.709,
                0.822657,
                449.532,
                331.139,
                0.762591,
                421.139,
                177.557,
                0.52327,
                431.868,
                260.682,
                0.761191,
                438.74,
                330.153,
                0.722997,
                0,
                0,
                0,
                412.317,
                59.225,
                0.303176,
                441.661,
                66.022,
                0.122329,
                420.168,
                60.2056,
                0.842723,
                418.193,
                337.969,
                0.732718,
                423.094,
                339.904,
                0.746685,
                443.609,
                336.992,
                0.585453,
                0,
                0,
                0,
                0,
                0,
                0,
                452.445,
                337.976,
                0.63465
            ],
            "face_keypoints_2d": [],
            "hand_left_keypoints_2d": [],
            "hand_right_keypoints_2d": [],
            "pose_keypoints_3d": [],
            "face_keypoints_3d": [],
            "hand_left_keypoints_3d": [],
            "hand_right_keypoints_3d": []
        }
    ]
}