{
    "version": 1.3,
    "people": [
        {
            "person_id": [
                -1
            ],
            "pose_keypoints_2d": [
                0,
                0,
                0,
                432.868,
                95.3853,
                0.798964,
                457.303,
                95.3784,
                0.801423,
                0,
                0,
                0,
                0,
                0,
                0,
                404.484,
                96.3411,
                0.711701,
                380.015,
                144.318,
                0.727822,
                361.441,
                184.417,
                0.528755,
                433.853,
                176.559,
                0.584193,
                449.455,
                174.628,
                0.542119,
                444.606,
                260.677,
                0.762673,
                443.61,
                332.085,
                0.737904,
                418.22,
                177.553,
                0.563852,
                426.06,
                260.705,
                0.81974,
                433.859,
                330.156,
                0.745341,
                0,
                0,
                0,
                411.388,
                58.2106,
                0.15431,
                441.683,
                64.0922,
                0.226646,
                419.156,
                59.175,
                0.938776,
                411.331,
                335.052,
                0.739309,
                417.227,
                338.951,
                0.717584,
                439.707,
                336.028,
                0.566304,
                418.195,
                334.052,
                0.0500387,
                0,
                0,
                0,
                448.524,
                337.976,
                0.662702
            ],
            "face_keypoints_2d": [],
            "hand_left_keypoints_2d": [],
            "hand_right_keypoints_2d": [],
            "pose_keypoints_3d": [],
            "face_keypoints_3d": [],
            "hand_left_keypoints_3d": [],
            "hand_right_keypoints_3d": []
        }
    ]
}