{
    "version": 1.3,
    "people": [
        {
            "person_id": [
                -1
            ],
            "pose_keypoints_2d": [
                394.712,
                74.8119,
                0.0555931,
                419.139,
                97.3453,
                0.88029,
                442.691,
                97.3549,
                0.817431,
                449.511,
                150.141,
                0.828733,
                443.661,
                184.419,
                0.685487,
                392.774,
                97.3164,
                0.778971,
                380,
                144.307,
                0.894309,
                367.33,
                191.208,
                0.796843,
                421.151,
                178.524,
                0.567193,
                434.83,
                177.547,
                0.591873,
                435.782,
                258.733,
                0.783596,
                435.782,
                330.145,
                0.731827,
                408.407,
                179.516,
                0.540104,
                418.17,
                261.663,
                0.842703,
                426.02,
                328.182,
                0.760776,
                0,
                0,
                0,
                393.743,
                71.9137,
                0.159876,
                421.112,
                67.0487,
                0.205574,
                398.634,
                67.0675,
                0.862242,
                403.56,
                337.006,
                0.688393,
                410.355,
                338.969,
                0.712726,
                429.925,
                334.084,
                0.602623,
                0,
                0,
                0,
                0,
                0,
                0,
                440.662,
                336.017,
                0.631363
            ],
            "face_keypoints_2d": [],
            "hand_left_keypoints_2d": [],
            "hand_right_keypoints_2d": [],
            "pose_keypoints_3d": [],
            "face_keypoints_3d": [],
            "hand_left_keypoints_3d": [],
            "hand_right_keypoints_3d": []
        }
    ]
}