{
    "version": 1.3,
    "people": [
        {
            "person_id": [
                -1
            ],
            "pose_keypoints_2d": [
                411.4,
                66.0078,
                0.0594892,
                435.809,
                97.3228,
                0.858563,
                460.262,
                97.3583,
                0.783067,
                468.097,
                148.221,
                0.762562,
                475.922,
                189.277,
                0.767759,
                411.364,
                96.3458,
                0.770547,
                394.668,
                144.257,
                0.810407,
                377.125,
                189.282,
                0.766758,
                437.771,
                177.549,
                0.53582,
                451.481,
                176.561,
                0.550336,
                450.494,
                259.734,
                0.810576,
                451.44,
                331.129,
                0.738958,
                424.043,
                178.54,
                0.526675,
                433.808,
                258.756,
                0.808876,
                441.629,
                329.186,
                0.751221,
                0,
                0,
                0,
                415.262,
                59.2221,
                0.195912,
                444.597,
                66.0169,
                0.263116,
                421.144,
                60.2039,
                0.833571,
                419.172,
                336.988,
                0.724847,
                425.99,
                339.894,
                0.73885,
                444.619,
                335.061,
                0.59329,
                0,
                0,
                0,
                0,
                0,
                0,
                456.325,
                336.99,
                0.670551
            ],
            "face_keypoints_2d": [],
            "hand_left_keypoints_2d": [],
            "hand_right_keypoints_2d": [],
            "pose_keypoints_3d": [],
            "face_keypoints_3d": [],
            "hand_left_keypoints_3d": [],
            "hand_right_keypoints_3d": []
        }
    ]
}