{
    "version": 1.3,
    "people": [
        {
            "person_id": [
                -1
            ],
            "pose_keypoints_2d": [
                340.963,
                191.255,
                0.493012,
                340.883,
                185.412,
                0.892277,
                332.073,
                189.288,
                0.845406,
                325.265,
                206.847,
                0.919409,
                324.249,
                222.521,
                0.81578,
                349.733,
                183.443,
                0.904732,
                363.453,
                182.45,
                0.878196,
                378.06,
                181.468,
                0.774909,
                340.899,
                204.931,
                0.869284,
                334.077,
                205.906,
                0.822718,
                337.961,
                215.751,
                0.786264,
                338.938,
                238.158,
                0.823809,
                347.748,
                202.984,
                0.857924,
                354.589,
                215.708,
                0.881821,
                350.703,
                237.232,
                0.841378,
                340.892,
                190.246,
                0.371789,
                343.857,
                190.257,
                0.373604,
                337.954,
                185.381,
                0.325137,
                346.802,
                184.428,
                0.275579,
                353.629,
                242.101,
                0.781219,
                355.616,
                239.235,
                0.833869,
                349.709,
                238.207,
                0.696958,
                339.94,
                241.152,
                0.588763,
                336.02,
                240.162,
                0.587386,
                339.902,
                239.145,
                0.735456
            ],
            "face_keypoints_2d": [],
            "hand_left_keypoints_2d": [],
            "hand_right_keypoints_2d": [],
            "pose_keypoints_3d": [],
            "face_keypoints_3d": [],
            "hand_left_keypoints_3d": [],
            "hand_right_keypoints_3d": []
        }
    ]
}