{
    "version": 1.3,
    "people": [
        {
            "person_id": [
                -1
            ],
            "pose_keypoints_2d": [
                332.072,
                142.352,
                0.849394,
                330.169,
                153.091,
                0.890877,
                322.336,
                153.147,
                0.834081,
                309.643,
                144.318,
                0.238037,
                294.93,
                128.66,
                0.146724,
                338.923,
                152.13,
                0.869355,
                348.739,
                144.322,
                0.840819,
                360.485,
                135.465,
                0.6363,
                331.133,
                184.389,
                0.833757,
                324.313,
                184.402,
                0.855475,
                324.265,
                210.832,
                0.834981,
                323.316,
                236.261,
                0.801672,
                336.983,
                184.375,
                0.777826,
                337.959,
                211.78,
                0.792754,
                335.071,
                237.233,
                0.808502,
                328.198,
                139.425,
                0.81497,
                332.14,
                139.396,
                0.808004,
                324.313,
                143.329,
                0.815597,
                333.142,
                143.28,
                0.101669,
                336.993,
                240.185,
                0.574208,
                340.891,
                239.203,
                0.647675,
                334.063,
                239.147,
                0.666396,
                324.303,
                241.138,
                0.682768,
                319.397,
                240.147,
                0.655147,
                324.27,
                238.201,
                0.68528
            ],
            "face_keypoints_2d": [],
            "hand_left_keypoints_2d": [],
            "hand_right_keypoints_2d": [],
            "pose_keypoints_3d": [],
            "face_keypoints_3d": [],
            "hand_left_keypoints_3d": [],
            "hand_right_keypoints_3d": []
        }
    ]
}