{
    "version": 1.3,
    "people": [
        {
            "person_id": [
                -1
            ],
            "pose_keypoints_2d": [
                0,
                0,
                0,
                375.153,
                100.289,
                0.785083,
                402.52,
                99.3222,
                0.781933,
                421.138,
                151.151,
                0.770332,
                426.972,
                192.249,
                0.829864,
                347.77,
                103.22,
                0.779786,
                338.949,
                151.146,
                0.846264,
                330.169,
                200.044,
                0.745692,
                386.878,
                179.515,
                0.573842,
                402.547,
                176.594,
                0.566632,
                420.147,
                258.756,
                0.782667,
                448.485,
                329.186,
                0.741653,
                371.205,
                182.438,
                0.56199,
                367.332,
                270.506,
                0.765966,
                367.317,
                336.034,
                0.746331,
                0,
                0,
                0,
                347.727,
                82.716,
                0.102677,
                376.144,
                74.8672,
                0.293677,
                354.579,
                79.7331,
                0.834522,
                344.828,
                340.932,
                0.709465,
                349.708,
                342.888,
                0.720714,
                371.263,
                341.917,
                0.773341,
                434.819,
                348.788,
                0.519681,
                435.82,
                348.701,
                0.452617,
                451.475,
                334.095,
                0.632007
            ],
            "face_keypoints_2d": [],
            "hand_left_keypoints_2d": [],
            "hand_right_keypoints_2d": [],
            "pose_keypoints_3d": [],
            "face_keypoints_3d": [],
            "hand_left_keypoints_3d": [],
            "hand_right_keypoints_3d": []
        }
    ]
}