{
    "version": 1.3,
    "people": [
        {
            "person_id": [
                -1
            ],
            "pose_keypoints_2d": [
                0,
                0,
                0,
                432.88,
                96.33,
                0.80876,
                457.352,
                96.339,
                0.785552,
                0,
                0,
                0,
                0,
                0,
                0,
                403.522,
                96.3476,
                0.720813,
                375.157,
                143.315,
                0.653308,
                351.678,
                176.615,
                0.635915,
                433.872,
                175.611,
                0.591664,
                449.477,
                174.609,
                0.549477,
                446.547,
                260.667,
                0.762276,
                443.66,
                332.088,
                0.726062,
                419.138,
                177.553,
                0.567801,
                426.952,
                260.696,
                0.819221,
                433.874,
                331.109,
                0.7603,
                0,
                0,
                0,
                412.312,
                58.1727,
                0.18221,
                442.625,
                64.069,
                0.229748,
                419.191,
                59.1619,
                0.931023,
                411.361,
                335.055,
                0.733833,
                418.176,
                338.954,
                0.730932,
                440.664,
                336.992,
                0.569711,
                424.048,
                333.09,
                0.0528431,
                0,
                0,
                0,
                449.479,
                337.968,
                0.673569
            ],
            "face_keypoints_2d": [],
            "hand_left_keypoints_2d": [],
            "hand_right_keypoints_2d": [],
            "pose_keypoints_3d": [],
            "face_keypoints_3d": [],
            "hand_left_keypoints_3d": [],
            "hand_right_keypoints_3d": []
        }
    ]
}