{
    "version": 1.3,
    "people": [
        {
            "person_id": [
                -1
            ],
            "pose_keypoints_2d": [
                0,
                0,
                0,
                420.176,
                106.147,
                0.873557,
                442.671,
                106.191,
                0.805587,
                457.282,
                157.008,
                0.830371,
                450.46,
                188.316,
                0.628011,
                396.688,
                105.206,
                0.826791,
                393.744,
                148.194,
                0.835399,
                387.877,
                192.206,
                0.850126,
                427.029,
                183.414,
                0.624683,
                442.609,
                182.445,
                0.62003,
                449.506,
                258.737,
                0.797691,
                457.302,
                329.185,
                0.725087,
                412.322,
                183.433,
                0.610602,
                388.832,
                246.019,
                0.859573,
                393.714,
                309.597,
                0.809545,
                0,
                0,
                0,
                397.648,
                77.776,
                0.15069,
                425.048,
                81.6514,
                0.284057,
                403.545,
                78.7411,
                0.8754,
                374.172,
                316.407,
                0.738118,
                379.055,
                316.494,
                0.797056,
                395.728,
                316.466,
                0.821927,
                433.811,
                332.131,
                0.720435,
                434.85,
                332.071,
                0.635006,
                459.301,
                337.974,
                0.648168
            ],
            "face_keypoints_2d": [],
            "hand_left_keypoints_2d": [],
            "hand_right_keypoints_2d": [],
            "pose_keypoints_3d": [],
            "face_keypoints_3d": [],
            "hand_left_keypoints_3d": [],
            "hand_right_keypoints_3d": []
        }
    ]
}