{
    "version": 1.3,
    "people": [
        {
            "person_id": [
                -1
            ],
            "pose_keypoints_2d": [
                0,
                0,
                0,
                385.887,
                99.316,
                0.822241,
                411.354,
                98.3646,
                0.798742,
                427.984,
                147.219,
                0.782319,
                433.882,
                196.15,
                0.790548,
                356.533,
                101.246,
                0.78034,
                347.727,
                149.19,
                0.84554,
                338.945,
                198.094,
                0.752486,
                393.702,
                183.401,
                0.554015,
                409.403,
                180.49,
                0.540167,
                426.043,
                262.637,
                0.854237,
                444.608,
                339.897,
                0.701258,
                375.155,
                183.439,
                0.517943,
                370.227,
                271.453,
                0.77208,
                364.383,
                337.975,
                0.787943,
                0,
                0,
                0,
                0,
                0,
                0,
                386.862,
                74.8141,
                0.429712,
                362.441,
                77.7719,
                0.832042,
                341.88,
                340.955,
                0.695319,
                347.758,
                343.844,
                0.686581,
                368.299,
                343.867,
                0.664905,
                430.909,
                349.734,
                0.361968,
                432.875,
                348.749,
                0.36671,
                450.438,
                345.786,
                0.63117
            ],
            "face_keypoints_2d": [],
            "hand_left_keypoints_2d": [],
            "hand_right_keypoints_2d": [],
            "pose_keypoints_3d": [],
            "face_keypoints_3d": [],
            "hand_left_keypoints_3d": [],
            "hand_right_keypoints_3d": []
        }
    ]
}