{
    "version": 1.3,
    "people": [
        {
            "person_id": [
                -1
            ],
            "pose_keypoints_2d": [
                395.648,
                84.6248,
                0.110176,
                419.201,
                107.158,
                0.856752,
                442.638,
                110.051,
                0.805695,
                456.339,
                157.025,
                0.777066,
                450.459,
                190.284,
                0.590405,
                395.729,
                106.197,
                0.819757,
                393.711,
                150.148,
                0.828373,
                387.861,
                193.205,
                0.846218,
                426.987,
                183.44,
                0.647842,
                441.685,
                183.406,
                0.629674,
                449.518,
                258.747,
                0.797901,
                458.272,
                329.166,
                0.724463,
                411.384,
                184.409,
                0.627303,
                388.876,
                246.999,
                0.836085,
                387.913,
                309.624,
                0.857258,
                0,
                0,
                0,
                395.718,
                81.6876,
                0.33786,
                424.046,
                82.6498,
                0.266251,
                402.579,
                81.6977,
                0.951226,
                372.201,
                315.489,
                0.703977,
                376.135,
                316.475,
                0.755279,
                393.716,
                316.493,
                0.837795,
                434.803,
                333.053,
                0.674279,
                436.783,
                332.094,
                0.576376,
                463.175,
                337.012,
                0.61156
            ],
            "face_keypoints_2d": [],
            "hand_left_keypoints_2d": [],
            "hand_right_keypoints_2d": [],
            "pose_keypoints_3d": [],
            "face_keypoints_3d": [],
            "hand_left_keypoints_3d": [],
            "hand_right_keypoints_3d": []
        }
    ]
}