{
    "version": 1.3,
    "people": [
        {
            "person_id": [
                -1
            ],
            "pose_keypoints_2d": [
                0,
                0,
                0,
                335.031,
                145.272,
                0.889742,
                354.598,
                145.268,
                0.875853,
                363.437,
                173.627,
                0.721777,
                363.364,
                191.241,
                0.480011,
                317.412,
                145.282,
                0.890345,
                316.456,
                173.652,
                0.763167,
                316.424,
                194.194,
                0.803095,
                340.952,
                192.233,
                0.774159,
                354.581,
                192.223,
                0.732505,
                362.409,
                238.19,
                0.832889,
                379.066,
                268.534,
                0.780878,
                331.136,
                193.199,
                0.725748,
                322.342,
                240.184,
                0.794163,
                324.323,
                284.145,
                0.831771,
                0,
                0,
                0,
                0,
                0,
                0,
                339.91,
                127.678,
                0.442485,
                324.278,
                128.628,
                0.936046,
                318.442,
                285.169,
                0.513042,
                317.455,
                286.124,
                0.670452,
                326.233,
                286.183,
                0.798083,
                379.083,
                292.961,
                0.754878,
                382.969,
                291.032,
                0.634257,
                382.003,
                269.529,
                0.597077
            ],
            "face_keypoints_2d": [],
            "hand_left_keypoints_2d": [],
            "hand_right_keypoints_2d": [],
            "pose_keypoints_3d": [],
            "face_keypoints_3d": [],
            "hand_left_keypoints_3d": [],
            "hand_right_keypoints_3d": []
        }
    ]
}