{
    "version": 1.3,
    "people": [
        {
            "person_id": [
                -1
            ],
            "pose_keypoints_2d": [
                0,
                0,
                0,
                425.019,
                97.3054,
                0.826922,
                449.471,
                97.3576,
                0.826056,
                454.378,
                150.147,
                0.758244,
                448.514,
                186.353,
                0.618419,
                397.642,
                96.3605,
                0.764012,
                385.928,
                144.326,
                0.876004,
                372.229,
                191.275,
                0.793626,
                426.047,
                178.528,
                0.582466,
                441.63,
                177.543,
                0.551157,
                439.725,
                259.718,
                0.768455,
                440.71,
                331.104,
                0.727193,
                411.362,
                179.512,
                0.539792,
                419.208,
                261.676,
                0.815692,
                427.991,
                330.151,
                0.760289,
                0,
                0,
                0,
                395.747,
                67.0281,
                0.161718,
                426.972,
                66.9771,
                0.246805,
                403.527,
                66.0353,
                0.933398,
                409.387,
                337.008,
                0.745437,
                413.292,
                338.971,
                0.767106,
                433.86,
                336.016,
                0.658375,
                0,
                0,
                0,
                0,
                0,
                0,
                442.666,
                336.989,
                0.654083
            ],
            "face_keypoints_2d": [],
            "hand_left_keypoints_2d": [],
            "hand_right_keypoints_2d": [],
            "pose_keypoints_3d": [],
            "face_keypoints_3d": [],
            "hand_left_keypoints_3d": [],
            "hand_right_keypoints_3d": []
        }
    ]
}