{
    "version": 1.3,
    "people": [
        {
            "person_id": [
                -1
            ],
            "pose_keypoints_2d": [
                0,
                0,
                0,
                386.841,
                90.5165,
                0.874409,
                418.208,
                90.5367,
                0.78294,
                433.883,
                146.273,
                0.833877,
                433.838,
                200.035,
                0.830107,
                350.694,
                90.5307,
                0.765198,
                334.079,
                144.251,
                0.770233,
                317.458,
                196.153,
                0.723354,
                390.816,
                185.387,
                0.53001,
                410.371,
                185.379,
                0.543838,
                421.135,
                281.259,
                0.689324,
                429.925,
                357.563,
                0.789056,
                371.229,
                186.363,
                0.509743,
                345.815,
                275.367,
                0.703274,
                334.096,
                350.697,
                0.667229,
                0,
                0,
                0,
                0,
                0,
                0,
                393.708,
                64.0711,
                0.750876,
                363.399,
                62.1478,
                0.877487,
                333.097,
                357.581,
                0.107676,
                0,
                0,
                0,
                333.114,
                357.562,
                0.446535,
                427.963,
                357.578,
                0.185641,
                430.913,
                357.581,
                0.177589,
                430.914,
                357.577,
                0.461919
            ],
            "face_keypoints_2d": [],
            "hand_left_keypoints_2d": [],
            "hand_right_keypoints_2d": [],
            "pose_keypoints_3d": [],
            "face_keypoints_3d": [],
            "hand_left_keypoints_3d": [],
            "hand_right_keypoints_3d": []
        }
    ]
}