{
    "version": 1.3,
    "people": [
        {
            "person_id": [
                -1
            ],
            "pose_keypoints_2d": [
                0,
                0,
                0,
                402.526,
                97.3615,
                0.875217,
                426.047,
                98.3127,
                0.828517,
                432.827,
                148.214,
                0.758421,
                425.987,
                181.479,
                0.453489,
                376.119,
                97.3126,
                0.777703,
                363.429,
                145.255,
                0.892526,
                351.678,
                191.263,
                0.785803,
                407.418,
                178.531,
                0.588101,
                419.22,
                177.543,
                0.59775,
                424.049,
                258.755,
                0.759257,
                426.008,
                329.187,
                0.762491,
                393.704,
                180.488,
                0.553399,
                403.488,
                262.638,
                0.858219,
                413.299,
                330.166,
                0.751254,
                0,
                0,
                0,
                374.159,
                73.9075,
                0.152994,
                403.548,
                70.9234,
                0.134215,
                381.042,
                72.8452,
                0.84616,
                393.718,
                337.977,
                0.729501,
                396.689,
                339.903,
                0.762396,
                419.186,
                336.04,
                0.651617,
                0,
                0,
                0,
                0,
                0,
                0,
                427.983,
                335.055,
                0.651192
            ],
            "face_keypoints_2d": [],
            "hand_left_keypoints_2d": [],
            "hand_right_keypoints_2d": [],
            "pose_keypoints_3d": [],
            "face_keypoints_3d": [],
            "hand_left_keypoints_3d": [],
            "hand_right_keypoints_3d": []
        }
    ]
}