{
    "version": 1.3,
    "people": [
        {
            "person_id": [
                -1
            ],
            "pose_keypoints_2d": [
                0,
                0,
                0,
                339.911,
                169.719,
                0.914939,
                356.579,
                168.783,
                0.900187,
                370.273,
                198.069,
                0.777801,
                371.282,
                221.571,
                0.89264,
                319.407,
                169.764,
                0.828486,
                316.501,
                200.085,
                0.921275,
                317.406,
                222.587,
                0.862987,
                340.959,
                219.625,
                0.761577,
                354.6,
                218.638,
                0.724587,
                352.666,
                259.72,
                0.745687,
                348.713,
                291.017,
                0.056634,
                332.067,
                221.547,
                0.749954,
                333.048,
                259.733,
                0.862892,
                343.852,
                293.018,
                0.816626,
                0,
                0,
                0,
                0,
                0,
                0,
                344.825,
                147.227,
                0.768334,
                330.142,
                149.169,
                0.816869,
                341.884,
                300.785,
                0.578602,
                340.92,
                300.779,
                0.692975,
                347.749,
                296.908,
                0.796462,
                0,
                0,
                0,
                0,
                0,
                0,
                0,
                0,
                0
            ],
            "face_keypoints_2d": [],
            "hand_left_keypoints_2d": [],
            "hand_right_keypoints_2d": [],
            "pose_keypoints_3d": [],
            "face_keypoints_3d": [],
            "hand_left_keypoints_3d": [],
            "hand_right_keypoints_3d": []
        }
    ]
}