{
    "version": 1.3,
    "people": [
        {
            "person_id": [
                -1
            ],
            "pose_keypoints_2d": [
                0,
                0,
                0,
                395.71,
                90.4599,
                0.867024,
                426.996,
                91.4607,
                0.763257,
                441.67,
                149.185,
                0.801977,
                441.661,
                196.138,
                0.759873,
                364.407,
                89.4723,
                0.77776,
                349.704,
                142.334,
                0.719826,
                337.986,
                193.236,
                0.758781,
                400.568,
                180.488,
                0.509009,
                418.187,
                180.492,
                0.523937,
                427.02,
                282.225,
                0.774022,
                433.795,
                351.689,
                0.679375,
                380.062,
                181.458,
                0.50306,
                354.603,
                270.503,
                0.754594,
                346.767,
                357.551,
                0.685731,
                0,
                0,
                0,
                0,
                0,
                0,
                402.541,
                64.0855,
                0.759,
                373.225,
                61.1748,
                0.838213,
                335.037,
                357.56,
                0.107269,
                0,
                0,
                0,
                346.786,
                357.571,
                0.432389,
                430.914,
                357.562,
                0.180923,
                434.82,
                357.566,
                0.207128,
                433.818,
                357.563,
                0.528991
            ],
            "face_keypoints_2d": [],
            "hand_left_keypoints_2d": [],
            "hand_right_keypoints_2d": [],
            "pose_keypoints_3d": [],
            "face_keypoints_3d": [],
            "hand_left_keypoints_3d": [],
            "hand_right_keypoints_3d": []
        }
    ]
}