{
    "version": 1.3,
    "people": [
        {
            "person_id": [
                -1
            ],
            "pose_keypoints_2d": [
                0,
                0,
                0,
                429.95,
                84.6355,
                0.770872,
                450.518,
                88.5296,
                0.832431,
                440.693,
                48.415,
                0.741028,
                427.042,
                13.2464,
                0.86186,
                409.379,
                82.6634,
                0.795961,
                388.858,
                35.7355,
                0.807974,
                381.988,
                2.91676,
                0.474717,
                429.942,
                172.66,
                0.53269,
                443.606,
                169.744,
                0.566027,
                443.664,
                259.71,
                0.760459,
                446.562,
                330.168,
                0.707857,
                416.222,
                173.65,
                0.512157,
                426.953,
                258.747,
                0.815631,
                435.781,
                329.16,
                0.740655,
                0,
                0,
                0,
                0,
                0,
                0,
                440.662,
                65.0703,
                0.427181,
                418.172,
                58.2179,
                0.943747,
                415.266,
                335.033,
                0.722842,
                419.215,
                337.981,
                0.743473,
                441.684,
                335.036,
                0.582118,
                425.006,
                333.095,
                0.0547046,
                0,
                0,
                0,
                450.454,
                335.069,
                0.636151
            ],
            "face_keypoints_2d": [],
            "hand_left_keypoints_2d": [],
            "hand_right_keypoints_2d": [],
            "pose_keypoints_3d": [],
            "face_keypoints_3d": [],
            "hand_left_keypoints_3d": [],
            "hand_right_keypoints_3d": []
        }
    ]
}