{
    "version": 1.3,
    "people": [
        {
            "person_id": [
                -1
            ],
            "pose_keypoints_2d": [
                333.09,
                169.762,
                0.645332,
                332.15,
                175.568,
                0.95989,
                323.306,
                175.558,
                0.908381,
                312.556,
                185.373,
                0.810942,
                302.786,
                199.025,
                0.727105,
                341.895,
                175.578,
                0.901222,
                349.746,
                186.367,
                0.822506,
                357.556,
                198.088,
                0.783285,
                330.151,
                198.09,
                0.849385,
                324.261,
                198.061,
                0.84866,
                325.293,
                216.691,
                0.892888,
                324.253,
                239.164,
                0.863501,
                334.089,
                199.042,
                0.874634,
                336.026,
                219.627,
                0.805086,
                334.052,
                239.221,
                0.837079,
                332.112,
                168.741,
                0.625735,
                334.082,
                168.752,
                0.583413,
                330.129,
                167.799,
                0.547701,
                337.013,
                168.721,
                0.418532,
                337.969,
                245.063,
                0.613712,
                339.915,
                244.074,
                0.664237,
                333.074,
                241.157,
                0.580306,
                326.261,
                244.074,
                0.65025,
                324.241,
                244.069,
                0.639742,
                323.312,
                240.159,
                0.637694
            ],
            "face_keypoints_2d": [],
            "hand_left_keypoints_2d": [],
            "hand_right_keypoints_2d": [],
            "pose_keypoints_3d": [],
            "face_keypoints_3d": [],
            "hand_left_keypoints_3d": [],
            "hand_right_keypoints_3d": []
        }
    ]
}