{
    "version": 1.3,
    "people": [
        {
            "person_id": [
                -1
            ],
            "pose_keypoints_2d": [
                309.66,
                187.347,
                0.187506,
                307.649,
                193.21,
                0.775195,
                301.836,
                192.273,
                0.881576,
                300.773,
                205.933,
                0.896104,
                309.638,
                207.919,
                0.883658,
                309.629,
                193.227,
                0.769266,
                311.589,
                204.962,
                0.274119,
                316.493,
                207.93,
                0.334688,
                308.573,
                214.716,
                0.89191,
                302.782,
                214.712,
                0.878775,
                302.757,
                230.414,
                0.905271,
                294.014,
                246.984,
                0.887521,
                309.643,
                214.712,
                0.87501,
                310.619,
                231.338,
                0.85253,
                313.532,
                247.022,
                0.854839,
                309.588,
                185.379,
                0.182593,
                310.604,
                184.429,
                0.073651,
                307.634,
                185.405,
                0.355052,
                0,
                0,
                0,
                317.476,
                249.939,
                0.627358,
                318.407,
                248.017,
                0.638259,
                310.599,
                248.021,
                0.669131,
                300.764,
                251.891,
                0.626329,
                294.947,
                249.964,
                0.616523,
                293.957,
                247.038,
                0.752439
            ],
            "face_keypoints_2d": [],
            "hand_left_keypoints_2d": [],
            "hand_right_keypoints_2d": [],
            "pose_keypoints_3d": [],
            "face_keypoints_3d": [],
            "hand_left_keypoints_3d": [],
            "hand_right_keypoints_3d": []
        }
    ]
}