{
    "version": 1.3,
    "people": [
        {
            "person_id": [
                -1
            ],
            "pose_keypoints_2d": [
                0,
                0,
                0,
                419.192,
                97.3694,
                0.876605,
                443.642,
                97.3711,
                0.807856,
                449.497,
                151.159,
                0.838735,
                445.592,
                184.447,
                0.638992,
                394.687,
                97.3411,
                0.796575,
                380.013,
                144.323,
                0.896402,
                367.309,
                191.205,
                0.791882,
                423.064,
                179.504,
                0.547128,
                435.786,
                177.565,
                0.559805,
                435.807,
                259.708,
                0.7787,
                435.805,
                330.153,
                0.724357,
                408.417,
                180.492,
                0.534308,
                418.183,
                261.675,
                0.856856,
                426.027,
                328.185,
                0.753963,
                0,
                0,
                0,
                394.689,
                70.9451,
                0.184945,
                422.092,
                67.0573,
                0.204605,
                400.57,
                67.0571,
                0.88393,
                404.502,
                337.014,
                0.68574,
                410.362,
                338.969,
                0.719654,
                429.934,
                334.098,
                0.610855,
                0,
                0,
                0,
                0,
                0,
                0,
                440.682,
                336.034,
                0.664593
            ],
            "face_keypoints_2d": [],
            "hand_left_keypoints_2d": [],
            "hand_right_keypoints_2d": [],
            "pose_keypoints_3d": [],
            "face_keypoints_3d": [],
            "hand_left_keypoints_3d": [],
            "hand_right_keypoints_3d": []
        }
    ]
}