{
    "version": 1.3,
    "people": [
        {
            "person_id": [
                -1
            ],
            "pose_keypoints_2d": [
                0,
                0,
                0,
                348.723,
                153.11,
                0.919022,
                371.208,
                153.075,
                0.87426,
                382.985,
                190.257,
                0.737103,
                380.064,
                209.841,
                0.43444,
                326.225,
                153.148,
                0.860996,
                324.297,
                189.309,
                0.831116,
                324.26,
                221.55,
                0.800828,
                359.517,
                208.868,
                0.647231,
                371.258,
                207.902,
                0.671594,
                357.556,
                260.678,
                0.789785,
                364.395,
                302.781,
                0.8147,
                348.736,
                211.784,
                0.676277,
                353.639,
                262.666,
                0.82248,
                379.089,
                286.096,
                0.841215,
                0,
                0,
                0,
                0,
                0,
                0,
                353.643,
                133.52,
                0.530548,
                334.08,
                131.581,
                0.85615,
                392.753,
                308.647,
                0.808671,
                391.793,
                305.69,
                0.696196,
                383.953,
                285.109,
                0.629447,
                356.546,
                308.651,
                0.664761,
                358.525,
                308.609,
                0.560476,
                365.389,
                308.634,
                0.75652
            ],
            "face_keypoints_2d": [],
            "hand_left_keypoints_2d": [],
            "hand_right_keypoints_2d": [],
            "pose_keypoints_3d": [],
            "face_keypoints_3d": [],
            "hand_left_keypoints_3d": [],
            "hand_right_keypoints_3d": []
        }
    ]
}