{
    "version": 1.3,
    "people": [
        {
            "person_id": [
                -1
            ],
            "pose_keypoints_2d": [
                297.875,
                190.274,
                0.485103,
                295.898,
                198.088,
                0.779424,
                293.919,
                198.093,
                0.886534,
                293.997,
                207.864,
                0.928797,
                305.682,
                210.801,
                0.789158,
                299.834,
                198.085,
                0.763256,
                302.776,
                206.85,
                0.309,
                308.617,
                207.872,
                0.2876,
                300.754,
                217.665,
                0.856816,
                296.877,
                217.673,
                0.813166,
                293.958,
                235.254,
                0.825621,
                290.044,
                248.973,
                0.72452,
                301.786,
                217.65,
                0.849875,
                306.666,
                236.221,
                0.773314,
                309.569,
                250.91,
                0.782727,
                294.962,
                189.289,
                0.503156,
                297.868,
                188.326,
                0.243222,
                293.948,
                190.283,
                0.604247,
                0,
                0,
                0,
                311.559,
                252.858,
                0.454461,
                311.572,
                252.854,
                0.480989,
                308.635,
                252.856,
                0.634039,
                292.947,
                253.817,
                0.591864,
                288.093,
                252.884,
                0.568433,
                288.111,
                250.911,
                0.605423
            ],
            "face_keypoints_2d": [],
            "hand_left_keypoints_2d": [],
            "hand_right_keypoints_2d": [],
            "pose_keypoints_3d": [],
            "face_keypoints_3d": [],
            "hand_left_keypoints_3d": [],
            "hand_right_keypoints_3d": []
        }
    ]
}