{
    "version": 1.3,
    "people": [
        {
            "person_id": [
                -1
            ],
            "pose_keypoints_2d": [
                410.396,
                65.9977,
                0.108438,
                435.806,
                91.4915,
                0.834192,
                458.297,
                92.4693,
                0.785135,
                489.578,
                112.012,
                0.764498,
                523.831,
                124.752,
                0.67904,
                412.332,
                90.5346,
                0.788981,
                364.412,
                94.4096,
                0.735653,
                324.305,
                97.3347,
                0.632076,
                435.788,
                175.607,
                0.573592,
                449.534,
                174.618,
                0.560725,
                450.434,
                261.637,
                0.825856,
                449.536,
                331.141,
                0.757953,
                422.093,
                176.591,
                0.517711,
                431.898,
                260.72,
                0.787159,
                439.691,
                330.157,
                0.728493,
                0,
                0,
                0,
                412.315,
                59.2156,
                0.299694,
                441.679,
                66.0132,
                0.139023,
                420.17,
                60.1914,
                0.855624,
                418.184,
                337.972,
                0.735612,
                423.079,
                339.907,
                0.744,
                443.613,
                336.988,
                0.587365,
                0,
                0,
                0,
                0,
                0,
                0,
                452.451,
                337.976,
                0.629782
            ],
            "face_keypoints_2d": [],
            "hand_left_keypoints_2d": [],
            "hand_right_keypoints_2d": [],
            "pose_keypoints_3d": [],
            "face_keypoints_3d": [],
            "hand_left_keypoints_3d": [],
            "hand_right_keypoints_3d": []
        }
    ]
}