{
    "version": 1.3,
    "people": [
        {
            "person_id": [
                -1
            ],
            "pose_keypoints_2d": [
                0,
                0,
                0,
                361.468,
                93.4149,
                0.791136,
                396.705,
                91.4957,
                0.701877,
                415.237,
                151.151,
                0.72712,
                418.195,
                204.946,
                0.75274,
                323.314,
                95.3759,
                0.706976,
                307.615,
                153.089,
                0.811399,
                293.006,
                211.805,
                0.727502,
                369.285,
                190.269,
                0.517621,
                388.842,
                190.257,
                0.504594,
                410.33,
                284.18,
                0.788359,
                426.039,
                357.565,
                0.772603,
                347.727,
                191.236,
                0.505021,
                331.141,
                283.202,
                0.746712,
                313.523,
                357.578,
                0.168434,
                0,
                0,
                0,
                0,
                0,
                0,
                371.205,
                65.0248,
                0.771777,
                338.964,
                63.0991,
                0.837913,
                0,
                0,
                0,
                0,
                0,
                0,
                0,
                0,
                0,
                426.012,
                357.579,
                0.173109,
                427.016,
                357.581,
                0.164503,
                426.995,
                357.577,
                0.437687
            ],
            "face_keypoints_2d": [],
            "hand_left_keypoints_2d": [],
            "hand_right_keypoints_2d": [],
            "pose_keypoints_3d": [],
            "face_keypoints_3d": [],
            "hand_left_keypoints_3d": [],
            "hand_right_keypoints_3d": []
        }
    ]
}