{
    "version": 1.3,
    "people": [
        {
            "person_id": [
                -1
            ],
            "pose_keypoints_2d": [
                0,
                0,
                0,
                418.144,
                113.983,
                0.88162,
                439.729,
                114.969,
                0.788212,
                450.476,
                159.976,
                0.89602,
                448.483,
                192.221,
                0.65933,
                394.682,
                113.932,
                0.841773,
                387.887,
                155.045,
                0.861021,
                386.903,
                195.166,
                0.834524,
                425.979,
                185.371,
                0.641669,
                439.728,
                184.398,
                0.601301,
                450.447,
                257.774,
                0.808172,
                465.09,
                327.209,
                0.741882,
                410.379,
                185.394,
                0.636667,
                388.876,
                251.884,
                0.811828,
                385.926,
                309.615,
                0.859825,
                0,
                0,
                0,
                392.767,
                83.6686,
                0.116002,
                419.14,
                89.4898,
                0.724878,
                396.685,
                87.5352,
                0.869846,
                369.276,
                309.641,
                0.728499,
                371.234,
                312.561,
                0.775768,
                387.887,
                317.399,
                0.81062,
                441.644,
                333.128,
                0.701494,
                442.689,
                332.152,
                0.637085,
                468.079,
                334.107,
                0.713354
            ],
            "face_keypoints_2d": [],
            "hand_left_keypoints_2d": [],
            "hand_right_keypoints_2d": [],
            "pose_keypoints_3d": [],
            "face_keypoints_3d": [],
            "hand_left_keypoints_3d": [],
            "hand_right_keypoints_3d": []
        }
    ]
}