{
    "version": 1.3,
    "people": [
        {
            "person_id": [
                -1
            ],
            "pose_keypoints_2d": [
                0,
                0,
                0,
                388.844,
                98.3539,
                0.858399,
                411.393,
                99.2853,
                0.797811,
                419.132,
                150.167,
                0.702863,
                412.317,
                179.521,
                0.299298,
                364.403,
                98.366,
                0.826304,
                354.57,
                146.26,
                0.824741,
                343.862,
                192.205,
                0.777553,
                395.725,
                177.569,
                0.616716,
                410.39,
                176.593,
                0.615014,
                412.339,
                260.7,
                0.801262,
                413.31,
                331.128,
                0.729804,
                382.003,
                179.518,
                0.560454,
                394.672,
                261.719,
                0.84746,
                402.57,
                331.129,
                0.783897,
                0,
                0,
                0,
                0,
                0,
                0,
                389.822,
                73.863,
                0.399,
                369.281,
                75.827,
                0.843984,
                382.967,
                339.898,
                0.778677,
                387.887,
                340.882,
                0.805417,
                407.446,
                337.02,
                0.622107,
                0,
                0,
                0,
                0,
                0,
                0,
                418.155,
                337.971,
                0.675906
            ],
            "face_keypoints_2d": [],
            "hand_left_keypoints_2d": [],
            "hand_right_keypoints_2d": [],
            "pose_keypoints_3d": [],
            "face_keypoints_3d": [],
            "hand_left_keypoints_3d": [],
            "hand_right_keypoints_3d": []
        }
    ]
}