{
    "version": 1.3,
    "people": [
        {
            "person_id": [
                -1
            ],
            "pose_keypoints_2d": [
                0,
                0,
                0,
                430.905,
                96.3313,
                0.771088,
                456.335,
                96.3574,
                0.771892,
                0,
                0,
                0,
                0,
                0,
                0,
                403.524,
                96.3401,
                0.739367,
                385.876,
                144.277,
                0.818812,
                369.264,
                193.195,
                0.706562,
                433.834,
                175.592,
                0.593355,
                448.529,
                172.665,
                0.550375,
                443.63,
                258.75,
                0.782352,
                443.623,
                330.149,
                0.733077,
                418.207,
                176.597,
                0.578457,
                426.044,
                258.735,
                0.80872,
                433.836,
                329.173,
                0.746225,
                0,
                0,
                0,
                411.31,
                58.2168,
                0.177275,
                440.701,
                65.075,
                0.234919,
                418.161,
                59.2127,
                0.90685,
                411.323,
                335.046,
                0.744502,
                417.223,
                338.942,
                0.721462,
                438.744,
                335.047,
                0.58511,
                0,
                0,
                0,
                0,
                0,
                0,
                449.461,
                335.064,
                0.687962
            ],
            "face_keypoints_2d": [],
            "hand_left_keypoints_2d": [],
            "hand_right_keypoints_2d": [],
            "pose_keypoints_3d": [],
            "face_keypoints_3d": [],
            "hand_left_keypoints_3d": [],
            "hand_right_keypoints_3d": []
        }
    ]
}