{
    "version": 1.3,
    "people": [
        {
            "person_id": [
                -1
            ],
            "pose_keypoints_2d": [
                0,
                0,
                0,
                425.972,
                105.146,
                0.868069,
                448.53,
                106.121,
                0.804289,
                457.343,
                153.132,
                0.715951,
                455.356,
                185.374,
                0.543655,
                401.541,
                104.157,
                0.783109,
                394.742,
                146.282,
                0.88929,
                388.866,
                191.257,
                0.825815,
                429.926,
                182.43,
                0.60431,
                443.631,
                181.476,
                0.600108,
                449.536,
                260.707,
                0.827543,
                454.386,
                328.185,
                0.70584,
                415.273,
                181.471,
                0.583879,
                388.829,
                243.09,
                0.832606,
                402.574,
                308.606,
                0.843363,
                0,
                0,
                0,
                402.567,
                75.8125,
                0.116652,
                428.002,
                78.7488,
                0.254723,
                409.35,
                74.8718,
                0.905646,
                386.872,
                318.431,
                0.707918,
                389.836,
                318.443,
                0.737847,
                408.407,
                314.489,
                0.753368,
                431.876,
                332.102,
                0.686914,
                433.876,
                331.135,
                0.60577,
                458.282,
                336.025,
                0.671471
            ],
            "face_keypoints_2d": [],
            "hand_left_keypoints_2d": [],
            "hand_right_keypoints_2d": [],
            "pose_keypoints_3d": [],
            "face_keypoints_3d": [],
            "hand_left_keypoints_3d": [],
            "hand_right_keypoints_3d": []
        }
    ]
}