{
    "version": 1.3,
    "people": [
        {
            "person_id": [
                -1
            ],
            "pose_keypoints_2d": [
                313.544,
                188.308,
                0.523486,
                309.644,
                192.238,
                0.860913,
                307.615,
                192.233,
                0.827543,
                301.808,
                201.062,
                0.832274,
                309.621,
                207.843,
                0.770984,
                315.469,
                192.253,
                0.801264,
                317.387,
                201.056,
                0.550408,
                319.39,
                207.858,
                0.459365,
                309.652,
                210.806,
                0.828429,
                308.6,
                210.82,
                0.832948,
                309.576,
                228.408,
                0.858694,
                300.855,
                244.072,
                0.640801,
                314.512,
                210.797,
                0.766821,
                315.444,
                229.378,
                0.766551,
                316.441,
                245.064,
                0.722156,
                312.529,
                185.397,
                0.518509,
                315.456,
                185.409,
                0.416227,
                309.609,
                186.355,
                0.56428,
                315.455,
                187.333,
                0.0609141,
                317.467,
                246.979,
                0.578834,
                318.428,
                246.055,
                0.587628,
                315.446,
                246.026,
                0.574569,
                302.776,
                247.022,
                0.528564,
                300.796,
                246.977,
                0.554436,
                300.812,
                245.049,
                0.536437
            ],
            "face_keypoints_2d": [],
            "hand_left_keypoints_2d": [],
            "hand_right_keypoints_2d": [],
            "pose_keypoints_3d": [],
            "face_keypoints_3d": [],
            "hand_left_keypoints_3d": [],
            "hand_right_keypoints_3d": []
        }
    ]
}