{
    "version": 1.3,
    "people": [
        {
            "person_id": [
                -1
            ],
            "pose_keypoints_2d": [
                0,
                0,
                0,
                429.93,
                84.6471,
                0.772291,
                450.515,
                88.5541,
                0.826096,
                440.657,
                48.4177,
                0.715872,
                427.03,
                13.2389,
                0.86759,
                408.424,
                82.6599,
                0.790693,
                390.822,
                35.7384,
                0.790668,
                383.936,
                2.44401,
                0.571204,
                428.961,
                173.633,
                0.545296,
                442.675,
                170.706,
                0.580263,
                443.637,
                259.731,
                0.781019,
                446.552,
                329.172,
                0.719496,
                414.293,
                174.627,
                0.521074,
                426.054,
                257.783,
                0.818509,
                434.837,
                328.211,
                0.757011,
                0,
                0,
                0,
                0,
                0,
                0,
                440.658,
                66.0086,
                0.389255,
                418.156,
                58.2264,
                0.934627,
                415.26,
                335.042,
                0.721983,
                419.212,
                337.986,
                0.748527,
                441.645,
                334.094,
                0.622702,
                425.018,
                332.135,
                0.0518355,
                0,
                0,
                0,
                450.436,
                334.088,
                0.683903
            ],
            "face_keypoints_2d": [],
            "hand_left_keypoints_2d": [],
            "hand_right_keypoints_2d": [],
            "pose_keypoints_3d": [],
            "face_keypoints_3d": [],
            "hand_left_keypoints_3d": [],
            "hand_right_keypoints_3d": []
        }
    ]
}