{
    "version": 1.3,
    "people": [
        {
            "person_id": [
                -1
            ],
            "pose_keypoints_2d": [
                0,
                0,
                0,
                328.201,
                164.852,
                0.838605,
                341.876,
                164.847,
                0.855864,
                355.604,
                181.471,
                0.799794,
                365.396,
                192.282,
                0.734927,
                315.48,
                163.88,
                0.832216,
                304.729,
                182.423,
                0.796552,
                297.88,
                192.266,
                0.78332,
                327.202,
                202.025,
                0.752066,
                336.028,
                202.989,
                0.735285,
                335.051,
                229.378,
                0.691956,
                328.187,
                246.971,
                0.535717,
                318.424,
                202.016,
                0.763319,
                322.33,
                224.523,
                0.685108,
                324.236,
                245.048,
                0.602255,
                0,
                0,
                0,
                0,
                0,
                0,
                334.055,
                152.084,
                0.807021,
                324.242,
                151.148,
                0.873616,
                321.341,
                245.06,
                0.244074,
                323.273,
                245.067,
                0.246954,
                323.297,
                246.989,
                0.480741,
                0,
                0,
                0,
                0,
                0,
                0,
                326.247,
                247.974,
                0.448867
            ],
            "face_keypoints_2d": [],
            "hand_left_keypoints_2d": [],
            "hand_right_keypoints_2d": [],
            "pose_keypoints_3d": [],
            "face_keypoints_3d": [],
            "hand_left_keypoints_3d": [],
            "hand_right_keypoints_3d": []
        }
    ]
}