{
    "version": 1.3,
    "people": [
        {
            "person_id": [
                -1
            ],
            "pose_keypoints_2d": [
                0,
                0,
                0,
                394.698,
                98.3611,
                0.871576,
                421.13,
                100.297,
                0.736508,
                433.848,
                153.134,
                0.847184,
                435.835,
                196.142,
                0.759409,
                364.398,
                98.3109,
                0.812465,
                353.611,
                145.315,
                0.835295,
                345.812,
                193.229,
                0.778708,
                396.66,
                184.39,
                0.550212,
                414.277,
                182.441,
                0.527678,
                429.92,
                266.572,
                0.742044,
                443.635,
                343.836,
                0.697116,
                379.1,
                184.42,
                0.556044,
                371.267,
                265.597,
                0.764722,
                362.454,
                336.034,
                0.752844,
                0,
                0,
                0,
                364.445,
                77.7764,
                0.158511,
                394.722,
                73.8778,
                0.289346,
                371.223,
                74.8895,
                0.888465,
                339.918,
                340.95,
                0.723325,
                344.832,
                343.852,
                0.665991,
                364.444,
                342.882,
                0.668001,
                427.016,
                357.544,
                0.333751,
                0,
                0,
                0,
                449.472,
                348.774,
                0.586637
            ],
            "face_keypoints_2d": [],
            "hand_left_keypoints_2d": [],
            "hand_right_keypoints_2d": [],
            "pose_keypoints_3d": [],
            "face_keypoints_3d": [],
            "hand_left_keypoints_3d": [],
            "hand_right_keypoints_3d": []
        }
    ]
}