{
    "version": 1.3,
    "people": [
        {
            "person_id": [
                -1
            ],
            "pose_keypoints_2d": [
                0,
                0,
                0,
                334.091,
                156.026,
                0.858178,
                352.666,
                157.005,
                0.827363,
                362.436,
                184.456,
                0.873406,
                348.712,
                193.188,
                0.61232,
                317.429,
                154.113,
                0.877134,
                308.595,
                175.559,
                0.807407,
                303.757,
                191.249,
                0.77511,
                337.957,
                200.041,
                0.759474,
                347.744,
                200.055,
                0.811164,
                352.641,
                245.015,
                0.824697,
                361.441,
                285.158,
                0.787103,
                326.225,
                200.065,
                0.760868,
                324.271,
                234.29,
                0.813023,
                328.191,
                267.526,
                0.777557,
                0,
                0,
                0,
                0,
                0,
                0,
                340.933,
                137.496,
                0.790991,
                325.277,
                137.455,
                0.950343,
                328.19,
                285.125,
                0.675328,
                324.31,
                282.216,
                0.682564,
                332.066,
                269.526,
                0.760764,
                355.571,
                293.986,
                0.742726,
                358.52,
                293.944,
                0.680781,
                362.445,
                290.046,
                0.779637
            ],
            "face_keypoints_2d": [],
            "hand_left_keypoints_2d": [],
            "hand_right_keypoints_2d": [],
            "pose_keypoints_3d": [],
            "face_keypoints_3d": [],
            "hand_left_keypoints_3d": [],
            "hand_right_keypoints_3d": []
        }
    ]
}