{
    "version": 1.3,
    "people": [
        {
            "person_id": [
                -1
            ],
            "pose_keypoints_2d": [
                0,
                0,
                0,
                336.01,
                160.925,
                0.888149,
                354.619,
                161.904,
                0.857051,
                363.447,
                192.204,
                0.807332,
                361.458,
                203.977,
                0.245679,
                317.456,
                159.964,
                0.897207,
                303.733,
                182.419,
                0.798152,
                301.782,
                206.881,
                0.866356,
                337.964,
                207.853,
                0.712158,
                347.783,
                207.871,
                0.761446,
                347.803,
                251.884,
                0.805585,
                348.771,
                292.018,
                0.851802,
                325.29,
                207.867,
                0.746841,
                320.383,
                244.055,
                0.75246,
                333.116,
                251.874,
                0.795673,
                0,
                0,
                0,
                0,
                0,
                0,
                340.948,
                143.295,
                0.73635,
                326.239,
                142.333,
                0.863084,
                334.1,
                270.491,
                0.772909,
                333.099,
                269.461,
                0.71769,
                335.068,
                247.032,
                0.723821,
                348.704,
                293.971,
                0.635557,
                352.667,
                294.926,
                0.63993,
                348.738,
                294.978,
                0.825948
            ],
            "face_keypoints_2d": [],
            "hand_left_keypoints_2d": [],
            "hand_right_keypoints_2d": [],
            "pose_keypoints_3d": [],
            "face_keypoints_3d": [],
            "hand_left_keypoints_3d": [],
            "hand_right_keypoints_3d": []
        }
    ]
}