{
    "version": 1.3,
    "people": [
        {
            "person_id": [
                -1
            ],
            "pose_keypoints_2d": [
                0,
                0,
                0,
                434.85,
                87.5684,
                0.849249,
                458.3,
                87.5629,
                0.78707,
                479.83,
                62.1331,
                0.711508,
                496.431,
                42.5342,
                0.893004,
                412.334,
                87.5655,
                0.727316,
                378.081,
                48.4261,
                0.703829,
                342.896,
                12.2443,
                0.77668,
                434.786,
                174.628,
                0.590601,
                449.453,
                172.664,
                0.560231,
                449.447,
                261.653,
                0.809015,
                449.455,
                332.113,
                0.754284,
                419.201,
                175.605,
                0.543706,
                428.941,
                260.702,
                0.778035,
                436.779,
                331.123,
                0.738792,
                0,
                0,
                0,
                412.332,
                57.2085,
                0.131688,
                440.698,
                63.0983,
                0.119661,
                419.158,
                59.2321,
                0.919822,
                416.245,
                337.954,
                0.71578,
                420.146,
                339.898,
                0.755583,
                442.653,
                337.975,
                0.581068,
                0,
                0,
                0,
                0,
                0,
                0,
                451.452,
                338.952,
                0.642318
            ],
            "face_keypoints_2d": [],
            "hand_left_keypoints_2d": [],
            "hand_right_keypoints_2d": [],
            "pose_keypoints_3d": [],
            "face_keypoints_3d": [],
            "hand_left_keypoints_3d": [],
            "hand_right_keypoints_3d": []
        }
    ]
}