{
    "version": 1.3,
    "people": [
        {
            "person_id": [
                -1
            ],
            "pose_keypoints_2d": [
                0,
                0,
                0,
                434.83,
                87.5496,
                0.847229,
                458.272,
                87.5556,
                0.777044,
                479.795,
                60.1926,
                0.717941,
                495.432,
                40.5958,
                0.813428,
                412.317,
                87.5558,
                0.727026,
                377.114,
                45.5165,
                0.731447,
                346.763,
                12.244,
                0.793515,
                433.87,
                174.631,
                0.597908,
                448.532,
                173.628,
                0.560984,
                449.436,
                260.711,
                0.795797,
                449.463,
                332.104,
                0.760901,
                419.178,
                175.6,
                0.563047,
                427.993,
                260.687,
                0.780956,
                436.782,
                331.126,
                0.740049,
                0,
                0,
                0,
                412.321,
                57.232,
                0.153042,
                440.659,
                63.1082,
                0.109243,
                419.166,
                59.2234,
                0.92645,
                416.245,
                337.966,
                0.7189,
                420.148,
                339.907,
                0.756854,
                442.662,
                337.97,
                0.589422,
                0,
                0,
                0,
                0,
                0,
                0,
                451.461,
                338.936,
                0.648539
            ],
            "face_keypoints_2d": [],
            "hand_left_keypoints_2d": [],
            "hand_right_keypoints_2d": [],
            "pose_keypoints_3d": [],
            "face_keypoints_3d": [],
            "hand_left_keypoints_3d": [],
            "hand_right_keypoints_3d": []
        }
    ]
}