{
    "version": 1.3,
    "people": [
        {
            "person_id": [
                -1
            ],
            "pose_keypoints_2d": [
                403.572,
                64.0854,
                0.055021,
                429.919,
                97.3075,
                0.815749,
                456.328,
                98.2876,
                0.797684,
                458.315,
                145.306,
                0.81744,
                463.181,
                191.241,
                0.742115,
                403.508,
                95.399,
                0.757071,
                387.83,
                144.263,
                0.834906,
                372.225,
                191.215,
                0.807713,
                431.892,
                177.543,
                0.548573,
                446.541,
                175.612,
                0.545687,
                442.694,
                258.747,
                0.797543,
                442.696,
                330.169,
                0.755599,
                417.199,
                178.522,
                0.537752,
                425.988,
                257.777,
                0.793461,
                432.873,
                328.192,
                0.742739,
                0,
                0,
                0,
                406.45,
                59.2019,
                0.200085,
                435.82,
                66.0042,
                0.191465,
                413.298,
                60.1868,
                0.843807,
                410.394,
                335.059,
                0.718021,
                417.192,
                338.937,
                0.701462,
                435.816,
                334.081,
                0.624707,
                0,
                0,
                0,
                0,
                0,
                0,
                448.495,
                335.068,
                0.691248
            ],
            "face_keypoints_2d": [],
            "hand_left_keypoints_2d": [],
            "hand_right_keypoints_2d": [],
            "pose_keypoints_3d": [],
            "face_keypoints_3d": [],
            "hand_left_keypoints_3d": [],
            "hand_right_keypoints_3d": []
        }
    ]
}