{
    "version": 1.3,
    "people": [
        {
            "person_id": [
                -1
            ],
            "pose_keypoints_2d": [
                0,
                0,
                0,
                408.407,
                120.761,
                0.8337,
                429.947,
                120.775,
                0.794702,
                441.711,
                163.859,
                0.848591,
                437.765,
                196.134,
                0.529962,
                383.968,
                120.763,
                0.79445,
                380.075,
                160.916,
                0.896934,
                380.003,
                200.022,
                0.885721,
                417.194,
                186.373,
                0.625827,
                430.905,
                185.38,
                0.613474,
                443.636,
                255.827,
                0.807367,
                465.152,
                323.296,
                0.794417,
                402.497,
                188.31,
                0.63073,
                385.915,
                252.875,
                0.83025,
                386.9,
                311.555,
                0.824974,
                0,
                0,
                0,
                383.942,
                91.4586,
                0.0969527,
                410.378,
                94.4059,
                0.612343,
                388.844,
                91.5086,
                0.895535,
                371.238,
                313.526,
                0.700268,
                372.244,
                316.415,
                0.795808,
                388.88,
                317.429,
                0.793546,
                443.627,
                336.024,
                0.669974,
                447.514,
                333.104,
                0.617231,
                471.014,
                330.135,
                0.681072
            ],
            "face_keypoints_2d": [],
            "hand_left_keypoints_2d": [],
            "hand_right_keypoints_2d": [],
            "pose_keypoints_3d": [],
            "face_keypoints_3d": [],
            "hand_left_keypoints_3d": [],
            "hand_right_keypoints_3d": []
        }
    ]
}