{
    "version": 1.3,
    "people": [
        {
            "person_id": [
                -1
            ],
            "pose_keypoints_2d": [
                411.3,
                65.0675,
                0.107651,
                436.782,
                91.4574,
                0.825705,
                459.29,
                96.3281,
                0.762375,
                492.552,
                97.3749,
                0.70534,
                525.786,
                99.2952,
                0.600883,
                414.266,
                90.4732,
                0.799777,
                370.263,
                82.6405,
                0.568756,
                319.403,
                68.0237,
                0.658024,
                434.865,
                175.607,
                0.568582,
                449.528,
                174.615,
                0.561347,
                450.429,
                261.641,
                0.827101,
                449.534,
                332.077,
                0.769651,
                421.114,
                176.587,
                0.517166,
                431.864,
                260.697,
                0.76554,
                437.776,
                330.135,
                0.716083,
                0,
                0,
                0,
                412.332,
                59.1704,
                0.292803,
                441.686,
                65.9957,
                0.107072,
                420.166,
                60.1788,
                0.860602,
                418.162,
                338.919,
                0.72921,
                422.1,
                339.915,
                0.741669,
                442.682,
                336.026,
                0.579768,
                0,
                0,
                0,
                0,
                0,
                0,
                452.441,
                337.982,
                0.650102
            ],
            "face_keypoints_2d": [],
            "hand_left_keypoints_2d": [],
            "hand_right_keypoints_2d": [],
            "pose_keypoints_3d": [],
            "face_keypoints_3d": [],
            "hand_left_keypoints_3d": [],
            "hand_right_keypoints_3d": []
        }
    ]
}