{
    "version": 1.3,
    "people": [
        {
            "person_id": [
                -1
            ],
            "pose_keypoints_2d": [
                0,
                0,
                0,
                424.047,
                97.3478,
                0.827646,
                449.447,
                97.3701,
                0.80834,
                452.427,
                149.179,
                0.758594,
                448.493,
                184.403,
                0.638567,
                396.686,
                97.3226,
                0.792002,
                385.925,
                145.263,
                0.85936,
                374.158,
                189.277,
                0.775073,
                426.034,
                180.477,
                0.584897,
                441.62,
                178.526,
                0.554188,
                439.691,
                257.772,
                0.749401,
                440.684,
                330.149,
                0.715979,
                411.333,
                182.428,
                0.556759,
                419.154,
                261.678,
                0.835747,
                427.972,
                330.141,
                0.758134,
                0,
                0,
                0,
                395.726,
                67.0233,
                0.179265,
                426.05,
                66.9998,
                0.22202,
                403.502,
                66.0807,
                0.951422,
                408.406,
                337.017,
                0.737432,
                412.324,
                339.888,
                0.779487,
                433.861,
                335.064,
                0.65699,
                0,
                0,
                0,
                0,
                0,
                0,
                442.657,
                336.011,
                0.642672
            ],
            "face_keypoints_2d": [],
            "hand_left_keypoints_2d": [],
            "hand_right_keypoints_2d": [],
            "pose_keypoints_3d": [],
            "face_keypoints_3d": [],
            "hand_left_keypoints_3d": [],
            "hand_right_keypoints_3d": []
        }
    ]
}