{
    "version": 1.3,
    "people": [
        {
            "person_id": [
                -1
            ],
            "pose_keypoints_2d": [
                0,
                0,
                0,
                380.035,
                98.3061,
                0.88683,
                403.547,
                99.2826,
                0.814781,
                413.32,
                151.15,
                0.763238,
                411.386,
                184.412,
                0.674039,
                355.555,
                97.3788,
                0.820977,
                340.897,
                145.315,
                0.883595,
                332.109,
                192.211,
                0.822414,
                387.841,
                176.588,
                0.629709,
                402.515,
                175.599,
                0.597882,
                402.582,
                259.736,
                0.830333,
                403.558,
                330.164,
                0.768059,
                372.267,
                177.557,
                0.574954,
                381.027,
                261.701,
                0.814834,
                393.706,
                331.102,
                0.745529,
                0,
                0,
                0,
                0,
                0,
                0,
                380.092,
                73.8897,
                0.38478,
                358.516,
                76.7871,
                0.803948,
                372.245,
                339.951,
                0.864007,
                379.087,
                340.923,
                0.829239,
                396.684,
                337.008,
                0.662019,
                379.025,
                338.939,
                0.0851243,
                0,
                0,
                0,
                409.356,
                336.041,
                0.687684
            ],
            "face_keypoints_2d": [],
            "hand_left_keypoints_2d": [],
            "hand_right_keypoints_2d": [],
            "pose_keypoints_3d": [],
            "face_keypoints_3d": [],
            "hand_left_keypoints_3d": [],
            "hand_right_keypoints_3d": []
        }
    ]
}