{
    "version": 1.3,
    "people": [
        {
            "person_id": [
                -1
            ],
            "pose_keypoints_2d": [
                332.132,
                179.517,
                0.357517,
                333.044,
                179.495,
                0.877046,
                323.317,
                178.55,
                0.823506,
                316.419,
                193.21,
                0.7537,
                309.584,
                208.877,
                0.502435,
                341.9,
                178.538,
                0.853128,
                349.709,
                190.282,
                0.797112,
                352.65,
                199.03,
                0.604529,
                329.174,
                200.034,
                0.852991,
                323.313,
                199.099,
                0.832208,
                325.221,
                220.604,
                0.859212,
                319.405,
                239.203,
                0.803077,
                334.065,
                200.074,
                0.863451,
                333.068,
                222.508,
                0.868083,
                331.108,
                240.16,
                0.782577,
                332.07,
                177.542,
                0.29833,
                333.133,
                176.611,
                0.307869,
                326.263,
                176.575,
                0.31465,
                337.985,
                175.626,
                0.369977,
                336.017,
                246.006,
                0.58824,
                337.01,
                245.029,
                0.596884,
                329.18,
                243.073,
                0.509548,
                325.249,
                245.047,
                0.586996,
                321.357,
                245.02,
                0.54943,
                319.381,
                241.14,
                0.61457
            ],
            "face_keypoints_2d": [],
            "hand_left_keypoints_2d": [],
            "hand_right_keypoints_2d": [],
            "pose_keypoints_3d": [],
            "face_keypoints_3d": [],
            "hand_left_keypoints_3d": [],
            "hand_right_keypoints_3d": []
        }
    ]
}