{
    "version": 1.3,
    "people": [
        {
            "person_id": [
                -1
            ],
            "pose_keypoints_2d": [
                402.585,
                74.8474,
                0.109099,
                426.993,
                104.168,
                0.860529,
                450.502,
                105.141,
                0.809991,
                459.306,
                153.129,
                0.787743,
                457.317,
                190.266,
                0.58985,
                402.569,
                103.193,
                0.787712,
                395.706,
                150.167,
                0.852897,
                390.786,
                192.209,
                0.812602,
                433.799,
                183.427,
                0.634533,
                448.503,
                183.428,
                0.601894,
                450.485,
                261.678,
                0.84968,
                452.449,
                330.145,
                0.719276,
                418.162,
                183.41,
                0.613945,
                390.801,
                244.078,
                0.80151,
                414.292,
                306.676,
                0.765003,
                0,
                0,
                0,
                403.571,
                71.9181,
                0.29122,
                432.835,
                74.8542,
                0.169706,
                411.323,
                73.8514,
                0.938324,
                397.648,
                322.321,
                0.693849,
                402.543,
                321.343,
                0.747151,
                421.135,
                310.588,
                0.755459,
                432.857,
                332.117,
                0.603083,
                434.833,
                332.072,
                0.536189,
                457.335,
                337.99,
                0.653681
            ],
            "face_keypoints_2d": [],
            "hand_left_keypoints_2d": [],
            "hand_right_keypoints_2d": [],
            "pose_keypoints_3d": [],
            "face_keypoints_3d": [],
            "hand_left_keypoints_3d": [],
            "hand_right_keypoints_3d": []
        }
    ]
}