{
    "version": 1.3,
    "people": [
        {
            "person_id": [
                -1
            ],
            "pose_keypoints_2d": [
                333.047,
                175.601,
                0.743961,
                332.137,
                177.543,
                0.937305,
                323.279,
                176.626,
                0.873102,
                312.552,
                190.286,
                0.835625,
                306.677,
                202.035,
                0.793059,
                341.897,
                176.628,
                0.900456,
                349.702,
                189.289,
                0.822644,
                354.606,
                198.077,
                0.76321,
                327.234,
                200.016,
                0.87501,
                323.29,
                199.089,
                0.865598,
                324.321,
                220.589,
                0.852201,
                319.417,
                239.173,
                0.797083,
                333.094,
                200.056,
                0.91895,
                332.077,
                221.572,
                0.825439,
                329.176,
                239.227,
                0.732237,
                332.058,
                174.591,
                0.640432,
                333.134,
                174.583,
                0.653615,
                327.204,
                171.69,
                0.496209,
                337.979,
                171.691,
                0.533806,
                336.016,
                245.99,
                0.518594,
                337.01,
                244.085,
                0.528179,
                327.236,
                241.145,
                0.460016,
                325.245,
                245.022,
                0.606453,
                321.339,
                244.066,
                0.573852,
                319.388,
                240.164,
                0.623173
            ],
            "face_keypoints_2d": [],
            "hand_left_keypoints_2d": [],
            "hand_right_keypoints_2d": [],
            "pose_keypoints_3d": [],
            "face_keypoints_3d": [],
            "hand_left_keypoints_3d": [],
            "hand_right_keypoints_3d": []
        }
    ]
}