{
    "version": 1.3,
    "people": [
        {
            "person_id": [
                -1
            ],
            "pose_keypoints_2d": [
                0,
                0,
                0,
                334.05,
                158.956,
                0.879941,
                354.572,
                158.98,
                0.860318,
                364.444,
                186.354,
                0.833645,
                362.452,
                213.732,
                0.763075,
                315.495,
                158.965,
                0.852022,
                308.579,
                186.357,
                0.833494,
                308.593,
                213.719,
                0.834426,
                337.006,
                202.002,
                0.69244,
                347.769,
                201.049,
                0.744658,
                340.865,
                246.038,
                0.769049,
                336.031,
                291,
                0.795328,
                325.3,
                202.995,
                0.729799,
                325.314,
                252.888,
                0.853184,
                347.761,
                244.067,
                0.77698,
                0,
                0,
                0,
                0,
                0,
                0,
                339.95,
                138.456,
                0.713031,
                325.257,
                138.445,
                0.89534,
                358.517,
                248.974,
                0.561916,
                357.544,
                247.051,
                0.565008,
                349.74,
                239.188,
                0.650661,
                333.074,
                292.951,
                0.597732,
                335.056,
                292.961,
                0.565903,
                336.019,
                293.947,
                0.804428
            ],
            "face_keypoints_2d": [],
            "hand_left_keypoints_2d": [],
            "hand_right_keypoints_2d": [],
            "pose_keypoints_3d": [],
            "face_keypoints_3d": [],
            "hand_left_keypoints_3d": [],
            "hand_right_keypoints_3d": []
        }
    ]
}