{
    "version": 1.3,
    "people": [
        {
            "person_id": [
                -1
            ],
            "pose_keypoints_2d": [
                0,
                0,
                0,
                416.23,
                92.4426,
                0.787364,
                440.7,
                95.3774,
                0.768576,
                445.601,
                147.219,
                0.745636,
                442.62,
                186.378,
                0.624197,
                388.841,
                91.4698,
                0.788765,
                377.113,
                142.345,
                0.805468,
                363.429,
                187.351,
                0.75151,
                419.186,
                176.576,
                0.611114,
                433.841,
                175.593,
                0.59214,
                433.886,
                259.706,
                0.811352,
                434.784,
                331.105,
                0.766459,
                405.46,
                177.561,
                0.541279,
                415.254,
                261.634,
                0.758339,
                424.058,
                327.216,
                0.739171,
                0,
                0,
                0,
                387.865,
                70.938,
                0.0892262,
                418.206,
                67.0036,
                0.280011,
                394.756,
                67.0163,
                0.948947,
                403.505,
                337.017,
                0.734255,
                409.393,
                338.971,
                0.747829,
                427.039,
                334.076,
                0.643194,
                0,
                0,
                0,
                0,
                0,
                0,
                436.792,
                336.997,
                0.665506
            ],
            "face_keypoints_2d": [],
            "hand_left_keypoints_2d": [],
            "hand_right_keypoints_2d": [],
            "pose_keypoints_3d": [],
            "face_keypoints_3d": [],
            "hand_left_keypoints_3d": [],
            "hand_right_keypoints_3d": []
        }
    ]
}