{
    "version": 1.3,
    "people": [
        {
            "person_id": [
                -1
            ],
            "pose_keypoints_2d": [
                0,
                0,
                0,
                433.818,
                86.5817,
                0.811364,
                457.277,
                89.4668,
                0.789557,
                453.395,
                63.1045,
                0.661401,
                450.465,
                27.8495,
                0.915277,
                410.358,
                83.6389,
                0.762233,
                382.968,
                42.5728,
                0.839014,
                361.434,
                9.28214,
                0.750084,
                432.862,
                174.626,
                0.535504,
                447.522,
                173.631,
                0.513446,
                446.56,
                258.758,
                0.744301,
                447.544,
                332.081,
                0.70881,
                418.153,
                175.601,
                0.513948,
                426.981,
                259.724,
                0.820473,
                435.831,
                330.15,
                0.735616,
                0,
                0,
                0,
                413.284,
                52.3738,
                0.0803323,
                441.653,
                66.0273,
                0.319618,
                419.133,
                59.209,
                0.930509,
                416.215,
                336.04,
                0.731909,
                420.135,
                338.966,
                0.772205,
                442.647,
                336.988,
                0.563139,
                425.038,
                336.003,
                0.0615092,
                0,
                0,
                0,
                450.495,
                337.978,
                0.609833
            ],
            "face_keypoints_2d": [],
            "hand_left_keypoints_2d": [],
            "hand_right_keypoints_2d": [],
            "pose_keypoints_3d": [],
            "face_keypoints_3d": [],
            "hand_left_keypoints_3d": [],
            "hand_right_keypoints_3d": []
        }
    ]
}