{
    "version": 1.3,
    "people": [
        {
            "person_id": [
                -1
            ],
            "pose_keypoints_2d": [
                0,
                0,
                0,
                430.892,
                97.3075,
                0.801775,
                456.347,
                97.3608,
                0.798059,
                457.291,
                148.214,
                0.658395,
                454.389,
                183.446,
                0.382425,
                403.502,
                96.3436,
                0.756186,
                387.847,
                144.31,
                0.851436,
                372.207,
                193.23,
                0.755743,
                433.796,
                177.543,
                0.574553,
                448.481,
                176.569,
                0.538375,
                443.611,
                259.708,
                0.790699,
                443.613,
                331.142,
                0.753964,
                418.177,
                178.53,
                0.560401,
                426.022,
                258.75,
                0.810974,
                433.807,
                329.186,
                0.742638,
                0,
                0,
                0,
                410.404,
                58.2336,
                0.181548,
                440.663,
                65.9929,
                0.273678,
                417.23,
                59.2267,
                0.892413,
                410.401,
                335.067,
                0.723986,
                417.204,
                338.958,
                0.713555,
                437.743,
                335.047,
                0.582806,
                0,
                0,
                0,
                0,
                0,
                0,
                448.523,
                336.988,
                0.682464
            ],
            "face_keypoints_2d": [],
            "hand_left_keypoints_2d": [],
            "hand_right_keypoints_2d": [],
            "pose_keypoints_3d": [],
            "face_keypoints_3d": [],
            "hand_left_keypoints_3d": [],
            "hand_right_keypoints_3d": []
        }
    ]
}