{
    "version": 1.3,
    "people": [
        {
            "person_id": [
                -1
            ],
            "pose_keypoints_2d": [
                0,
                0,
                0,
                326.279,
                173.623,
                0.842482,
                340.958,
                172.676,
                0.857132,
                349.738,
                193.216,
                0.851886,
                355.606,
                213.766,
                0.818523,
                312.563,
                173.642,
                0.82414,
                306.654,
                192.28,
                0.828022,
                301.825,
                212.775,
                0.810013,
                326.251,
                206.881,
                0.848226,
                334.106,
                206.887,
                0.834484,
                333.068,
                230.348,
                0.86545,
                332.097,
                249.958,
                0.680883,
                318.405,
                206.894,
                0.827477,
                318.433,
                228.403,
                0.761949,
                322.308,
                247.004,
                0.709017,
                0,
                0,
                0,
                0,
                0,
                0,
                333.089,
                158.947,
                0.809636,
                322.303,
                158.969,
                0.855343,
                321.345,
                252.889,
                0.509507,
                318.423,
                252.869,
                0.582752,
                323.302,
                249.959,
                0.650772,
                331.134,
                254.839,
                0.440173,
                333.086,
                254.84,
                0.451292,
                332.067,
                253.837,
                0.625195
            ],
            "face_keypoints_2d": [],
            "hand_left_keypoints_2d": [],
            "hand_right_keypoints_2d": [],
            "pose_keypoints_3d": [],
            "face_keypoints_3d": [],
            "hand_left_keypoints_3d": [],
            "hand_right_keypoints_3d": []
        }
    ]
}