{
    "version": 1.3,
    "people": [
        {
            "person_id": [
                -1
            ],
            "pose_keypoints_2d": [
                0,
                0,
                0,
                425.042,
                97.2991,
                0.846047,
                449.506,
                97.3354,
                0.840982,
                454.384,
                150.164,
                0.771099,
                449.447,
                185.406,
                0.647801,
                397.651,
                96.3742,
                0.766411,
                386.886,
                145.247,
                0.879266,
                375.168,
                189.3,
                0.709148,
                427.02,
                177.568,
                0.574612,
                441.68,
                176.578,
                0.569117,
                441.66,
                261.672,
                0.842221,
                441.646,
                331.124,
                0.758077,
                412.354,
                179.509,
                0.523115,
                420.17,
                260.707,
                0.781085,
                428.956,
                328.214,
                0.743862,
                0,
                0,
                0,
                397.639,
                66.076,
                0.169417,
                427.024,
                66.0486,
                0.246904,
                404.507,
                65.0773,
                0.878924,
                409.374,
                336.989,
                0.750757,
                413.298,
                338.962,
                0.767222,
                434.807,
                335.049,
                0.63585,
                0,
                0,
                0,
                0,
                0,
                0,
                442.69,
                337.979,
                0.663995
            ],
            "face_keypoints_2d": [],
            "hand_left_keypoints_2d": [],
            "hand_right_keypoints_2d": [],
            "pose_keypoints_3d": [],
            "face_keypoints_3d": [],
            "hand_left_keypoints_3d": [],
            "hand_right_keypoints_3d": []
        }
    ]
}