{
    "version": 1.3,
    "people": [
        {
            "person_id": [
                -1
            ],
            "pose_keypoints_2d": [
                394.739,
                73.885,
                0.080391,
                420.183,
                97.3363,
                0.840933,
                446.543,
                97.346,
                0.78999,
                450.494,
                148.192,
                0.821801,
                446.544,
                184.376,
                0.615633,
                395.675,
                97.3221,
                0.814682,
                381.997,
                145.319,
                0.83192,
                370.254,
                187.343,
                0.770194,
                425.022,
                177.564,
                0.561966,
                438.734,
                176.564,
                0.542179,
                436.775,
                255.831,
                0.754637,
                436.774,
                331.126,
                0.700032,
                410.329,
                179.508,
                0.54323,
                418.213,
                260.693,
                0.815933,
                427.001,
                329.176,
                0.744089,
                0,
                0,
                0,
                394.747,
                68.974,
                0.214897,
                425.014,
                66.999,
                0.311089,
                402.499,
                66.987,
                0.93883,
                407.421,
                336.993,
                0.724589,
                411.369,
                338.965,
                0.772722,
                432.87,
                336.017,
                0.584891,
                417.217,
                333.11,
                0.0664524,
                0,
                0,
                0,
                441.648,
                337.964,
                0.61692
            ],
            "face_keypoints_2d": [],
            "hand_left_keypoints_2d": [],
            "hand_right_keypoints_2d": [],
            "pose_keypoints_3d": [],
            "face_keypoints_3d": [],
            "hand_left_keypoints_3d": [],
            "hand_right_keypoints_3d": []
        }
    ]
}