{
    "version": 1.3,
    "people": [
        {
            "person_id": [
                -1
            ],
            "pose_keypoints_2d": [
                402.506,
                68.0198,
                0.0836704,
                427.04,
                96.3384,
                0.83189,
                452.426,
                97.3078,
                0.786104,
                457.335,
                145.283,
                0.77653,
                456.323,
                184.424,
                0.649679,
                402.524,
                95.3734,
                0.757323,
                387.923,
                144.316,
                0.874751,
                378.087,
                190.259,
                0.83929,
                429.914,
                177.551,
                0.544963,
                442.691,
                176.57,
                0.564632,
                442.624,
                259.713,
                0.82101,
                441.698,
                331.13,
                0.780962,
                415.248,
                178.532,
                0.514094,
                424.065,
                258.759,
                0.764945,
                431.862,
                327.238,
                0.723513,
                0,
                0,
                0,
                402.514,
                66.0359,
                0.272224,
                431.9,
                66.0467,
                0.194047,
                409.399,
                65.0203,
                0.877781,
                410.369,
                335.046,
                0.735015,
                415.265,
                337.979,
                0.711615,
                434.861,
                335.03,
                0.589354,
                0,
                0,
                0,
                0,
                0,
                0,
                444.62,
                337.015,
                0.652852
            ],
            "face_keypoints_2d": [],
            "hand_left_keypoints_2d": [],
            "hand_right_keypoints_2d": [],
            "pose_keypoints_3d": [],
            "face_keypoints_3d": [],
            "hand_left_keypoints_3d": [],
            "hand_right_keypoints_3d": []
        }
    ]
}