{
    "version": 1.3,
    "people": [
        {
            "person_id": [
                -1
            ],
            "pose_keypoints_2d": [
                0,
                0,
                0,
                335.029,
                164.842,
                0.834401,
                348.787,
                165.806,
                0.841548,
                372.212,
                169.744,
                0.771881,
                393.747,
                177.537,
                0.769237,
                320.371,
                163.869,
                0.801395,
                296.89,
                167.809,
                0.796788,
                277.286,
                166.796,
                0.833326,
                332.145,
                207.889,
                0.841675,
                340.893,
                208.842,
                0.81227,
                338.921,
                247.043,
                0.832639,
                335.033,
                283.211,
                0.785452,
                324.275,
                207.87,
                0.843003,
                320.361,
                232.329,
                0.787872,
                323.32,
                252.855,
                0.784514,
                0,
                0,
                0,
                0,
                0,
                0,
                340.945,
                151.11,
                0.512112,
                331.089,
                150.145,
                0.828773,
                323.315,
                268.532,
                0.639185,
                319.39,
                264.606,
                0.616442,
                324.282,
                253.857,
                0.684664,
                334.099,
                287.131,
                0.668449,
                338.975,
                287.137,
                0.702246,
                333.135,
                286.142,
                0.780154
            ],
            "face_keypoints_2d": [],
            "hand_left_keypoints_2d": [],
            "hand_right_keypoints_2d": [],
            "pose_keypoints_3d": [],
            "face_keypoints_3d": [],
            "hand_left_keypoints_3d": [],
            "hand_right_keypoints_3d": []
        }
    ]
}