{
    "version": 1.3,
    "people": [
        {
            "person_id": [
                -1
            ],
            "pose_keypoints_2d": [
                0,
                0,
                0,
                362.399,
                139.405,
                0.836873,
                381.056,
                137.472,
                0.831313,
                405.486,
                163.859,
                0.81828,
                420.139,
                200.017,
                0.833615,
                339.9,
                143.301,
                0.830313,
                333.075,
                182.448,
                0.860105,
                325.3,
                207.866,
                0.578961,
                377.112,
                199.084,
                0.655448,
                387.859,
                197.127,
                0.6535,
                370.269,
                253.872,
                0.741257,
                356.549,
                293.977,
                0.808696,
                364.416,
                200.075,
                0.664476,
                372.191,
                260.677,
                0.786612,
                402.484,
                308.607,
                0.813192,
                0,
                0,
                0,
                0,
                0,
                0,
                364.41,
                118.879,
                0.520562,
                346.764,
                119.845,
                0.883883,
                387.906,
                325.234,
                0.7577,
                394.738,
                324.293,
                0.747653,
                407.427,
                309.645,
                0.728427,
                353.61,
                300.818,
                0.50633,
                356.559,
                301.761,
                0.570357,
                355.577,
                299.835,
                0.797481
            ],
            "face_keypoints_2d": [],
            "hand_left_keypoints_2d": [],
            "hand_right_keypoints_2d": [],
            "pose_keypoints_3d": [],
            "face_keypoints_3d": [],
            "hand_left_keypoints_3d": [],
            "hand_right_keypoints_3d": []
        }
    ]
}