{
    "version": 1.3,
    "people": [
        {
            "person_id": [
                -1
            ],
            "pose_keypoints_2d": [
                0,
                0,
                0,
                434.833,
                88.5103,
                0.852552,
                457.348,
                88.5291,
                0.797245,
                479.828,
                66.0216,
                0.725989,
                497.401,
                43.5728,
                0.864164,
                412.341,
                87.5577,
                0.713319,
                373.188,
                47.4631,
                0.772801,
                342.859,
                14.201,
                0.755067,
                434.813,
                175.595,
                0.602937,
                449.474,
                173.646,
                0.572965,
                449.457,
                261.667,
                0.818156,
                449.488,
                332.072,
                0.760953,
                420.14,
                176.568,
                0.541808,
                428.948,
                260.713,
                0.770399,
                436.78,
                330.154,
                0.72896,
                0,
                0,
                0,
                412.355,
                56.2672,
                0.123326,
                440.665,
                63.1133,
                0.115375,
                419.167,
                59.2469,
                0.906993,
                416.246,
                337.97,
                0.711646,
                420.148,
                339.901,
                0.754802,
                442.665,
                336.036,
                0.577035,
                0,
                0,
                0,
                0,
                0,
                0,
                451.485,
                337.968,
                0.646077
            ],
            "face_keypoints_2d": [],
            "hand_left_keypoints_2d": [],
            "hand_right_keypoints_2d": [],
            "pose_keypoints_3d": [],
            "face_keypoints_3d": [],
            "hand_left_keypoints_3d": [],
            "hand_right_keypoints_3d": []
        }
    ]
}