{
    "version": 1.3,
    "people": [
        {
            "person_id": [
                -1
            ],
            "pose_keypoints_2d": [
                0,
                0,
                0,
                432.858,
                85.5888,
                0.792722,
                453.416,
                88.5305,
                0.782789,
                441.628,
                47.4388,
                0.750875,
                429.924,
                13.2405,
                0.807518,
                410.358,
                82.6815,
                0.805542,
                390.793,
                36.6875,
                0.759786,
                381.031,
                2.91539,
                0.532009,
                432.852,
                173.64,
                0.541043,
                446.564,
                171.675,
                0.517407,
                446.543,
                257.766,
                0.738358,
                447.523,
                332.069,
                0.724067,
                417.233,
                174.627,
                0.531367,
                426.97,
                258.748,
                0.810802,
                435.792,
                331.101,
                0.75135,
                0,
                0,
                0,
                415.248,
                51.4212,
                0.0756565,
                442.607,
                66.0116,
                0.393701,
                419.152,
                59.1516,
                0.947863,
                416.224,
                336.031,
                0.715403,
                420.15,
                338.964,
                0.751924,
                441.681,
                337.005,
                0.586673,
                425.962,
                336.007,
                0.0602417,
                0,
                0,
                0,
                450.47,
                337.01,
                0.650598
            ],
            "face_keypoints_2d": [],
            "hand_left_keypoints_2d": [],
            "hand_right_keypoints_2d": [],
            "pose_keypoints_3d": [],
            "face_keypoints_3d": [],
            "hand_left_keypoints_3d": [],
            "hand_right_keypoints_3d": []
        }
    ]
}