{
    "version": 1.3,
    "people": [
        {
            "person_id": [
                -1
            ],
            "pose_keypoints_2d": [
                0,
                0,
                0,
                420.164,
                97.3798,
                0.855435,
                445.579,
                98.2946,
                0.778847,
                450.513,
                148.207,
                0.818399,
                443.609,
                184.401,
                0.634099,
                394.746,
                97.3502,
                0.817132,
                380.058,
                145.259,
                0.896949,
                367.321,
                191.259,
                0.801393,
                424.071,
                179.521,
                0.547529,
                437.748,
                177.558,
                0.530777,
                435.826,
                257.774,
                0.760843,
                436.781,
                330.162,
                0.702736,
                409.399,
                181.465,
                0.540091,
                418.209,
                261.644,
                0.844878,
                426.988,
                329.187,
                0.753038,
                0,
                0,
                0,
                394.728,
                68.99,
                0.162928,
                423.09,
                67.0274,
                0.271048,
                401.559,
                67.0287,
                0.917038,
                406.447,
                336.041,
                0.69102,
                411.33,
                338.956,
                0.747074,
                432.862,
                335.071,
                0.604451,
                418.129,
                333.072,
                0.0609047,
                0,
                0,
                0,
                441.652,
                336.994,
                0.629077
            ],
            "face_keypoints_2d": [],
            "hand_left_keypoints_2d": [],
            "hand_right_keypoints_2d": [],
            "pose_keypoints_3d": [],
            "face_keypoints_3d": [],
            "hand_left_keypoints_3d": [],
            "hand_right_keypoints_3d": []
        }
    ]
}