{
    "version": 1.3,
    "people": [
        {
            "person_id": [
                -1
            ],
            "pose_keypoints_2d": [
                0,
                0,
                0,
                419.134,
                113.002,
                0.908237,
                441.681,
                113.971,
                0.844683,
                451.453,
                159.971,
                0.87081,
                449.499,
                192.224,
                0.739153,
                394.726,
                112.031,
                0.815937,
                390.821,
                152.159,
                0.84931,
                386.93,
                194.181,
                0.835489,
                426.047,
                188.309,
                0.639473,
                441.66,
                187.324,
                0.626176,
                450.456,
                260.667,
                0.827498,
                462.224,
                327.236,
                0.718946,
                411.309,
                189.294,
                0.63781,
                390.807,
                249.957,
                0.788702,
                386.87,
                309.592,
                0.883147,
                0,
                0,
                0,
                394.731,
                83.6587,
                0.153338,
                420.154,
                88.5146,
                0.514993,
                401.527,
                83.6403,
                0.895866,
                371.203,
                311.585,
                0.706908,
                372.253,
                314.519,
                0.781722,
                388.833,
                316.457,
                0.855857,
                439.707,
                333.092,
                0.719409,
                441.686,
                332.12,
                0.680865,
                466.153,
                335.066,
                0.732285
            ],
            "face_keypoints_2d": [],
            "hand_left_keypoints_2d": [],
            "hand_right_keypoints_2d": [],
            "pose_keypoints_3d": [],
            "face_keypoints_3d": [],
            "hand_left_keypoints_3d": [],
            "hand_right_keypoints_3d": []
        }
    ]
}