{
    "version": 1.3,
    "people": [
        {
            "person_id": [
                -1
            ],
            "pose_keypoints_2d": [
                0,
                0,
                0,
                433.798,
                88.5122,
                0.85174,
                456.328,
                89.4931,
                0.794633,
                472.994,
                62.1247,
                0.683718,
                488.578,
                42.5305,
                0.891225,
                410.329,
                86.5763,
                0.718037,
                373.19,
                47.4425,
                0.770204,
                340.917,
                12.2404,
                0.828939,
                432.869,
                175.577,
                0.543162,
                446.56,
                173.637,
                0.516446,
                446.559,
                258.75,
                0.74448,
                448.481,
                332.085,
                0.713458,
                418.181,
                175.609,
                0.529034,
                426.989,
                259.732,
                0.812784,
                435.827,
                330.15,
                0.740975,
                0,
                0,
                0,
                411.338,
                56.2544,
                0.155377,
                438.734,
                62.1145,
                0.172694,
                418.169,
                59.182,
                0.922265,
                416.218,
                336.995,
                0.737821,
                420.134,
                338.976,
                0.776287,
                442.643,
                336.039,
                0.572063,
                425.044,
                336.974,
                0.0589571,
                0,
                0,
                0,
                450.502,
                337.988,
                0.629483
            ],
            "face_keypoints_2d": [],
            "hand_left_keypoints_2d": [],
            "hand_right_keypoints_2d": [],
            "pose_keypoints_3d": [],
            "face_keypoints_3d": [],
            "hand_left_keypoints_3d": [],
            "hand_right_keypoints_3d": []
        }
    ]
}