{
    "version": 1.3,
    "people": [
        {
            "person_id": [
                -1
            ],
            "pose_keypoints_2d": [
                0,
                0,
                0,
                342.877,
                167.717,
                0.856482,
                362.418,
                167.747,
                0.883104,
                367.322,
                195.179,
                0.798619,
                354.579,
                200.081,
                0.514988,
                325.279,
                166.781,
                0.865037,
                309.603,
                183.465,
                0.911382,
                301.801,
                205.899,
                0.805259,
                341.874,
                209.828,
                0.763011,
                353.624,
                210.813,
                0.69702,
                355.533,
                255.804,
                0.77626,
                354.605,
                289.054,
                0.788194,
                332.141,
                208.884,
                0.75568,
                330.135,
                238.222,
                0.792835,
                336.027,
                258.737,
                0.757212,
                0,
                0,
                0,
                0,
                0,
                0,
                350.687,
                147.218,
                0.720014,
                333.144,
                147.243,
                0.804404,
                335.051,
                277.36,
                0.711194,
                333.065,
                276.322,
                0.696468,
                339.954,
                260.692,
                0.786331,
                352.665,
                296.88,
                0.566885,
                356.567,
                295.91,
                0.644888,
                353.64,
                293.012,
                0.735095
            ],
            "face_keypoints_2d": [],
            "hand_left_keypoints_2d": [],
            "hand_right_keypoints_2d": [],
            "pose_keypoints_3d": [],
            "face_keypoints_3d": [],
            "hand_left_keypoints_3d": [],
            "hand_right_keypoints_3d": []
        }
    ]
}