{
    "version": 1.3,
    "people": [
        {
            "person_id": [
                -1
            ],
            "pose_keypoints_2d": [
                0,
                0,
                0,
                433.853,
                87.5467,
                0.867014,
                456.346,
                88.5308,
                0.790618,
                459.276,
                69.9354,
                0.646332,
                472.965,
                34.764,
                0.841237,
                410.386,
                86.5688,
                0.738884,
                375.163,
                44.5501,
                0.727106,
                346.796,
                11.2611,
                0.793758,
                432.87,
                174.629,
                0.540893,
                446.574,
                173.629,
                0.514235,
                446.565,
                259.705,
                0.746338,
                447.519,
                332.088,
                0.701188,
                418.177,
                175.611,
                0.530516,
                426.984,
                259.734,
                0.815054,
                435.828,
                330.158,
                0.738709,
                0,
                0,
                0,
                411.383,
                53.3386,
                0.141994,
                440.68,
                59.234,
                0.201488,
                418.195,
                59.1753,
                0.930351,
                416.213,
                336.036,
                0.735052,
                420.134,
                338.965,
                0.774997,
                442.645,
                336.989,
                0.57208,
                425.03,
                336.016,
                0.0633182,
                0,
                0,
                0,
                450.478,
                337.986,
                0.603512
            ],
            "face_keypoints_2d": [],
            "hand_left_keypoints_2d": [],
            "hand_right_keypoints_2d": [],
            "pose_keypoints_3d": [],
            "face_keypoints_3d": [],
            "hand_left_keypoints_3d": [],
            "hand_right_keypoints_3d": []
        }
    ]
}