{
    "version": 1.3,
    "people": [
        {
            "person_id": [
                -1
            ],
            "pose_keypoints_2d": [
                411.383,
                66.9758,
                0.150809,
                434.839,
                97.3519,
                0.884145,
                459.311,
                97.382,
                0.792751,
                467.123,
                152.103,
                0.718267,
                467.139,
                194.186,
                0.738659,
                410.357,
                97.2961,
                0.780766,
                396.654,
                145.247,
                0.852135,
                383.951,
                191.204,
                0.770429,
                437.766,
                178.53,
                0.545876,
                451.477,
                176.597,
                0.558241,
                450.503,
                259.716,
                0.81279,
                451.45,
                331.109,
                0.729384,
                424.045,
                180.479,
                0.537623,
                433.793,
                259.717,
                0.803647,
                441.664,
                331.098,
                0.76616,
                0,
                0,
                0,
                413.29,
                61.1587,
                0.301825,
                442.687,
                67.0041,
                0.210038,
                420.188,
                62.1363,
                0.813178,
                419.139,
                336.017,
                0.729982,
                425.04,
                339.885,
                0.732558,
                446.566,
                336.042,
                0.58559,
                0,
                0,
                0,
                0,
                0,
                0,
                457.277,
                336.034,
                0.661847
            ],
            "face_keypoints_2d": [],
            "hand_left_keypoints_2d": [],
            "hand_right_keypoints_2d": [],
            "pose_keypoints_3d": [],
            "face_keypoints_3d": [],
            "hand_left_keypoints_3d": [],
            "hand_right_keypoints_3d": []
        }
    ]
}