{
    "version": 1.3,
    "people": [
        {
            "person_id": [
                -1
            ],
            "pose_keypoints_2d": [
                0,
                0,
                0,
                426.979,
                97.3065,
                0.874338,
                451.45,
                97.3588,
                0.818844,
                457.287,
                150.15,
                0.840997,
                449.501,
                186.36,
                0.634779,
                401.536,
                96.3421,
                0.764167,
                386.91,
                144.308,
                0.894859,
                377.086,
                189.283,
                0.787327,
                427.963,
                178.533,
                0.571816,
                442.63,
                176.599,
                0.589475,
                442.602,
                260.686,
                0.827248,
                441.691,
                331.125,
                0.770992,
                412.343,
                180.484,
                0.536782,
                422.094,
                259.704,
                0.753611,
                430.9,
                327.234,
                0.720213,
                0,
                0,
                0,
                401.581,
                66.0411,
                0.17509,
                431.864,
                66.067,
                0.257251,
                408.416,
                65.0404,
                0.86503,
                410.33,
                335.06,
                0.734262,
                413.321,
                337.984,
                0.721766,
                434.859,
                335.041,
                0.58846,
                0,
                0,
                0,
                0,
                0,
                0,
                444.616,
                337.016,
                0.656023
            ],
            "face_keypoints_2d": [],
            "hand_left_keypoints_2d": [],
            "hand_right_keypoints_2d": [],
            "pose_keypoints_3d": [],
            "face_keypoints_3d": [],
            "hand_left_keypoints_3d": [],
            "hand_right_keypoints_3d": []
        }
    ]
}