{
    "version": 1.3,
    "people": [
        {
            "person_id": [
                -1
            ],
            "pose_keypoints_2d": [
                0,
                0,
                0,
                372.219,
                98.3478,
                0.881097,
                396.699,
                99.2939,
                0.781713,
                412.303,
                152.11,
                0.866142,
                410.331,
                191.244,
                0.754529,
                346.75,
                98.3519,
                0.787793,
                329.156,
                148.213,
                0.802268,
                317.482,
                191.234,
                0.833916,
                380.094,
                178.527,
                0.601994,
                395.684,
                176.595,
                0.595348,
                392.775,
                254.871,
                0.785479,
                395.677,
                329.19,
                0.775442,
                365.4,
                179.522,
                0.556371,
                372.259,
                260.705,
                0.785329,
                382.994,
                332.073,
                0.750098,
                0,
                0,
                0,
                0,
                0,
                0,
                373.207,
                74.8811,
                0.370732,
                350.708,
                78.7544,
                0.788262,
                364.372,
                340.9,
                0.83268,
                371.234,
                341.885,
                0.786308,
                387.908,
                337.979,
                0.694899,
                371.195,
                338.939,
                0.0684,
                0,
                0,
                0,
                398.648,
                335.059,
                0.692044
            ],
            "face_keypoints_2d": [],
            "hand_left_keypoints_2d": [],
            "hand_right_keypoints_2d": [],
            "pose_keypoints_3d": [],
            "face_keypoints_3d": [],
            "hand_left_keypoints_3d": [],
            "hand_right_keypoints_3d": []
        }
    ]
}