{
    "version": 1.3,
    "people": [
        {
            "person_id": [
                -1
            ],
            "pose_keypoints_2d": [
                0,
                0,
                0,
                428.002,
                86.5937,
                0.777018,
                450.508,
                89.4711,
                0.824234,
                437.764,
                48.4298,
                0.683757,
                425.993,
                12.2183,
                0.886143,
                404.514,
                83.6691,
                0.755348,
                388.888,
                40.5897,
                0.794484,
                382.983,
                8.31275,
                0.68278,
                427.977,
                173.648,
                0.558055,
                442.648,
                170.72,
                0.575973,
                443.616,
                259.717,
                0.795284,
                445.583,
                331.109,
                0.721333,
                412.338,
                175.58,
                0.532956,
                426.037,
                257.775,
                0.817444,
                434.814,
                328.214,
                0.748228,
                0,
                0,
                0,
                0,
                0,
                0,
                438.731,
                64.0846,
                0.300424,
                417.21,
                59.1602,
                0.920818,
                414.27,
                335.042,
                0.727136,
                419.175,
                337.991,
                0.760852,
                440.706,
                334.103,
                0.568385,
                424.061,
                333.081,
                0.0577232,
                0,
                0,
                0,
                450.434,
                336.024,
                0.65845
            ],
            "face_keypoints_2d": [],
            "hand_left_keypoints_2d": [],
            "hand_right_keypoints_2d": [],
            "pose_keypoints_3d": [],
            "face_keypoints_3d": [],
            "hand_left_keypoints_3d": [],
            "hand_right_keypoints_3d": []
        }
    ]
}