{
    "version": 1.3,
    "people": [
        {
            "person_id": [
                -1
            ],
            "pose_keypoints_2d": [
                332.137,
                187.343,
                0.61034,
                333.099,
                184.388,
                0.949823,
                324.24,
                184.42,
                0.920088,
                318.412,
                198.065,
                0.823471,
                317.424,
                208.844,
                0.651815,
                342.877,
                183.46,
                0.881648,
                355.599,
                192.189,
                0.861436,
                356.56,
                200.069,
                0.62925,
                333.101,
                202.996,
                0.843857,
                328.192,
                202.997,
                0.778038,
                329.167,
                221.591,
                0.873339,
                325.256,
                240.151,
                0.870923,
                339.924,
                203.006,
                0.838003,
                339.921,
                222.542,
                0.946808,
                335.058,
                240.188,
                0.833036,
                331.125,
                184.449,
                0.508199,
                333.097,
                184.429,
                0.59409,
                326.228,
                183.44,
                0.297548,
                337.965,
                183.397,
                0.492033,
                337.991,
                246.034,
                0.682029,
                339.942,
                245.98,
                0.75396,
                333.135,
                243.103,
                0.660723,
                327.219,
                246.006,
                0.758838,
                324.282,
                245.059,
                0.741757,
                325.285,
                243.079,
                0.66609
            ],
            "face_keypoints_2d": [],
            "hand_left_keypoints_2d": [],
            "hand_right_keypoints_2d": [],
            "pose_keypoints_3d": [],
            "face_keypoints_3d": [],
            "hand_left_keypoints_3d": [],
            "hand_right_keypoints_3d": []
        }
    ]
}