{
    "version": 1.3,
    "people": [
        {
            "person_id": [
                -1
            ],
            "pose_keypoints_2d": [
                411.336,
                66.0844,
                0.21654,
                434.822,
                97.3671,
                0.889271,
                459.282,
                97.3743,
                0.795469,
                467.125,
                150.173,
                0.699984,
                467.094,
                192.214,
                0.771641,
                410.344,
                97.3184,
                0.784688,
                396.674,
                145.244,
                0.839014,
                382.964,
                190.279,
                0.68989,
                437.769,
                178.541,
                0.536397,
                451.47,
                177.555,
                0.543531,
                450.499,
                259.702,
                0.810984,
                451.455,
                331.126,
                0.73342,
                424.051,
                180.489,
                0.526097,
                433.793,
                260.673,
                0.809295,
                441.668,
                331.104,
                0.770473,
                0,
                0,
                0,
                412.314,
                61.1611,
                0.419254,
                442.627,
                67.0268,
                0.191197,
                420.165,
                63.1228,
                0.827903,
                419.141,
                336.02,
                0.732922,
                425.04,
                339.886,
                0.73506,
                446.564,
                336.99,
                0.58462,
                0,
                0,
                0,
                0,
                0,
                0,
                457.277,
                336.991,
                0.665356
            ],
            "face_keypoints_2d": [],
            "hand_left_keypoints_2d": [],
            "hand_right_keypoints_2d": [],
            "pose_keypoints_3d": [],
            "face_keypoints_3d": [],
            "hand_left_keypoints_3d": [],
            "hand_right_keypoints_3d": []
        }
    ]
}