{
    "version": 1.3,
    "people": [
        {
            "person_id": [
                -1
            ],
            "pose_keypoints_2d": [
                0,
                0,
                0,
                340.922,
                150.141,
                0.855365,
                359.491,
                150.148,
                0.793134,
                369.265,
                179.504,
                0.748694,
                363.447,
                191.242,
                0.329859,
                324.254,
                150.148,
                0.821625,
                316.499,
                175.618,
                0.808827,
                316.486,
                198.097,
                0.75789,
                346.788,
                198.074,
                0.733388,
                356.611,
                196.153,
                0.713405,
                364.369,
                246.059,
                0.891684,
                380.072,
                289.067,
                0.805464,
                333.109,
                199.048,
                0.723149,
                325.295,
                242.101,
                0.822103,
                338.971,
                278.355,
                0.840018,
                0,
                0,
                0,
                0,
                0,
                0,
                342.893,
                129.595,
                0.483529,
                327.212,
                129.615,
                0.842765,
                336.032,
                300.809,
                0.715172,
                333.1,
                297.89,
                0.70815,
                342.859,
                282.207,
                0.767853,
                378.063,
                308.637,
                0.785647,
                380.049,
                307.649,
                0.708408,
                382.984,
                293,
                0.667773
            ],
            "face_keypoints_2d": [],
            "hand_left_keypoints_2d": [],
            "hand_right_keypoints_2d": [],
            "pose_keypoints_3d": [],
            "face_keypoints_3d": [],
            "hand_left_keypoints_3d": [],
            "hand_right_keypoints_3d": []
        }
    ]
}