{
    "version": 1.3,
    "people": [
        {
            "person_id": [
                -1
            ],
            "pose_keypoints_2d": [
                0,
                0,
                0,
                333.073,
                154.061,
                0.922938,
                350.717,
                153.147,
                0.845876,
                363.455,
                174.624,
                0.823128,
                364.407,
                199.075,
                0.778491,
                314.516,
                154.107,
                0.834192,
                308.601,
                182.453,
                0.865699,
                309.624,
                204.94,
                0.829504,
                336.986,
                200.024,
                0.737258,
                347.744,
                199.092,
                0.771732,
                339.901,
                241.147,
                0.779047,
                333.077,
                284.166,
                0.837701,
                325.294,
                200.051,
                0.766371,
                331.087,
                246.015,
                0.896698,
                355.564,
                248.971,
                0.805892,
                0,
                0,
                0,
                0,
                0,
                0,
                339.914,
                136.462,
                0.589169,
                324.309,
                136.45,
                0.917604,
                363.419,
                261.634,
                0.588693,
                363.418,
                256.779,
                0.663927,
                357.567,
                246.987,
                0.624099,
                330.133,
                288.087,
                0.65451,
                333.081,
                288.087,
                0.675582,
                333.055,
                287.126,
                0.803259
            ],
            "face_keypoints_2d": [],
            "hand_left_keypoints_2d": [],
            "hand_right_keypoints_2d": [],
            "pose_keypoints_3d": [],
            "face_keypoints_3d": [],
            "hand_left_keypoints_3d": [],
            "hand_right_keypoints_3d": []
        }
    ]
}