{
    "version": 1.3,
    "people": [
        {
            "person_id": [
                -1
            ],
            "pose_keypoints_2d": [
                0,
                0,
                0,
                382.975,
                98.3076,
                0.850274,
                407.44,
                99.3092,
                0.77647,
                416.231,
                152.106,
                0.758468,
                412.322,
                184.393,
                0.596757,
                356.602,
                97.3577,
                0.827174,
                345.816,
                145.277,
                0.843373,
                335.067,
                193.233,
                0.755847,
                388.838,
                177.551,
                0.611778,
                403.483,
                176.575,
                0.618085,
                404.516,
                258.756,
                0.786687,
                407.433,
                329.186,
                0.722144,
                374.186,
                178.535,
                0.559581,
                386.835,
                261.638,
                0.825029,
                395.684,
                331.115,
                0.754106,
                0,
                0,
                0,
                0,
                0,
                0,
                383.97,
                73.8945,
                0.48357,
                362.393,
                75.8486,
                0.82869,
                375.141,
                339.954,
                0.820063,
                381.009,
                340.934,
                0.806742,
                402.508,
                337.014,
                0.613562,
                379.07,
                338.939,
                0.0872508,
                0,
                0,
                0,
                411.335,
                335.074,
                0.675001
            ],
            "face_keypoints_2d": [],
            "hand_left_keypoints_2d": [],
            "hand_right_keypoints_2d": [],
            "pose_keypoints_3d": [],
            "face_keypoints_3d": [],
            "hand_left_keypoints_3d": [],
            "hand_right_keypoints_3d": []
        }
    ]
}