{
    "version": 1.3,
    "people": [
        {
            "person_id": [
                -1
            ],
            "pose_keypoints_2d": [
                0,
                0,
                0,
                433.851,
                87.5756,
                0.866713,
                457.308,
                89.4683,
                0.79368,
                479.812,
                60.1998,
                0.687666,
                496.404,
                42.531,
                0.880505,
                410.397,
                86.566,
                0.734716,
                373.205,
                45.5108,
                0.755834,
                341.884,
                12.2172,
                0.814848,
                433.799,
                175.577,
                0.549443,
                447.545,
                173.642,
                0.5143,
                446.569,
                259.726,
                0.749337,
                448.534,
                331.142,
                0.726582,
                418.188,
                175.609,
                0.534378,
                427.002,
                259.729,
                0.804916,
                436.771,
                330.168,
                0.73488,
                0,
                0,
                0,
                411.338,
                56.2431,
                0.195591,
                438.746,
                62.1217,
                0.148412,
                418.177,
                59.1974,
                0.921766,
                416.231,
                337.01,
                0.731703,
                420.153,
                339.898,
                0.767286,
                442.671,
                336.998,
                0.578893,
                425.009,
                336.023,
                0.0537289,
                0,
                0,
                0,
                451.459,
                337.968,
                0.617251
            ],
            "face_keypoints_2d": [],
            "hand_left_keypoints_2d": [],
            "hand_right_keypoints_2d": [],
            "pose_keypoints_3d": [],
            "face_keypoints_3d": [],
            "hand_left_keypoints_3d": [],
            "hand_right_keypoints_3d": []
        }
    ]
}