{
    "version": 1.3,
    "people": [
        {
            "person_id": [
                -1
            ],
            "pose_keypoints_2d": [
                332.08,
                188.296,
                0.32442,
                333.083,
                188.32,
                0.829324,
                324.278,
                190.246,
                0.812499,
                323.28,
                199.103,
                0.848033,
                317.451,
                207.847,
                0.768485,
                340.912,
                185.404,
                0.878804,
                351.677,
                183.401,
                0.757071,
                360.479,
                176.574,
                0.749047,
                333.104,
                207.888,
                0.852046,
                331.121,
                207.887,
                0.84782,
                327.21,
                224.491,
                0.865237,
                324.296,
                243.088,
                0.836271,
                339.904,
                207.881,
                0.860376,
                339.945,
                224.543,
                0.777041,
                337.975,
                242.135,
                0.744147,
                318.437,
                177.6,
                0.424045,
                331.138,
                184.396,
                0.284893,
                318.402,
                180.49,
                0.396585,
                336.027,
                184.419,
                0.243187,
                339.943,
                246.063,
                0.647467,
                340.899,
                246.018,
                0.665877,
                334.078,
                245.021,
                0.534976,
                330.144,
                246.972,
                0.743988,
                325.25,
                246.964,
                0.766052,
                324.272,
                245.037,
                0.765982
            ],
            "face_keypoints_2d": [],
            "hand_left_keypoints_2d": [],
            "hand_right_keypoints_2d": [],
            "pose_keypoints_3d": [],
            "face_keypoints_3d": [],
            "hand_left_keypoints_3d": [],
            "hand_right_keypoints_3d": []
        }
    ]
}