{
    "version": 1.3,
    "people": [
        {
            "person_id": [
                -1
            ],
            "pose_keypoints_2d": [
                0,
                0,
                0,
                426.989,
                97.3029,
                0.872931,
                451.449,
                97.3513,
                0.817757,
                457.29,
                150.146,
                0.836001,
                449.503,
                186.347,
                0.637668,
                401.555,
                96.3385,
                0.765549,
                387.832,
                144.303,
                0.89223,
                377.1,
                190.243,
                0.793256,
                427.975,
                178.528,
                0.568373,
                442.629,
                176.596,
                0.590117,
                441.711,
                260.681,
                0.826734,
                441.691,
                331.127,
                0.770575,
                413.289,
                179.519,
                0.529106,
                422.117,
                258.743,
                0.746926,
                430.899,
                327.238,
                0.719673,
                0,
                0,
                0,
                402.481,
                66.0454,
                0.180068,
                431.879,
                66.0739,
                0.289153,
                408.425,
                65.0482,
                0.871786,
                410.329,
                335.061,
                0.735087,
                414.266,
                337.987,
                0.722595,
                434.857,
                335.043,
                0.589605,
                0,
                0,
                0,
                0,
                0,
                0,
                444.616,
                337.016,
                0.655243
            ],
            "face_keypoints_2d": [],
            "hand_left_keypoints_2d": [],
            "hand_right_keypoints_2d": [],
            "pose_keypoints_3d": [],
            "face_keypoints_3d": [],
            "hand_left_keypoints_3d": [],
            "hand_right_keypoints_3d": []
        }
    ]
}