{
    "version": 1.3,
    "people": [
        {
            "person_id": [
                -1
            ],
            "pose_keypoints_2d": [
                0,
                0,
                0,
                394.753,
                98.3092,
                0.881474,
                418.192,
                98.3542,
                0.826903,
                425.004,
                151.156,
                0.738697,
                418.202,
                180.49,
                0.29181,
                371.205,
                97.3694,
                0.816833,
                356.563,
                145.31,
                0.872319,
                347.762,
                192.26,
                0.824215,
                402.529,
                178.537,
                0.623672,
                417.191,
                178.522,
                0.57593,
                418.233,
                259.701,
                0.80919,
                419.163,
                331.131,
                0.780303,
                387.854,
                180.481,
                0.580444,
                397.658,
                262.639,
                0.794683,
                408.426,
                330.148,
                0.739217,
                0,
                0,
                0,
                367.327,
                80.6986,
                0.0828256,
                394.726,
                72.9057,
                0.301815,
                372.234,
                75.8189,
                0.871906,
                387.874,
                339.895,
                0.795084,
                394.679,
                339.969,
                0.793527,
                412.322,
                336.037,
                0.657834,
                0,
                0,
                0,
                0,
                0,
                0,
                422.097,
                337.97,
                0.67348
            ],
            "face_keypoints_2d": [],
            "hand_left_keypoints_2d": [],
            "hand_right_keypoints_2d": [],
            "pose_keypoints_3d": [],
            "face_keypoints_3d": [],
            "hand_left_keypoints_3d": [],
            "hand_right_keypoints_3d": []
        }
    ]
}