{
    "version": 1.3,
    "people": [
        {
            "person_id": [
                -1
            ],
            "pose_keypoints_2d": [
                0,
                0,
                0,
                415.242,
                114.973,
                0.821741,
                436.797,
                117.871,
                0.768974,
                449.458,
                162.867,
                0.857862,
                442.657,
                191.267,
                0.531494,
                391.773,
                114.013,
                0.803984,
                386.926,
                157.989,
                0.862194,
                384.937,
                197.124,
                0.785154,
                422.092,
                186.373,
                0.598067,
                435.785,
                185.381,
                0.616538,
                449.479,
                257.781,
                0.805853,
                465.119,
                326.255,
                0.771318,
                408.385,
                189.28,
                0.592571,
                387.892,
                252.858,
                0.86078,
                385.894,
                310.574,
                0.822661,
                0,
                0,
                0,
                387.904,
                90.4554,
                0.122542,
                416.233,
                90.5003,
                0.410374,
                394.754,
                90.4623,
                0.976614,
                369.276,
                310.62,
                0.702238,
                371.222,
                314.512,
                0.769406,
                387.859,
                317.443,
                0.833468,
                442.618,
                334.096,
                0.690679,
                444.601,
                333.087,
                0.622053,
                469.056,
                334.06,
                0.710237
            ],
            "face_keypoints_2d": [],
            "hand_left_keypoints_2d": [],
            "hand_right_keypoints_2d": [],
            "pose_keypoints_3d": [],
            "face_keypoints_3d": [],
            "hand_left_keypoints_3d": [],
            "hand_right_keypoints_3d": []
        }
    ]
}