{
    "version": 1.3,
    "people": [
        {
            "person_id": [
                -1
            ],
            "pose_keypoints_2d": [
                403.528,
                73.889,
                0.0889535,
                428.008,
                105.112,
                0.8238,
                453.415,
                105.187,
                0.770569,
                462.197,
                159.921,
                0.744371,
                456.352,
                194.197,
                0.495696,
                403.542,
                103.222,
                0.779778,
                395.727,
                151.119,
                0.852193,
                390.787,
                193.206,
                0.7871,
                433.841,
                183.426,
                0.633393,
                449.463,
                183.428,
                0.610032,
                451.437,
                261.708,
                0.833825,
                452.434,
                331.116,
                0.742214,
                418.211,
                183.425,
                0.613112,
                392.758,
                244.076,
                0.793103,
                419.207,
                305.686,
                0.793872,
                0,
                0,
                0,
                405.476,
                69.9647,
                0.249312,
                433.876,
                74.8314,
                0.15254,
                412.334,
                72.8966,
                0.870637,
                404.509,
                324.284,
                0.708998,
                409.407,
                323.312,
                0.734285,
                426.993,
                309.594,
                0.825891,
                431.869,
                333.063,
                0.592656,
                434.787,
                332.121,
                0.537658,
                457.331,
                338.946,
                0.679622
            ],
            "face_keypoints_2d": [],
            "hand_left_keypoints_2d": [],
            "hand_right_keypoints_2d": [],
            "pose_keypoints_3d": [],
            "face_keypoints_3d": [],
            "hand_left_keypoints_3d": [],
            "hand_right_keypoints_3d": []
        }
    ]
}