{
    "version": 1.3,
    "people": [
        {
            "person_id": [
                -1
            ],
            "pose_keypoints_2d": [
                0,
                0,
                0,
                341.903,
                89.554,
                0.866935,
                380.083,
                88.5313,
                0.739462,
                402.504,
                144.32,
                0.838815,
                411.396,
                200.047,
                0.833085,
                302.783,
                91.4967,
                0.710641,
                287.132,
                157.976,
                0.78823,
                291.012,
                206.911,
                0.768207,
                347.752,
                186.365,
                0.534656,
                371.195,
                186.349,
                0.517702,
                394.665,
                282.224,
                0.759087,
                413.307,
                357.557,
                0.792356,
                324.319,
                187.339,
                0.503473,
                317.417,
                285.169,
                0.695959,
                308.6,
                357.581,
                0.06431,
                0,
                0,
                0,
                0,
                0,
                0,
                355.579,
                58.2123,
                0.939621,
                323.268,
                58.2386,
                0.898508,
                0,
                0,
                0,
                0,
                0,
                0,
                0,
                0,
                0,
                411.363,
                357.572,
                0.189815,
                418.191,
                357.57,
                0.188572,
                415.266,
                357.572,
                0.525387
            ],
            "face_keypoints_2d": [],
            "hand_left_keypoints_2d": [],
            "hand_right_keypoints_2d": [],
            "pose_keypoints_3d": [],
            "face_keypoints_3d": [],
            "hand_left_keypoints_3d": [],
            "hand_right_keypoints_3d": []
        }
    ]
}