{
    "version": 1.3,
    "people": [
        {
            "person_id": [
                -1
            ],
            "pose_keypoints_2d": [
                331.11,
                188.297,
                0.308096,
                333.127,
                189.276,
                0.850335,
                324.27,
                191.199,
                0.884696,
                324.235,
                201.997,
                0.87841,
                323.309,
                214.694,
                0.803212,
                341.931,
                184.454,
                0.86246,
                355.544,
                177.577,
                0.7825,
                364.387,
                168.798,
                0.688022,
                334.074,
                207.891,
                0.850745,
                331.127,
                207.912,
                0.814836,
                330.158,
                225.493,
                0.838488,
                324.253,
                245.049,
                0.871469,
                339.97,
                207.868,
                0.877685,
                340.898,
                228.398,
                0.858215,
                337.955,
                243.1,
                0.78884,
                0,
                0,
                0,
                331.136,
                185.366,
                0.2882,
                0,
                0,
                0,
                334.061,
                184.421,
                0.375441,
                339.912,
                247.021,
                0.708205,
                340.902,
                246.07,
                0.767519,
                334.073,
                244.087,
                0.649672,
                325.255,
                247.038,
                0.803272,
                322.31,
                247.007,
                0.765652,
                324.269,
                246.029,
                0.743317
            ],
            "face_keypoints_2d": [],
            "hand_left_keypoints_2d": [],
            "hand_right_keypoints_2d": [],
            "pose_keypoints_3d": [],
            "face_keypoints_3d": [],
            "hand_left_keypoints_3d": [],
            "hand_right_keypoints_3d": []
        }
    ]
}