{
    "version": 1.3,
    "people": [
        {
            "person_id": [
                -1
            ],
            "pose_keypoints_2d": [
                0,
                0,
                0,
                324.254,
                185.369,
                0.896573,
                333.06,
                185.379,
                0.89229,
                339.882,
                201.046,
                0.640791,
                334.077,
                214.742,
                0.29354,
                312.563,
                184.437,
                0.823997,
                300.816,
                177.562,
                0.748557,
                308.653,
                170.72,
                0.638476,
                324.325,
                222.57,
                0.841313,
                332.096,
                222.569,
                0.82313,
                329.186,
                252.893,
                0.840116,
                326.241,
                277.294,
                0.847179,
                317.449,
                222.57,
                0.826595,
                317.438,
                252.871,
                0.869752,
                317.479,
                276.358,
                0.85209,
                0,
                0,
                0,
                0,
                0,
                0,
                329.157,
                174.6,
                0.446244,
                316.475,
                175.559,
                0.575796,
                317.49,
                280.275,
                0.537739,
                316.459,
                279.322,
                0.586423,
                317.489,
                278.309,
                0.778538,
                326.23,
                280.261,
                0.523833,
                330.163,
                279.31,
                0.565168,
                326.234,
                278.32,
                0.810301
            ],
            "face_keypoints_2d": [],
            "hand_left_keypoints_2d": [],
            "hand_right_keypoints_2d": [],
            "pose_keypoints_3d": [],
            "face_keypoints_3d": [],
            "hand_left_keypoints_3d": [],
            "hand_right_keypoints_3d": []
        }
    ]
}