{
    "version": 1.3,
    "people": [
        {
            "person_id": [
                -1
            ],
            "pose_keypoints_2d": [
                0,
                0,
                0,
                400.561,
                97.383,
                0.835411,
                424.048,
                98.3055,
                0.77922,
                427.956,
                148.216,
                0.674805,
                424.043,
                181.449,
                0.255707,
                374.19,
                97.3632,
                0.800532,
                363.365,
                146.246,
                0.843282,
                350.695,
                192.194,
                0.782479,
                404.507,
                177.555,
                0.599045,
                419.143,
                176.576,
                0.602208,
                422.09,
                260.691,
                0.776432,
                424.036,
                330.154,
                0.726993,
                390.807,
                179.509,
                0.539409,
                402.548,
                261.71,
                0.862299,
                411.393,
                331.136,
                0.774453,
                0,
                0,
                0,
                372.19,
                75.8123,
                0.148469,
                402.502,
                71.9037,
                0.198793,
                379.065,
                73.8163,
                0.908874,
                393.704,
                337.982,
                0.711769,
                396.674,
                339.907,
                0.756117,
                418.193,
                337.969,
                0.639884,
                402.474,
                334.054,
                0.0508329,
                0,
                0,
                0,
                426.954,
                336.022,
                0.627759
            ],
            "face_keypoints_2d": [],
            "hand_left_keypoints_2d": [],
            "hand_right_keypoints_2d": [],
            "pose_keypoints_3d": [],
            "face_keypoints_3d": [],
            "hand_left_keypoints_3d": [],
            "hand_right_keypoints_3d": []
        }
    ]
}