{
    "version": 1.3,
    "people": [
        {
            "person_id": [
                -1
            ],
            "pose_keypoints_2d": [
                333.047,
                144.238,
                0.930307,
                333.044,
                153.138,
                0.949873,
                324.288,
                154.071,
                0.8781,
                311.575,
                147.242,
                0.328727,
                295.912,
                145.267,
                0.13208,
                340.931,
                153.103,
                0.919552,
                355.558,
                146.234,
                0.792039,
                366.345,
                142.332,
                0.701849,
                333.062,
                184.443,
                0.879553,
                326.231,
                185.363,
                0.854509,
                326.252,
                213.748,
                0.876598,
                325.301,
                238.218,
                0.913251,
                339.913,
                184.442,
                0.860374,
                339.938,
                213.738,
                0.910333,
                339.896,
                238.232,
                0.903734,
                332.052,
                141.366,
                0.879232,
                333.135,
                141.349,
                0.851228,
                326.221,
                144.295,
                0.843643,
                337.976,
                144.269,
                0.518975,
                339.931,
                244.067,
                0.654908,
                341.884,
                241.151,
                0.666669,
                337.983,
                239.208,
                0.717022,
                327.209,
                244.079,
                0.67969,
                324.278,
                242.132,
                0.695699,
                327.211,
                239.204,
                0.704469
            ],
            "face_keypoints_2d": [],
            "hand_left_keypoints_2d": [],
            "hand_right_keypoints_2d": [],
            "pose_keypoints_3d": [],
            "face_keypoints_3d": [],
            "hand_left_keypoints_3d": [],
            "hand_right_keypoints_3d": []
        }
    ]
}