{
    "version": 1.3,
    "people": [
        {
            "person_id": [
                -1
            ],
            "pose_keypoints_2d": [
                394.744,
                74.7962,
                0.0813355,
                420.134,
                97.3306,
                0.860075,
                444.593,
                97.317,
                0.792246,
                450.501,
                148.223,
                0.815566,
                443.647,
                184.407,
                0.620803,
                394.745,
                97.3257,
                0.812457,
                381.013,
                144.329,
                0.889184,
                369.297,
                190.265,
                0.783104,
                425.022,
                178.537,
                0.560584,
                438.728,
                176.586,
                0.539032,
                436.763,
                255.825,
                0.762502,
                436.776,
                330.16,
                0.693989,
                410.329,
                180.495,
                0.546195,
                418.215,
                260.68,
                0.815866,
                427.004,
                329.163,
                0.738659,
                0,
                0,
                0,
                394.739,
                70.9116,
                0.207104,
                424.051,
                67.035,
                0.326032,
                402.482,
                67.0207,
                0.927846,
                406.465,
                336.042,
                0.706177,
                411.36,
                338.956,
                0.753132,
                433.805,
                335.061,
                0.579241,
                417.218,
                333.101,
                0.0618905,
                0,
                0,
                0,
                441.664,
                336.994,
                0.607615
            ],
            "face_keypoints_2d": [],
            "hand_left_keypoints_2d": [],
            "hand_right_keypoints_2d": [],
            "pose_keypoints_3d": [],
            "face_keypoints_3d": [],
            "hand_left_keypoints_3d": [],
            "hand_right_keypoints_3d": []
        }
    ]
}