{
    "version": 1.3,
    "people": [
        {
            "person_id": [
                -1
            ],
            "pose_keypoints_2d": [
                412.348,
                65.05,
                0.0587808,
                435.831,
                97.3141,
                0.84203,
                460.276,
                97.3488,
                0.78291,
                471.967,
                147.237,
                0.773509,
                479.811,
                190.274,
                0.794095,
                411.37,
                96.3494,
                0.767728,
                389.841,
                144.312,
                0.805459,
                372.173,
                187.321,
                0.805789,
                437.771,
                177.56,
                0.534497,
                451.482,
                176.573,
                0.537129,
                450.491,
                259.73,
                0.807576,
                451.449,
                331.142,
                0.737081,
                424.054,
                179.501,
                0.523986,
                433.805,
                259.703,
                0.807815,
                441.644,
                330.14,
                0.747225,
                0,
                0,
                0,
                416.222,
                59.1798,
                0.200512,
                443.642,
                66.0041,
                0.220419,
                421.148,
                60.1842,
                0.839887,
                419.156,
                336.992,
                0.714986,
                425.056,
                339.902,
                0.728249,
                445.597,
                335.065,
                0.559281,
                0,
                0,
                0,
                0,
                0,
                0,
                456.352,
                336.995,
                0.661763
            ],
            "face_keypoints_2d": [],
            "hand_left_keypoints_2d": [],
            "hand_right_keypoints_2d": [],
            "pose_keypoints_3d": [],
            "face_keypoints_3d": [],
            "hand_left_keypoints_3d": [],
            "hand_right_keypoints_3d": []
        }
    ]
}