{
    "version": 1.3,
    "people": [
        {
            "person_id": [
                -1
            ],
            "pose_keypoints_2d": [
                0,
                0,
                0,
                386.902,
                98.3666,
                0.871017,
                410.378,
                99.3269,
                0.806182,
                418.174,
                152.094,
                0.77534,
                411.362,
                183.422,
                0.488635,
                362.419,
                98.3423,
                0.807083,
                348.758,
                146.265,
                0.855175,
                339.962,
                193.217,
                0.807866,
                394.669,
                178.544,
                0.61167,
                408.4,
                177.565,
                0.565705,
                410.394,
                259.724,
                0.828323,
                411.307,
                332.076,
                0.782203,
                379.082,
                180.485,
                0.587011,
                388.832,
                262.64,
                0.842581,
                400.567,
                331.121,
                0.739988,
                0,
                0,
                0,
                360.478,
                81.6765,
                0.0795509,
                386.909,
                73.8779,
                0.333221,
                364.436,
                75.8364,
                0.855381,
                379.074,
                340.875,
                0.838891,
                385.897,
                340.953,
                0.774787,
                404.482,
                337.979,
                0.654842,
                0,
                0,
                0,
                0,
                0,
                0,
                413.296,
                338.941,
                0.676697
            ],
            "face_keypoints_2d": [],
            "hand_left_keypoints_2d": [],
            "hand_right_keypoints_2d": [],
            "pose_keypoints_3d": [],
            "face_keypoints_3d": [],
            "hand_left_keypoints_3d": [],
            "hand_right_keypoints_3d": []
        }
    ]
}