{
    "version": 1.3,
    "people": [
        {
            "person_id": [
                -1
            ],
            "pose_keypoints_2d": [
                0,
                0,
                0,
                433.79,
                89.5037,
                0.845101,
                456.348,
                91.4854,
                0.774951,
                0,
                0,
                0,
                0,
                0,
                0,
                408.405,
                83.6623,
                0.734844,
                372.237,
                74.8652,
                0.806264,
                351.672,
                67.0478,
                0.786386,
                433.833,
                175.601,
                0.580339,
                448.518,
                174.611,
                0.526161,
                445.577,
                256.802,
                0.748929,
                445.593,
                330.161,
                0.704656,
                418.216,
                176.572,
                0.565357,
                426.955,
                256.806,
                0.802707,
                434.804,
                329.162,
                0.743174,
                0,
                0,
                0,
                417.18,
                53.331,
                0.094662,
                443.635,
                60.1884,
                0.237617,
                421.114,
                58.1609,
                0.852008,
                413.285,
                335.046,
                0.717657,
                419.153,
                338.925,
                0.73485,
                441.629,
                334.097,
                0.575099,
                0,
                0,
                0,
                0,
                0,
                0,
                449.532,
                335.059,
                0.66688
            ],
            "face_keypoints_2d": [],
            "hand_left_keypoints_2d": [],
            "hand_right_keypoints_2d": [],
            "pose_keypoints_3d": [],
            "face_keypoints_3d": [],
            "hand_left_keypoints_3d": [],
            "hand_right_keypoints_3d": []
        }
    ]
}