{
    "version": 1.3,
    "people": [
        {
            "person_id": [
                -1
            ],
            "pose_keypoints_2d": [
                332.144,
                143.313,
                0.916521,
                332.098,
                153.126,
                0.936415,
                324.228,
                153.15,
                0.862213,
                309.649,
                147.246,
                0.402247,
                308.647,
                145.292,
                0.243876,
                339.965,
                153.076,
                0.910499,
                351.687,
                145.231,
                0.815627,
                365.387,
                136.477,
                0.709486,
                332.142,
                185.382,
                0.850861,
                325.281,
                185.389,
                0.838129,
                325.269,
                213.756,
                0.897956,
                324.324,
                238.207,
                0.92567,
                339.887,
                185.382,
                0.814602,
                339.892,
                214.702,
                0.901711,
                338.916,
                238.238,
                0.859177,
                331.135,
                140.392,
                0.868821,
                333.113,
                140.381,
                0.853397,
                325.305,
                144.261,
                0.840808,
                336.992,
                144.252,
                0.459015,
                339.899,
                245.031,
                0.645264,
                340.942,
                242.119,
                0.659741,
                335.054,
                240.14,
                0.688319,
                325.271,
                244.064,
                0.725809,
                322.32,
                242.12,
                0.67953,
                325.27,
                239.216,
                0.726592
            ],
            "face_keypoints_2d": [],
            "hand_left_keypoints_2d": [],
            "hand_right_keypoints_2d": [],
            "pose_keypoints_3d": [],
            "face_keypoints_3d": [],
            "hand_left_keypoints_3d": [],
            "hand_right_keypoints_3d": []
        }
    ]
}