{
    "version": 1.3,
    "people": [
        {
            "person_id": [
                -1
            ],
            "pose_keypoints_2d": [
                0,
                0,
                0,
                399.598,
                89.5421,
                0.830778,
                428.953,
                90.534,
                0.758009,
                441.709,
                150.145,
                0.809377,
                442.606,
                192.244,
                0.801727,
                369.289,
                88.528,
                0.744867,
                354.614,
                142.332,
                0.799903,
                341.917,
                192.258,
                0.796498,
                401.575,
                183.423,
                0.531437,
                419.185,
                184.396,
                0.505327,
                427.959,
                279.317,
                0.740253,
                432.824,
                350.707,
                0.699373,
                381.995,
                183.412,
                0.503902,
                356.592,
                265.606,
                0.785177,
                345.778,
                350.701,
                0.594123,
                0,
                0,
                0,
                0,
                0,
                0,
                402.533,
                59.2265,
                0.423371,
                378.052,
                62.1287,
                0.840369,
                332.096,
                357.548,
                0.137687,
                335.051,
                357.568,
                0.18786,
                345.786,
                357.561,
                0.428756,
                422.098,
                357.56,
                0.192679,
                420.161,
                357.56,
                0.192087,
                433.833,
                357.563,
                0.567622
            ],
            "face_keypoints_2d": [],
            "hand_left_keypoints_2d": [],
            "hand_right_keypoints_2d": [],
            "pose_keypoints_3d": [],
            "face_keypoints_3d": [],
            "hand_left_keypoints_3d": [],
            "hand_right_keypoints_3d": []
        }
    ]
}