{
    "version": 1.3,
    "people": [
        {
            "person_id": [
                -1
            ],
            "pose_keypoints_2d": [
                0,
                0,
                0,
                318.432,
                131.594,
                0.311488,
                320.37,
                130.608,
                0.259757,
                0,
                0,
                0,
                0,
                0,
                0,
                316.455,
                133.532,
                0.321688,
                301.805,
                128.656,
                0.250141,
                300.777,
                127.66,
                0.343342,
                334.075,
                145.313,
                0.587175,
                339.89,
                144.32,
                0.527164,
                347.716,
                168.725,
                0.427909,
                356.578,
                178.534,
                0.263555,
                332.133,
                147.25,
                0.542917,
                345.782,
                167.774,
                0.439471,
                356.582,
                176.613,
                0.440069,
                0,
                0,
                0,
                0,
                0,
                0,
                0,
                0,
                0,
                0,
                0,
                0,
                359.5,
                190.261,
                0.210782,
                362.437,
                185.412,
                0.244519,
                362.416,
                176.601,
                0.371925,
                362.421,
                190.268,
                0.117391,
                359.508,
                190.267,
                0.110187,
                360.473,
                178.546,
                0.205802
            ],
            "face_keypoints_2d": [],
            "hand_left_keypoints_2d": [],
            "hand_right_keypoints_2d": [],
            "pose_keypoints_3d": [],
            "face_keypoints_3d": [],
            "hand_left_keypoints_3d": [],
            "hand_right_keypoints_3d": []
        }
    ]
}