{
    "version": 1.3,
    "people": [
        {
            "person_id": [
                -1
            ],
            "pose_keypoints_2d": [
                0,
                0,
                0,
                418.204,
                90.4537,
                0.870489,
                443.655,
                90.5319,
                0.783958,
                450.447,
                152.08,
                0.817227,
                442.66,
                185.366,
                0.494673,
                388.856,
                89.4719,
                0.78476,
                380.002,
                142.342,
                0.860426,
                369.258,
                195.153,
                0.765497,
                418.199,
                182.435,
                0.570365,
                434.815,
                182.441,
                0.570482,
                438.732,
                277.292,
                0.730628,
                437.76,
                350.708,
                0.678284,
                400.594,
                181.468,
                0.535025,
                364.427,
                247.027,
                0.802091,
                336.025,
                301.775,
                0.784162,
                0,
                0,
                0,
                386.889,
                66.987,
                0.0953804,
                419.156,
                60.1877,
                0.347926,
                394.679,
                62.1393,
                0.874716,
                316.467,
                310.602,
                0.52864,
                319.378,
                311.558,
                0.583909,
                338.92,
                308.617,
                0.631025,
                420.161,
                357.549,
                0.218395,
                424.06,
                357.547,
                0.197828,
                441.63,
                357.565,
                0.532686
            ],
            "face_keypoints_2d": [],
            "hand_left_keypoints_2d": [],
            "hand_right_keypoints_2d": [],
            "pose_keypoints_3d": [],
            "face_keypoints_3d": [],
            "hand_left_keypoints_3d": [],
            "hand_right_keypoints_3d": []
        }
    ]
}