{
    "version": 1.3,
    "people": [
        {
            "person_id": [
                -1
            ],
            "pose_keypoints_2d": [
                412.326,
                65.0754,
                0.0829252,
                435.798,
                97.368,
                0.862291,
                461.253,
                98.3347,
                0.753047,
                472.994,
                149.168,
                0.776767,
                485.675,
                185.375,
                0.779404,
                411.324,
                96.377,
                0.775893,
                385.929,
                141.354,
                0.772918,
                363.44,
                183.456,
                0.799079,
                437.765,
                178.542,
                0.531364,
                451.484,
                176.595,
                0.536542,
                450.488,
                259.729,
                0.808277,
                450.509,
                331.111,
                0.742647,
                423.087,
                181.456,
                0.527217,
                433.8,
                259.721,
                0.807571,
                441.632,
                330.135,
                0.751017,
                0,
                0,
                0,
                415.25,
                59.2052,
                0.234727,
                443.648,
                66.0015,
                0.204009,
                421.145,
                60.1884,
                0.837301,
                419.179,
                336.999,
                0.714274,
                425.992,
                339.901,
                0.727548,
                445.579,
                335.059,
                0.572426,
                0,
                0,
                0,
                0,
                0,
                0,
                456.33,
                336.016,
                0.646735
            ],
            "face_keypoints_2d": [],
            "hand_left_keypoints_2d": [],
            "hand_right_keypoints_2d": [],
            "pose_keypoints_3d": [],
            "face_keypoints_3d": [],
            "hand_left_keypoints_3d": [],
            "hand_right_keypoints_3d": []
        }
    ]
}