{
    "version": 1.3,
    "people": [
        {
            "person_id": [
                -1
            ],
            "pose_keypoints_2d": [
                0,
                0,
                0,
                335.031,
                158.987,
                0.874279,
                352.662,
                159.911,
                0.872292,
                363.371,
                189.294,
                0.814923,
                348.75,
                192.202,
                0.336594,
                317.471,
                158.929,
                0.848532,
                308.583,
                181.462,
                0.785154,
                307.649,
                198.083,
                0.726102,
                336.012,
                202.983,
                0.711725,
                347.742,
                203.949,
                0.770096,
                349.714,
                246.024,
                0.842008,
                355.578,
                288.094,
                0.763932,
                325.26,
                203.954,
                0.735063,
                324.309,
                238.216,
                0.728335,
                332.082,
                258.734,
                0.718776,
                0,
                0,
                0,
                0,
                0,
                0,
                340.929,
                138.467,
                0.745342,
                325.316,
                138.457,
                0.858809,
                332.101,
                278.271,
                0.672164,
                328.211,
                276.356,
                0.601422,
                334.073,
                260.678,
                0.637351,
                350.693,
                297.886,
                0.650107,
                356.547,
                296.896,
                0.633669,
                355.597,
                293.962,
                0.782529
            ],
            "face_keypoints_2d": [],
            "hand_left_keypoints_2d": [],
            "hand_right_keypoints_2d": [],
            "pose_keypoints_3d": [],
            "face_keypoints_3d": [],
            "hand_left_keypoints_3d": [],
            "hand_right_keypoints_3d": []
        }
    ]
}