{
    "version": 1.3,
    "people": [
        {
            "person_id": [
                -1
            ],
            "pose_keypoints_2d": [
                0,
                0,
                0,
                432.882,
                84.6199,
                0.794841,
                454.379,
                86.5667,
                0.741664,
                441.69,
                44.5438,
                0.764864,
                433.821,
                17.1369,
                0.87331,
                410.394,
                83.6505,
                0.76326,
                388.879,
                36.699,
                0.819336,
                0,
                0,
                0,
                432.849,
                173.63,
                0.53412,
                446.55,
                170.716,
                0.518077,
                446.561,
                257.776,
                0.742392,
                446.55,
                332.096,
                0.712093,
                418.145,
                174.614,
                0.518083,
                426.971,
                258.737,
                0.811659,
                435.785,
                330.15,
                0.746207,
                0,
                0,
                0,
                414.266,
                52.3466,
                0.096253,
                441.685,
                66.0111,
                0.379259,
                419.149,
                59.1526,
                0.963305,
                416.218,
                336.023,
                0.729833,
                420.14,
                338.955,
                0.761964,
                441.671,
                336.04,
                0.570559,
                425.054,
                336.01,
                0.0634697,
                0,
                0,
                0,
                450.439,
                337.985,
                0.636214
            ],
            "face_keypoints_2d": [],
            "hand_left_keypoints_2d": [],
            "hand_right_keypoints_2d": [],
            "pose_keypoints_3d": [],
            "face_keypoints_3d": [],
            "hand_left_keypoints_3d": [],
            "hand_right_keypoints_3d": []
        }
    ]
}