{
    "version": 1.3,
    "people": [
        {
            "person_id": [
                -1
            ],
            "pose_keypoints_2d": [
                0,
                0,
                0,
                332.068,
                154.068,
                0.908409,
                348.759,
                153.132,
                0.903547,
                369.261,
                170.716,
                0.826321,
                371.185,
                198.083,
                0.791397,
                311.574,
                155.06,
                0.820702,
                308.611,
                184.398,
                0.852887,
                306.663,
                205.902,
                0.615251,
                337.968,
                200.084,
                0.722393,
                347.714,
                200.043,
                0.73312,
                337.004,
                242.134,
                0.750281,
                335.07,
                274.386,
                0.729165,
                328.183,
                201.043,
                0.699242,
                338.916,
                245.996,
                0.842018,
                348.734,
                281.256,
                0.802932,
                0,
                0,
                0,
                0,
                0,
                0,
                336.008,
                136.43,
                0.674652,
                321.334,
                136.449,
                0.864808,
                348.728,
                300.797,
                0.685115,
                347.727,
                298.849,
                0.62499,
                352.65,
                285.194,
                0.751294,
                326.251,
                286.175,
                0.687391,
                330.153,
                285.174,
                0.674509,
                336.033,
                277.339,
                0.536882
            ],
            "face_keypoints_2d": [],
            "hand_left_keypoints_2d": [],
            "hand_right_keypoints_2d": [],
            "pose_keypoints_3d": [],
            "face_keypoints_3d": [],
            "hand_left_keypoints_3d": [],
            "hand_right_keypoints_3d": []
        }
    ]
}