{
    "version": 1.3,
    "people": [
        {
            "person_id": [
                -1
            ],
            "pose_keypoints_2d": [
                0,
                0,
                0,
                333.131,
                145.32,
                0.898682,
                351.679,
                145.316,
                0.836927,
                363.413,
                176.601,
                0.772799,
                351.678,
                185.383,
                0.140779,
                316.447,
                145.296,
                0.891384,
                316.433,
                172.664,
                0.847062,
                315.443,
                198.076,
                0.809991,
                340.89,
                194.198,
                0.747159,
                352.659,
                193.228,
                0.684893,
                356.567,
                240.156,
                0.884921,
                377.119,
                264.628,
                0.749391,
                330.133,
                196.138,
                0.689023,
                323.304,
                241.148,
                0.798861,
                325.236,
                285.147,
                0.857918,
                0,
                0,
                0,
                0,
                0,
                0,
                337.017,
                128.595,
                0.65436,
                322.321,
                128.621,
                0.869942,
                321.362,
                286.179,
                0.521039,
                318.408,
                287.141,
                0.651987,
                326.24,
                288.1,
                0.791327,
                378.096,
                285.171,
                0.760001,
                380.08,
                284.181,
                0.667085,
                381.009,
                266.571,
                0.659291
            ],
            "face_keypoints_2d": [],
            "hand_left_keypoints_2d": [],
            "hand_right_keypoints_2d": [],
            "pose_keypoints_3d": [],
            "face_keypoints_3d": [],
            "hand_left_keypoints_3d": [],
            "hand_right_keypoints_3d": []
        }
    ]
}