{
    "version": 1.3,
    "people": [
        {
            "person_id": [
                -1
            ],
            "pose_keypoints_2d": [
                0,
                0,
                0,
                432.852,
                92.453,
                0.794951,
                457.315,
                94.3909,
                0.791752,
                0,
                0,
                0,
                0,
                0,
                0,
                403.52,
                91.4853,
                0.74917,
                372.218,
                125.718,
                0.735683,
                348.776,
                146.251,
                0.816262,
                433.883,
                175.58,
                0.599508,
                449.48,
                173.633,
                0.563735,
                447.521,
                256.81,
                0.75313,
                445.578,
                330.168,
                0.689649,
                419.159,
                176.564,
                0.57191,
                426.954,
                258.755,
                0.800674,
                434.801,
                330.145,
                0.738878,
                0,
                0,
                0,
                412.361,
                56.2646,
                0.0995062,
                442.691,
                62.1177,
                0.261019,
                420.144,
                58.2185,
                0.887813,
                411.385,
                335.059,
                0.719135,
                418.2,
                338.946,
                0.723669,
                441.629,
                336.026,
                0.574871,
                425.012,
                333.063,
                0.0550237,
                0,
                0,
                0,
                449.528,
                336.035,
                0.651227
            ],
            "face_keypoints_2d": [],
            "hand_left_keypoints_2d": [],
            "hand_right_keypoints_2d": [],
            "pose_keypoints_3d": [],
            "face_keypoints_3d": [],
            "hand_left_keypoints_3d": [],
            "hand_right_keypoints_3d": []
        }
    ]
}