{
    "version": 1.3,
    "people": [
        {
            "person_id": [
                -1
            ],
            "pose_keypoints_2d": [
                0,
                0,
                0,
                390.814,
                98.3385,
                0.840382,
                414.27,
                99.2875,
                0.780549,
                419.222,
                149.202,
                0.717182,
                415.26,
                178.537,
                0.252926,
                365.392,
                98.3252,
                0.823789,
                354.625,
                147.22,
                0.837639,
                345.793,
                192.258,
                0.783866,
                396.668,
                177.56,
                0.6027,
                411.319,
                176.577,
                0.614002,
                414.277,
                259.71,
                0.763816,
                417.175,
                329.18,
                0.722553,
                382.972,
                179.517,
                0.551122,
                394.72,
                261.684,
                0.869117,
                403.57,
                331.124,
                0.771911,
                0,
                0,
                0,
                0,
                0,
                0,
                390.808,
                73.8529,
                0.412308,
                370.253,
                74.8974,
                0.875554,
                383.968,
                339.892,
                0.785946,
                388.854,
                340.879,
                0.803767,
                410.386,
                337.977,
                0.681527,
                0,
                0,
                0,
                0,
                0,
                0,
                419.156,
                336.029,
                0.662634
            ],
            "face_keypoints_2d": [],
            "hand_left_keypoints_2d": [],
            "hand_right_keypoints_2d": [],
            "pose_keypoints_3d": [],
            "face_keypoints_3d": [],
            "hand_left_keypoints_3d": [],
            "hand_right_keypoints_3d": []
        }
    ]
}