{
    "version": 1.3,
    "people": [
        {
            "person_id": [
                -1
            ],
            "pose_keypoints_2d": [
                0,
                0,
                0,
                394.666,
                98.3015,
                0.866968,
                417.226,
                98.3379,
                0.80764,
                424.065,
                148.201,
                0.726456,
                419.147,
                179.526,
                0.433133,
                368.314,
                98.2817,
                0.807073,
                355.627,
                145.31,
                0.882683,
                347.729,
                192.207,
                0.808975,
                401.537,
                178.531,
                0.609933,
                413.3,
                176.593,
                0.5799,
                418.193,
                260.687,
                0.829343,
                418.229,
                332.083,
                0.793325,
                386.873,
                180.489,
                0.578241,
                396.655,
                262.655,
                0.81143,
                407.422,
                331.141,
                0.746119,
                0,
                0,
                0,
                365.352,
                77.7704,
                0.101149,
                393.708,
                72.9035,
                0.266829,
                371.275,
                74.8352,
                0.935352,
                386.92,
                339.901,
                0.786469,
                392.752,
                339.972,
                0.780421,
                411.379,
                337.989,
                0.672952,
                0,
                0,
                0,
                0,
                0,
                0,
                420.186,
                338.944,
                0.69373
            ],
            "face_keypoints_2d": [],
            "hand_left_keypoints_2d": [],
            "hand_right_keypoints_2d": [],
            "pose_keypoints_3d": [],
            "face_keypoints_3d": [],
            "hand_left_keypoints_3d": [],
            "hand_right_keypoints_3d": []
        }
    ]
}