{
    "version": 1.3,
    "people": [
        {
            "person_id": [
                -1
            ],
            "pose_keypoints_2d": [
                333.049,
                188.314,
                0.440245,
                333.096,
                185.368,
                0.910042,
                324.271,
                185.4,
                0.875932,
                318.442,
                198.079,
                0.82071,
                317.431,
                206.919,
                0.741605,
                341.919,
                184.416,
                0.879932,
                354.603,
                191.212,
                0.719459,
                359.488,
                192.225,
                0.414361,
                333.116,
                205.93,
                0.872889,
                329.171,
                205.936,
                0.812731,
                330.13,
                222.571,
                0.932166,
                325.233,
                241.134,
                0.856256,
                339.927,
                205.936,
                0.875916,
                339.931,
                223.493,
                0.93796,
                336.007,
                242.106,
                0.817678,
                332.073,
                185.4,
                0.366712,
                333.108,
                184.452,
                0.41287,
                327.227,
                184.427,
                0.246995,
                337.017,
                183.457,
                0.39419,
                338.944,
                246.071,
                0.684759,
                339.958,
                246.015,
                0.748886,
                333.127,
                245.019,
                0.650646,
                327.233,
                246.053,
                0.802432,
                324.292,
                246.022,
                0.801615,
                325.242,
                244.08,
                0.71542
            ],
            "face_keypoints_2d": [],
            "hand_left_keypoints_2d": [],
            "hand_right_keypoints_2d": [],
            "pose_keypoints_3d": [],
            "face_keypoints_3d": [],
            "hand_left_keypoints_3d": [],
            "hand_right_keypoints_3d": []
        }
    ]
}