{
    "version": 1.3,
    "people": [
        {
            "person_id": [
                -1
            ],
            "pose_keypoints_2d": [
                0,
                0,
                0,
                426.004,
                97.3001,
                0.867281,
                450.445,
                97.3471,
                0.840798,
                456.32,
                149.176,
                0.779237,
                448.52,
                185.409,
                0.637158,
                399.61,
                96.3554,
                0.757887,
                386.915,
                145.246,
                0.885099,
                378.062,
                186.356,
                0.785394,
                427.024,
                178.53,
                0.57132,
                441.695,
                176.587,
                0.564958,
                441.686,
                260.697,
                0.817756,
                441.667,
                330.167,
                0.74774,
                412.342,
                179.52,
                0.521558,
                421.132,
                260.711,
                0.76338,
                430.89,
                328.185,
                0.734541,
                0,
                0,
                0,
                400.584,
                66.0597,
                0.166127,
                428.009,
                66.0399,
                0.239192,
                406.464,
                65.9827,
                0.856997,
                410.318,
                336.984,
                0.746862,
                413.321,
                338.947,
                0.748037,
                434.85,
                335.042,
                0.61361,
                0,
                0,
                0,
                0,
                0,
                0,
                443.638,
                337.015,
                0.623927
            ],
            "face_keypoints_2d": [],
            "hand_left_keypoints_2d": [],
            "hand_right_keypoints_2d": [],
            "pose_keypoints_3d": [],
            "face_keypoints_3d": [],
            "hand_left_keypoints_3d": [],
            "hand_right_keypoints_3d": []
        }
    ]
}