{
    "version": 1.3,
    "people": [
        {
            "person_id": [
                -1
            ],
            "pose_keypoints_2d": [
                333.046,
                143.314,
                0.902816,
                332.101,
                153.147,
                0.918428,
                324.256,
                155.078,
                0.845271,
                325.253,
                170.696,
                0.455321,
                335.051,
                173.64,
                0.202025,
                339.953,
                152.152,
                0.898256,
                351.669,
                144.313,
                0.762321,
                368.319,
                134.521,
                0.464481,
                332.126,
                185.388,
                0.846061,
                325.271,
                185.406,
                0.836694,
                325.255,
                213.755,
                0.898131,
                324.316,
                238.207,
                0.935362,
                338.965,
                185.375,
                0.801153,
                338.927,
                214.677,
                0.848864,
                337.987,
                238.244,
                0.860765,
                331.131,
                140.392,
                0.858438,
                333.13,
                139.428,
                0.827306,
                325.264,
                144.256,
                0.855493,
                337.987,
                143.297,
                0.114758,
                339.922,
                245.027,
                0.666206,
                341.874,
                242.103,
                0.682982,
                335.046,
                240.15,
                0.696615,
                325.248,
                244.068,
                0.730052,
                321.353,
                242.116,
                0.686979,
                325.262,
                239.209,
                0.747253
            ],
            "face_keypoints_2d": [],
            "hand_left_keypoints_2d": [],
            "hand_right_keypoints_2d": [],
            "pose_keypoints_3d": [],
            "face_keypoints_3d": [],
            "hand_left_keypoints_3d": [],
            "hand_right_keypoints_3d": []
        }
    ]
}