{
    "version": 1.3,
    "people": [
        {
            "person_id": [
                -1
            ],
            "pose_keypoints_2d": [
                0,
                0,
                0,
                434.792,
                87.5437,
                0.872839,
                457.339,
                87.5693,
                0.778238,
                477.853,
                60.205,
                0.691792,
                495.432,
                39.6304,
                0.807523,
                411.356,
                86.5745,
                0.726083,
                374.192,
                43.5834,
                0.752039,
                345.82,
                11.2925,
                0.775629,
                433.825,
                175.583,
                0.575806,
                448.498,
                174.608,
                0.536168,
                447.555,
                259.717,
                0.763546,
                448.534,
                332.108,
                0.738638,
                418.218,
                175.612,
                0.555869,
                427.011,
                258.756,
                0.787166,
                436.778,
                331.106,
                0.730398,
                0,
                0,
                0,
                411.374,
                56.2498,
                0.174372,
                439.718,
                61.157,
                0.123927,
                418.218,
                59.1899,
                0.933855,
                416.241,
                337.012,
                0.72153,
                420.159,
                339.899,
                0.7542,
                442.664,
                337.01,
                0.575071,
                425.056,
                337,
                0.0557359,
                0,
                0,
                0,
                451.446,
                338.942,
                0.635508
            ],
            "face_keypoints_2d": [],
            "hand_left_keypoints_2d": [],
            "hand_right_keypoints_2d": [],
            "pose_keypoints_3d": [],
            "face_keypoints_3d": [],
            "hand_left_keypoints_3d": [],
            "hand_right_keypoints_3d": []
        }
    ]
}