{
    "version": 1.3,
    "people": [
        {
            "person_id": [
                -1
            ],
            "pose_keypoints_2d": [
                0,
                0,
                0,
                342.859,
                165.811,
                0.841709,
                361.46,
                166.774,
                0.856935,
                370.271,
                192.185,
                0.914698,
                354.612,
                193.201,
                0.641417,
                325.264,
                163.858,
                0.838475,
                309.572,
                179.495,
                0.846705,
                301.782,
                197.127,
                0.832455,
                341.892,
                207.919,
                0.795347,
                353.618,
                208.88,
                0.744162,
                356.524,
                249.947,
                0.800995,
                357.529,
                291.974,
                0.801456,
                333.058,
                207.916,
                0.800515,
                332.122,
                241.142,
                0.770312,
                334.069,
                270.458,
                0.779054,
                0,
                0,
                0,
                0,
                0,
                0,
                348.796,
                145.305,
                0.779905,
                334.077,
                145.292,
                0.843371,
                332.132,
                281.242,
                0.516194,
                330.165,
                279.282,
                0.562778,
                336.035,
                272.435,
                0.642799,
                355.572,
                294.961,
                0.568417,
                357.568,
                294.959,
                0.564369,
                357.538,
                293.995,
                0.767176
            ],
            "face_keypoints_2d": [],
            "hand_left_keypoints_2d": [],
            "hand_right_keypoints_2d": [],
            "pose_keypoints_3d": [],
            "face_keypoints_3d": [],
            "hand_left_keypoints_3d": [],
            "hand_right_keypoints_3d": []
        }
    ]
}