{
    "version": 1.3,
    "people": [
        {
            "person_id": [
                -1
            ],
            "pose_keypoints_2d": [
                0,
                0,
                0,
                412.311,
                89.5252,
                0.85572,
                440.659,
                90.5323,
                0.78537,
                449.438,
                150.159,
                0.817829,
                449.5,
                200.06,
                0.732281,
                385.919,
                86.6,
                0.746158,
                378.069,
                140.391,
                0.818424,
                368.299,
                193.199,
                0.790167,
                411.381,
                182.442,
                0.524441,
                431.876,
                182.436,
                0.521295,
                434.834,
                277.305,
                0.817082,
                434.846,
                350.692,
                0.728528,
                394.714,
                181.472,
                0.541725,
                363.378,
                252.882,
                0.781193,
                330.161,
                315.447,
                0.742492,
                0,
                0,
                0,
                382.021,
                67.0387,
                0.0953798,
                412.359,
                59.225,
                0.278101,
                387.896,
                63.1081,
                0.859114,
                310.579,
                324.281,
                0.289881,
                312.551,
                324.252,
                0.364761,
                330.144,
                321.339,
                0.600013,
                420.168,
                357.557,
                0.153086,
                423.082,
                357.562,
                0.138561,
                437.741,
                357.563,
                0.512252
            ],
            "face_keypoints_2d": [],
            "hand_left_keypoints_2d": [],
            "hand_right_keypoints_2d": [],
            "pose_keypoints_3d": [],
            "face_keypoints_3d": [],
            "hand_left_keypoints_3d": [],
            "hand_right_keypoints_3d": []
        }
    ]
}