{
    "version": 1.3,
    "people": [
        {
            "person_id": [
                -1
            ],
            "pose_keypoints_2d": [
                0,
                0,
                0,
                426.997,
                97.3109,
                0.874115,
                451.469,
                97.3626,
                0.81225,
                457.293,
                150.165,
                0.844527,
                449.492,
                185.399,
                0.643935,
                401.557,
                96.3423,
                0.768272,
                386.927,
                144.301,
                0.89231,
                377.108,
                190.247,
                0.804317,
                427.969,
                178.536,
                0.574008,
                442.625,
                177.545,
                0.593433,
                441.711,
                260.69,
                0.830999,
                441.691,
                331.128,
                0.770723,
                413.289,
                180.481,
                0.536667,
                422.116,
                258.741,
                0.747558,
                430.898,
                327.239,
                0.719455,
                0,
                0,
                0,
                402.484,
                66.0455,
                0.194536,
                431.894,
                66.0792,
                0.324008,
                408.427,
                65.0497,
                0.87267,
                410.329,
                335.06,
                0.735179,
                414.266,
                337.986,
                0.722769,
                434.857,
                335.044,
                0.589961,
                0,
                0,
                0,
                0,
                0,
                0,
                444.616,
                337.017,
                0.656162
            ],
            "face_keypoints_2d": [],
            "hand_left_keypoints_2d": [],
            "hand_right_keypoints_2d": [],
            "pose_keypoints_3d": [],
            "face_keypoints_3d": [],
            "hand_left_keypoints_3d": [],
            "hand_right_keypoints_3d": []
        }
    ]
}