{
    "version": 1.3,
    "people": [
        {
            "person_id": [
                -1
            ],
            "pose_keypoints_2d": [
                402.571,
                67.99,
                0.0860666,
                427.992,
                97.3031,
                0.828942,
                454.373,
                97.3776,
                0.771654,
                458.277,
                146.27,
                0.781583,
                458.286,
                185.381,
                0.781984,
                402.549,
                96.3342,
                0.765159,
                387.888,
                144.295,
                0.868982,
                377.101,
                192.197,
                0.780489,
                429.942,
                178.538,
                0.541099,
                443.632,
                177.56,
                0.557591,
                442.66,
                260.672,
                0.821212,
                442.622,
                330.165,
                0.773134,
                416.223,
                179.513,
                0.524812,
                425.048,
                259.72,
                0.794347,
                431.867,
                327.228,
                0.737243,
                0,
                0,
                0,
                402.583,
                66.0008,
                0.255435,
                432.851,
                66.0189,
                0.172299,
                410.333,
                64.0587,
                0.878566,
                410.378,
                335.056,
                0.740874,
                416.224,
                337.993,
                0.720717,
                434.853,
                334.075,
                0.628631,
                0,
                0,
                0,
                0,
                0,
                0,
                445.598,
                336.025,
                0.680216
            ],
            "face_keypoints_2d": [],
            "hand_left_keypoints_2d": [],
            "hand_right_keypoints_2d": [],
            "pose_keypoints_3d": [],
            "face_keypoints_3d": [],
            "hand_left_keypoints_3d": [],
            "hand_right_keypoints_3d": []
        }
    ]
}