{
    "version": 1.3,
    "people": [
        {
            "person_id": [
                -1
            ],
            "pose_keypoints_2d": [
                412.309,
                65.9995,
                0.0854309,
                435.805,
                97.3029,
                0.845079,
                460.252,
                97.3351,
                0.784933,
                471.973,
                145.305,
                0.787109,
                480.793,
                187.327,
                0.797181,
                411.374,
                96.3426,
                0.766119,
                388.829,
                142.345,
                0.783795,
                371.241,
                184.441,
                0.844238,
                437.761,
                177.553,
                0.546145,
                451.467,
                176.563,
                0.549832,
                450.493,
                259.736,
                0.810978,
                451.443,
                332.097,
                0.744536,
                424.048,
                178.54,
                0.531809,
                433.816,
                259.723,
                0.817833,
                441.632,
                330.159,
                0.752994,
                0,
                0,
                0,
                414.288,
                59.2136,
                0.240838,
                443.627,
                66.0204,
                0.205428,
                421.137,
                60.1894,
                0.83803,
                419.16,
                336.998,
                0.721057,
                425.055,
                339.906,
                0.732901,
                445.571,
                336.025,
                0.559447,
                0,
                0,
                0,
                0,
                0,
                0,
                456.337,
                337.97,
                0.644796
            ],
            "face_keypoints_2d": [],
            "hand_left_keypoints_2d": [],
            "hand_right_keypoints_2d": [],
            "pose_keypoints_3d": [],
            "face_keypoints_3d": [],
            "hand_left_keypoints_3d": [],
            "hand_right_keypoints_3d": []
        }
    ]
}