{
    "version": 1.3,
    "people": [
        {
            "person_id": [
                -1
            ],
            "pose_keypoints_2d": [
                0,
                0,
                0,
                337.989,
                145.279,
                0.878517,
                355.617,
                145.322,
                0.885967,
                364.359,
                176.562,
                0.75177,
                362.418,
                192.218,
                0.361099,
                317.486,
                145.24,
                0.88783,
                316.497,
                170.719,
                0.809726,
                316.463,
                194.168,
                0.840679,
                341.916,
                193.197,
                0.71707,
                355.548,
                192.25,
                0.726338,
                363.43,
                238.209,
                0.895661,
                380.067,
                274.402,
                0.806943,
                332.09,
                194.197,
                0.70573,
                324.241,
                239.196,
                0.860559,
                327.225,
                283.197,
                0.810614,
                0,
                0,
                0,
                0,
                0,
                0,
                340.945,
                128.671,
                0.455416,
                325.221,
                128.639,
                0.93855,
                323.292,
                287.098,
                0.51446,
                321.361,
                287.129,
                0.633846,
                331.123,
                286.149,
                0.851047,
                379.037,
                297.885,
                0.755605,
                381.989,
                295.924,
                0.639476,
                383.971,
                277.348,
                0.628625
            ],
            "face_keypoints_2d": [],
            "hand_left_keypoints_2d": [],
            "hand_right_keypoints_2d": [],
            "pose_keypoints_3d": [],
            "face_keypoints_3d": [],
            "hand_left_keypoints_3d": [],
            "hand_right_keypoints_3d": []
        }
    ]
}