{
    "version": 1.3,
    "people": [
        {
            "person_id": [
                -1
            ],
            "pose_keypoints_2d": [
                387.927,
                73.9183,
                0.0624652,
                414.271,
                93.4388,
                0.774853,
                440.655,
                96.3603,
                0.780344,
                445.568,
                146.26,
                0.76975,
                442.622,
                186.356,
                0.637041,
                387.886,
                92.4436,
                0.792652,
                377.093,
                141.367,
                0.803123,
                363.417,
                187.335,
                0.781479,
                418.234,
                176.577,
                0.630809,
                433.809,
                175.59,
                0.594263,
                433.852,
                260.669,
                0.806436,
                434.785,
                331.136,
                0.771527,
                403.552,
                177.561,
                0.576174,
                413.321,
                261.646,
                0.774215,
                424.044,
                327.214,
                0.737692,
                0,
                0,
                0,
                387.903,
                72.8602,
                0.159785,
                418.18,
                67.0408,
                0.320296,
                394.735,
                67.0774,
                0.919107,
                403.485,
                337.977,
                0.720104,
                408.416,
                339.884,
                0.729218,
                427.018,
                334.072,
                0.65503,
                418.197,
                339.918,
                0.0673649,
                0,
                0,
                0,
                435.836,
                337.976,
                0.673207
            ],
            "face_keypoints_2d": [],
            "hand_left_keypoints_2d": [],
            "hand_right_keypoints_2d": [],
            "pose_keypoints_3d": [],
            "face_keypoints_3d": [],
            "hand_left_keypoints_3d": [],
            "hand_right_keypoints_3d": []
        }
    ]
}