{
    "version": 1.3,
    "people": [
        {
            "person_id": [
                -1
            ],
            "pose_keypoints_2d": [
                402.505,
                68.981,
                0.0952208,
                427.038,
                96.378,
                0.846403,
                452.434,
                97.3347,
                0.793486,
                457.328,
                146.248,
                0.740584,
                456.338,
                185.365,
                0.640453,
                402.524,
                95.4001,
                0.763006,
                388.829,
                144.314,
                0.873658,
                378.092,
                190.262,
                0.844515,
                429.921,
                177.556,
                0.543971,
                443.608,
                176.576,
                0.566053,
                442.635,
                259.702,
                0.818209,
                441.702,
                331.133,
                0.782065,
                415.251,
                178.541,
                0.517146,
                424.077,
                258.744,
                0.76236,
                431.876,
                328.207,
                0.726425,
                0,
                0,
                0,
                402.517,
                66.0518,
                0.292885,
                431.902,
                66.0566,
                0.180749,
                410.307,
                65.0289,
                0.886426,
                410.364,
                335.05,
                0.73592,
                415.26,
                337.989,
                0.710691,
                435.786,
                335.05,
                0.601963,
                0,
                0,
                0,
                0,
                0,
                0,
                444.628,
                337.014,
                0.657416
            ],
            "face_keypoints_2d": [],
            "hand_left_keypoints_2d": [],
            "hand_right_keypoints_2d": [],
            "pose_keypoints_3d": [],
            "face_keypoints_3d": [],
            "hand_left_keypoints_3d": [],
            "hand_right_keypoints_3d": []
        }
    ]
}