{
    "version": 1.3,
    "people": [
        {
            "person_id": [
                -1
            ],
            "pose_keypoints_2d": [
                333.072,
                168.799,
                0.524082,
                332.134,
                175.61,
                0.968928,
                323.296,
                175.584,
                0.903325,
                312.539,
                185.388,
                0.816516,
                302.751,
                200.08,
                0.86956,
                340.953,
                175.627,
                0.924725,
                348.766,
                188.301,
                0.803903,
                355.61,
                199.034,
                0.668844,
                327.242,
                199.029,
                0.851878,
                323.307,
                198.092,
                0.839167,
                325.252,
                217.666,
                0.866405,
                322.309,
                239.157,
                0.788391,
                333.099,
                199.065,
                0.899596,
                332.104,
                220.57,
                0.761601,
                331.113,
                239.196,
                0.714709,
                332.107,
                167.805,
                0.487609,
                334.063,
                168.715,
                0.474802,
                329.187,
                167.808,
                0.462234,
                337.001,
                168.718,
                0.443197,
                336.994,
                245.026,
                0.477498,
                338.923,
                243.078,
                0.50491,
                331.103,
                241.137,
                0.415515,
                326.239,
                244.05,
                0.569676,
                322.334,
                243.103,
                0.555579,
                320.378,
                240.141,
                0.614266
            ],
            "face_keypoints_2d": [],
            "hand_left_keypoints_2d": [],
            "hand_right_keypoints_2d": [],
            "pose_keypoints_3d": [],
            "face_keypoints_3d": [],
            "hand_left_keypoints_3d": [],
            "hand_right_keypoints_3d": []
        }
    ]
}