{
    "version": 1.3,
    "people": [
        {
            "person_id": [
                -1
            ],
            "pose_keypoints_2d": [
                387.887,
                74.7902,
                0.0819569,
                413.325,
                95.3831,
                0.781543,
                440.675,
                97.3191,
                0.789963,
                444.593,
                148.221,
                0.773158,
                441.661,
                186.353,
                0.679651,
                387.863,
                92.4716,
                0.786629,
                375.138,
                142.341,
                0.804336,
                363.41,
                186.369,
                0.801707,
                418.214,
                177.555,
                0.629577,
                432.88,
                176.567,
                0.585791,
                433.854,
                260.703,
                0.817259,
                434.782,
                331.147,
                0.773855,
                403.53,
                179.504,
                0.580014,
                413.292,
                261.687,
                0.787109,
                424.041,
                327.208,
                0.737992,
                0,
                0,
                0,
                387.89,
                70.9428,
                0.197171,
                418.165,
                67.0333,
                0.242602,
                394.738,
                67.9855,
                0.911885,
                403.502,
                337.965,
                0.711903,
                408.411,
                338.961,
                0.722222,
                427.006,
                334.068,
                0.642178,
                418.19,
                339.93,
                0.0724145,
                0,
                0,
                0,
                435.821,
                337.988,
                0.677048
            ],
            "face_keypoints_2d": [],
            "hand_left_keypoints_2d": [],
            "hand_right_keypoints_2d": [],
            "pose_keypoints_3d": [],
            "face_keypoints_3d": [],
            "hand_left_keypoints_3d": [],
            "hand_right_keypoints_3d": []
        }
    ]
}