{
    "version": 1.3,
    "people": [
        {
            "person_id": [
                -1
            ],
            "pose_keypoints_2d": [
                306.662,
                191.199,
                0.206704,
                301.833,
                196.147,
                0.70876,
                300.833,
                195.177,
                0.850964,
                300.797,
                206.878,
                0.900788,
                309.572,
                207.909,
                0.91239,
                304.713,
                196.139,
                0.630741,
                308.637,
                206.841,
                0.146307,
                313.505,
                208.852,
                0.10922,
                304.724,
                216.673,
                0.792892,
                301.814,
                216.686,
                0.882033,
                300.849,
                232.325,
                0.826411,
                293.989,
                247.06,
                0.713146,
                308.593,
                216.67,
                0.822233,
                309.575,
                232.329,
                0.817077,
                312.558,
                247.046,
                0.651694,
                304.72,
                189.274,
                0.192078,
                0,
                0,
                0,
                301.836,
                189.293,
                0.444418,
                0,
                0,
                0,
                316.439,
                249.928,
                0.502988,
                316.465,
                248.015,
                0.512633,
                310.598,
                248.962,
                0.546179,
                298.852,
                252.852,
                0.511996,
                294.008,
                251.901,
                0.511389,
                293.982,
                248.964,
                0.579454
            ],
            "face_keypoints_2d": [],
            "hand_left_keypoints_2d": [],
            "hand_right_keypoints_2d": [],
            "pose_keypoints_3d": [],
            "face_keypoints_3d": [],
            "hand_left_keypoints_3d": [],
            "hand_right_keypoints_3d": []
        }
    ]
}