{
    "version": 1.3,
    "people": [
        {
            "person_id": [
                -1
            ],
            "pose_keypoints_2d": [
                0,
                0,
                0,
                339.927,
                146.25,
                0.90441,
                356.608,
                147.235,
                0.847383,
                365.402,
                176.596,
                0.736016,
                364.366,
                194.194,
                0.462928,
                319.419,
                145.306,
                0.848088,
                317.419,
                174.592,
                0.842047,
                316.449,
                194.185,
                0.845409,
                345.802,
                196.135,
                0.712084,
                356.544,
                194.194,
                0.731391,
                366.363,
                245.982,
                0.842193,
                380.069,
                283.201,
                0.770914,
                333.077,
                198.077,
                0.749583,
                324.294,
                239.18,
                0.876332,
                333.079,
                283.201,
                0.838664,
                0,
                0,
                0,
                0,
                0,
                0,
                341.912,
                128.672,
                0.553352,
                325.312,
                128.68,
                0.937738,
                327.217,
                293.965,
                0.603513,
                325.281,
                292.999,
                0.722893,
                335.072,
                286.165,
                0.783809,
                377.118,
                303.741,
                0.811144,
                380.061,
                301.827,
                0.6975,
                382.024,
                286.142,
                0.562959
            ],
            "face_keypoints_2d": [],
            "hand_left_keypoints_2d": [],
            "hand_right_keypoints_2d": [],
            "pose_keypoints_3d": [],
            "face_keypoints_3d": [],
            "hand_left_keypoints_3d": [],
            "hand_right_keypoints_3d": []
        }
    ]
}