{
    "version": 1.3,
    "people": [
        {
            "person_id": [
                -1
            ],
            "pose_keypoints_2d": [
                0,
                0,
                0,
                425.05,
                97.3055,
                0.850679,
                449.508,
                97.3463,
                0.842205,
                454.395,
                150.162,
                0.765487,
                448.521,
                185.397,
                0.629808,
                397.67,
                96.3732,
                0.759586,
                386.898,
                145.247,
                0.883788,
                376.137,
                190.27,
                0.707748,
                427.008,
                178.54,
                0.580453,
                441.674,
                177.546,
                0.564908,
                441.659,
                261.67,
                0.842017,
                441.644,
                331.121,
                0.756567,
                412.341,
                180.485,
                0.530407,
                420.169,
                260.712,
                0.782674,
                428.956,
                328.214,
                0.744288,
                0,
                0,
                0,
                397.641,
                66.0631,
                0.172429,
                427.04,
                66.0453,
                0.225677,
                404.513,
                65.0753,
                0.872911,
                409.377,
                336.988,
                0.750353,
                413.299,
                338.961,
                0.766422,
                434.807,
                335.05,
                0.637027,
                0,
                0,
                0,
                0,
                0,
                0,
                442.689,
                337.975,
                0.663388
            ],
            "face_keypoints_2d": [],
            "hand_left_keypoints_2d": [],
            "hand_right_keypoints_2d": [],
            "pose_keypoints_3d": [],
            "face_keypoints_3d": [],
            "hand_left_keypoints_3d": [],
            "hand_right_keypoints_3d": []
        }
    ]
}