{
    "version": 1.3,
    "people": [
        {
            "person_id": [
                -1
            ],
            "pose_keypoints_2d": [
                0,
                0,
                0,
                432.875,
                95.3789,
                0.796012,
                457.354,
                96.3255,
                0.794012,
                0,
                0,
                0,
                0,
                0,
                0,
                403.5,
                95.367,
                0.716042,
                372.215,
                137.431,
                0.714636,
                348.721,
                167.746,
                0.585011,
                433.88,
                175.606,
                0.595718,
                449.48,
                174.602,
                0.560796,
                447.528,
                258.747,
                0.761492,
                443.657,
                331.137,
                0.71057,
                419.151,
                177.547,
                0.565864,
                426.952,
                260.68,
                0.817873,
                433.875,
                331.108,
                0.761978,
                0,
                0,
                0,
                411.4,
                58.2084,
                0.185248,
                442.657,
                64.0621,
                0.217256,
                419.212,
                59.1536,
                0.915207,
                411.357,
                335.057,
                0.734455,
                418.169,
                338.956,
                0.729862,
                440.673,
                336.045,
                0.584808,
                424.06,
                332.15,
                0.0504396,
                0,
                0,
                0,
                449.482,
                337.001,
                0.658581
            ],
            "face_keypoints_2d": [],
            "hand_left_keypoints_2d": [],
            "hand_right_keypoints_2d": [],
            "pose_keypoints_3d": [],
            "face_keypoints_3d": [],
            "hand_left_keypoints_3d": [],
            "hand_right_keypoints_3d": []
        }
    ]
}