{
    "version": 1.3,
    "people": [
        {
            "person_id": [
                -1
            ],
            "pose_keypoints_2d": [
                0,
                0,
                0,
                370.255,
                102.226,
                0.802932,
                395.685,
                103.207,
                0.78538,
                413.307,
                150.179,
                0.777994,
                418.198,
                191.223,
                0.806225,
                340.926,
                101.273,
                0.777673,
                327.236,
                150.159,
                0.809908,
                317.443,
                198.075,
                0.750972,
                380.036,
                178.549,
                0.616461,
                395.683,
                176.588,
                0.619461,
                403.555,
                255.794,
                0.828345,
                425.988,
                332.07,
                0.812935,
                364.409,
                182.429,
                0.59286,
                369.26,
                268.515,
                0.758317,
                372.253,
                334.098,
                0.782189,
                0,
                0,
                0,
                0,
                0,
                0,
                371.187,
                76.8069,
                0.36358,
                346.799,
                81.6442,
                0.871521,
                352.659,
                340.899,
                0.694599,
                356.565,
                341.894,
                0.735919,
                378.1,
                340.952,
                0.765652,
                409.401,
                340.886,
                0.502841,
                411.372,
                339.906,
                0.443908,
                427.025,
                338.927,
                0.762002
            ],
            "face_keypoints_2d": [],
            "hand_left_keypoints_2d": [],
            "hand_right_keypoints_2d": [],
            "pose_keypoints_3d": [],
            "face_keypoints_3d": [],
            "hand_left_keypoints_3d": [],
            "hand_right_keypoints_3d": []
        }
    ]
}