{
    "version": 1.3,
    "people": [
        {
            "person_id": [
                -1
            ],
            "pose_keypoints_2d": [
                0,
                0,
                0,
                430.903,
                85.6087,
                0.770476,
                451.45,
                89.4809,
                0.825379,
                440.687,
                47.4605,
                0.738412,
                427.041,
                13.2339,
                0.860889,
                409.364,
                82.6808,
                0.787092,
                390.791,
                36.6971,
                0.751628,
                382.968,
                2.44353,
                0.588171,
                429.928,
                173.646,
                0.538759,
                442.699,
                170.709,
                0.569239,
                443.654,
                259.729,
                0.767059,
                446.574,
                330.151,
                0.711833,
                415.26,
                175.587,
                0.517303,
                426.06,
                258.755,
                0.818043,
                434.857,
                329.159,
                0.751344,
                0,
                0,
                0,
                0,
                0,
                0,
                440.669,
                65.9979,
                0.419318,
                418.157,
                58.2299,
                0.93324,
                415.266,
                335.034,
                0.721242,
                419.21,
                337.98,
                0.748262,
                441.666,
                335.031,
                0.596449,
                425.011,
                333.063,
                0.0510452,
                0,
                0,
                0,
                450.45,
                335.05,
                0.656489
            ],
            "face_keypoints_2d": [],
            "hand_left_keypoints_2d": [],
            "hand_right_keypoints_2d": [],
            "pose_keypoints_3d": [],
            "face_keypoints_3d": [],
            "hand_left_keypoints_3d": [],
            "hand_right_keypoints_3d": []
        }
    ]
}