{
    "version": 1.3,
    "people": [
        {
            "person_id": [
                -1
            ],
            "pose_keypoints_2d": [
                0,
                0,
                0,
                425.03,
                96.3807,
                0.832494,
                449.49,
                97.3263,
                0.839628,
                454.395,
                150.144,
                0.770775,
                448.521,
                185.385,
                0.6667,
                397.637,
                96.3508,
                0.76239,
                386.865,
                144.296,
                0.874905,
                372.228,
                191.246,
                0.785119,
                426.986,
                178.539,
                0.587154,
                441.662,
                177.545,
                0.571092,
                441.619,
                260.687,
                0.806962,
                441.641,
                330.17,
                0.743852,
                412.313,
                180.488,
                0.539908,
                420.134,
                260.688,
                0.795151,
                428.951,
                329.179,
                0.74746,
                0,
                0,
                0,
                396.689,
                67.0074,
                0.174251,
                427.004,
                66.065,
                0.223469,
                403.566,
                66.0295,
                0.91586,
                409.387,
                336.993,
                0.749597,
                413.311,
                338.966,
                0.767115,
                434.806,
                335.059,
                0.644516,
                0,
                0,
                0,
                0,
                0,
                0,
                442.695,
                337.014,
                0.643829
            ],
            "face_keypoints_2d": [],
            "hand_left_keypoints_2d": [],
            "hand_right_keypoints_2d": [],
            "pose_keypoints_3d": [],
            "face_keypoints_3d": [],
            "hand_left_keypoints_3d": [],
            "hand_right_keypoints_3d": []
        }
    ]
}