{
    "version": 1.3,
    "people": [
        {
            "person_id": [
                -1
            ],
            "pose_keypoints_2d": [
                0,
                0,
                0,
                333.083,
                160.971,
                0.921492,
                347.756,
                161.886,
                0.879638,
                370.255,
                168.746,
                0.683867,
                387.893,
                174.625,
                0.556815,
                319.4,
                160.892,
                0.865779,
                299.812,
                160.933,
                0.852725,
                277.288,
                166.792,
                0.789559,
                331.126,
                205.89,
                0.772646,
                339.89,
                205.899,
                0.768177,
                338.921,
                240.158,
                0.806772,
                333.058,
                269.474,
                0.52867,
                322.307,
                204.959,
                0.746157,
                322.332,
                231.371,
                0.450018,
                323.304,
                255.82,
                0.3147,
                0,
                0,
                0,
                0,
                0,
                0,
                339.948,
                148.19,
                0.836917,
                325.271,
                148.211,
                0.823549,
                323.304,
                255.82,
                0.165626,
                324.242,
                253.842,
                0.18953,
                323.281,
                259.729,
                0.295708,
                0,
                0,
                0,
                0,
                0,
                0,
                331.128,
                269.503,
                0.389106
            ],
            "face_keypoints_2d": [],
            "hand_left_keypoints_2d": [],
            "hand_right_keypoints_2d": [],
            "pose_keypoints_3d": [],
            "face_keypoints_3d": [],
            "hand_left_keypoints_3d": [],
            "hand_right_keypoints_3d": []
        }
    ]
}