{
    "version": 1.3,
    "people": [
        {
            "person_id": [
                -1
            ],
            "pose_keypoints_2d": [
                0,
                0,
                0,
                379.072,
                118.872,
                0.873437,
                402.554,
                117.892,
                0.822547,
                417.223,
                154.093,
                0.828729,
                419.179,
                193.207,
                0.851472,
                355.558,
                119.823,
                0.826869,
                353.636,
                159.92,
                0.828947,
                350.683,
                197.125,
                0.749576,
                387.901,
                184.399,
                0.649125,
                402.567,
                182.433,
                0.65349,
                407.446,
                246.044,
                0.849358,
                433.811,
                292.959,
                0.814283,
                374.165,
                186.349,
                0.593521,
                379.013,
                252.849,
                0.813781,
                387.903,
                312.534,
                0.809581,
                0,
                0,
                0,
                357.533,
                93.4245,
                0.127023,
                381.049,
                94.3915,
                0.472481,
                363.383,
                92.4514,
                0.888946,
                372.223,
                318.447,
                0.736117,
                375.136,
                320.366,
                0.753891,
                393.74,
                317.458,
                0.773706,
                431.877,
                317.457,
                0.766053,
                434.842,
                316.48,
                0.648194,
                436.798,
                293.986,
                0.655993
            ],
            "face_keypoints_2d": [],
            "hand_left_keypoints_2d": [],
            "hand_right_keypoints_2d": [],
            "pose_keypoints_3d": [],
            "face_keypoints_3d": [],
            "hand_left_keypoints_3d": [],
            "hand_right_keypoints_3d": []
        }
    ]
}