{
    "version": 1.3,
    "people": [
        {
            "person_id": [
                -1
            ],
            "pose_keypoints_2d": [
                0,
                0,
                0,
                428.937,
                97.3114,
                0.833836,
                454.395,
                97.3683,
                0.781134,
                458.292,
                145.304,
                0.825385,
                460.275,
                191.218,
                0.727873,
                403.495,
                96.3546,
                0.769682,
                387.832,
                143.335,
                0.838567,
                372.221,
                191.254,
                0.835983,
                431.887,
                177.549,
                0.542143,
                445.577,
                176.564,
                0.539378,
                442.678,
                259.734,
                0.822252,
                442.662,
                331.13,
                0.773577,
                417.201,
                177.567,
                0.53749,
                425.987,
                259.735,
                0.809946,
                432.841,
                328.203,
                0.731973,
                0,
                0,
                0,
                404.507,
                60.1546,
                0.168287,
                434.812,
                66.0233,
                0.360706,
                411.384,
                60.1686,
                0.889493,
                410.384,
                335.061,
                0.713939,
                416.241,
                338.932,
                0.699908,
                435.792,
                334.098,
                0.618499,
                0,
                0,
                0,
                0,
                0,
                0,
                447.527,
                336.036,
                0.676667
            ],
            "face_keypoints_2d": [],
            "hand_left_keypoints_2d": [],
            "hand_right_keypoints_2d": [],
            "pose_keypoints_3d": [],
            "face_keypoints_3d": [],
            "hand_left_keypoints_3d": [],
            "hand_right_keypoints_3d": []
        }
    ]
}