{
    "version": 1.3,
    "people": [
        {
            "person_id": [
                -1
            ],
            "pose_keypoints_2d": [
                0,
                0,
                0,
                409.393,
                97.323,
                0.85094,
                433.877,
                98.2886,
                0.832123,
                440.702,
                152.108,
                0.839319,
                434.845,
                186.36,
                0.65253,
                381.035,
                96.3421,
                0.770858,
                370.25,
                144.298,
                0.86608,
                358.539,
                190.264,
                0.764641,
                412.306,
                176.598,
                0.599253,
                426.057,
                176.564,
                0.610252,
                428,
                258.753,
                0.783105,
                427.973,
                332.076,
                0.737937,
                397.655,
                178.529,
                0.543129,
                410.344,
                261.651,
                0.847346,
                419.141,
                330.163,
                0.755065,
                0,
                0,
                0,
                382.003,
                73.841,
                0.140873,
                411.355,
                68.0156,
                0.188639,
                388.828,
                68.993,
                0.850391,
                397.669,
                337.962,
                0.666691,
                403.494,
                339.894,
                0.720145,
                423.1,
                337.004,
                0.582885,
                409.388,
                334.071,
                0.0617337,
                0,
                0,
                0,
                432.85,
                337.996,
                0.633516
            ],
            "face_keypoints_2d": [],
            "hand_left_keypoints_2d": [],
            "hand_right_keypoints_2d": [],
            "pose_keypoints_3d": [],
            "face_keypoints_3d": [],
            "hand_left_keypoints_3d": [],
            "hand_right_keypoints_3d": []
        }
    ]
}