{
    "version": 1.3,
    "people": [
        {
            "person_id": [
                -1
            ],
            "pose_keypoints_2d": [
                0,
                0,
                0,
                368.317,
                98.3704,
                0.82185,
                394.737,
                99.325,
                0.79309,
                411.337,
                151.123,
                0.860699,
                411.317,
                189.306,
                0.775019,
                340.889,
                99.2908,
                0.813176,
                324.263,
                149.177,
                0.848917,
                316.46,
                191.265,
                0.863472,
                379.08,
                176.567,
                0.620811,
                394.728,
                175.578,
                0.587497,
                394.686,
                254.859,
                0.806801,
                396.709,
                329.184,
                0.690869,
                363.444,
                177.549,
                0.588554,
                371.179,
                261.69,
                0.827574,
                378.098,
                332.14,
                0.797061,
                0,
                0,
                0,
                0,
                0,
                0,
                369.265,
                74.8843,
                0.44416,
                347.707,
                78.7729,
                0.852635,
                356.599,
                340.907,
                0.74057,
                363.422,
                341.882,
                0.748168,
                381.985,
                339.905,
                0.758169,
                387.88,
                339.9,
                0.192269,
                389.827,
                337,
                0.100013,
                401.54,
                337.981,
                0.656179
            ],
            "face_keypoints_2d": [],
            "hand_left_keypoints_2d": [],
            "hand_right_keypoints_2d": [],
            "pose_keypoints_3d": [],
            "face_keypoints_3d": [],
            "hand_left_keypoints_3d": [],
            "hand_right_keypoints_3d": []
        }
    ]
}