{
    "version": 1.3,
    "people": [
        {
            "person_id": [
                -1
            ],
            "pose_keypoints_2d": [
                0,
                0,
                0,
                424.067,
                97.3171,
                0.821147,
                449.46,
                97.3535,
                0.817572,
                453.411,
                149.199,
                0.75522,
                448.509,
                184.44,
                0.617749,
                396.704,
                97.291,
                0.776904,
                386.843,
                145.247,
                0.876763,
                372.236,
                191.243,
                0.782327,
                426.035,
                178.538,
                0.590447,
                440.707,
                177.552,
                0.55217,
                440.653,
                259.731,
                0.76965,
                441.615,
                330.167,
                0.73926,
                411.343,
                180.478,
                0.550384,
                419.191,
                261.7,
                0.830896,
                427.995,
                330.141,
                0.762145,
                0,
                0,
                0,
                395.733,
                67.0076,
                0.164448,
                426.055,
                66.9821,
                0.252516,
                403.514,
                66.0549,
                0.940006,
                409.363,
                337.009,
                0.747671,
                412.338,
                338.971,
                0.781111,
                433.865,
                335.06,
                0.670598,
                0,
                0,
                0,
                0,
                0,
                0,
                442.668,
                336.031,
                0.663944
            ],
            "face_keypoints_2d": [],
            "hand_left_keypoints_2d": [],
            "hand_right_keypoints_2d": [],
            "pose_keypoints_3d": [],
            "face_keypoints_3d": [],
            "hand_left_keypoints_3d": [],
            "hand_right_keypoints_3d": []
        }
    ]
}