{
    "version": 1.3,
    "people": [
        {
            "person_id": [
                -1
            ],
            "pose_keypoints_2d": [
                0,
                0,
                0,
                424.069,
                105.205,
                0.863032,
                446.566,
                106.165,
                0.783811,
                457.311,
                153.112,
                0.827161,
                454.375,
                185.369,
                0.577073,
                400.566,
                105.125,
                0.796455,
                394.677,
                147.25,
                0.853842,
                387.886,
                191.27,
                0.838057,
                428,
                181.477,
                0.607475,
                442.662,
                180.493,
                0.607933,
                449.506,
                259.712,
                0.80723,
                456.345,
                329.173,
                0.713603,
                413.315,
                182.444,
                0.589592,
                388.833,
                244.076,
                0.826235,
                396.67,
                308.655,
                0.834424,
                0,
                0,
                0,
                401.549,
                77.7808,
                0.144217,
                426.955,
                80.6921,
                0.331651,
                405.482,
                75.8619,
                0.84769,
                379.085,
                317.436,
                0.806442,
                385.885,
                318.411,
                0.78364,
                402.544,
                315.487,
                0.816592,
                431.892,
                332.147,
                0.67559,
                433.88,
                332.082,
                0.60525,
                459.276,
                337.957,
                0.624211
            ],
            "face_keypoints_2d": [],
            "hand_left_keypoints_2d": [],
            "hand_right_keypoints_2d": [],
            "pose_keypoints_3d": [],
            "face_keypoints_3d": [],
            "hand_left_keypoints_3d": [],
            "hand_right_keypoints_3d": []
        }
    ]
}