{
    "version": 1.3,
    "people": [
        {
            "person_id": [
                -1
            ],
            "pose_keypoints_2d": [
                0,
                0,
                0,
                332.09,
                160.958,
                0.941435,
                345.793,
                160.961,
                0.859832,
                364.367,
                168.728,
                0.80642,
                381.009,
                175.581,
                0.779742,
                317.453,
                160.916,
                0.883743,
                300.786,
                161.892,
                0.865016,
                286.173,
                172.654,
                0.705573,
                330.139,
                203.955,
                0.725844,
                338.942,
                203.979,
                0.739067,
                336.988,
                239.195,
                0.79934,
                332.088,
                265.581,
                0.256881,
                320.365,
                202.988,
                0.733353,
                323.315,
                237.229,
                0.728376,
                323.315,
                262.631,
                0.189844,
                0,
                0,
                0,
                0,
                0,
                0,
                337.016,
                146.255,
                0.625137,
                324.323,
                146.282,
                0.853255,
                0,
                0,
                0,
                0,
                0,
                0,
                322.333,
                262.639,
                0.141503,
                0,
                0,
                0,
                0,
                0,
                0,
                331.124,
                266.572,
                0.186479
            ],
            "face_keypoints_2d": [],
            "hand_left_keypoints_2d": [],
            "hand_right_keypoints_2d": [],
            "pose_keypoints_3d": [],
            "face_keypoints_3d": [],
            "hand_left_keypoints_3d": [],
            "hand_right_keypoints_3d": []
        }
    ]
}