{
    "version": 1.3,
    "people": [
        {
            "person_id": [
                -1
            ],
            "pose_keypoints_2d": [
                0,
                0,
                0,
                425.041,
                97.2998,
                0.845669,
                449.509,
                97.337,
                0.83966,
                454.383,
                150.166,
                0.770335,
                449.445,
                185.412,
                0.642999,
                397.651,
                96.3761,
                0.764731,
                386.884,
                144.329,
                0.88015,
                373.23,
                191.242,
                0.747331,
                427.021,
                178.526,
                0.574068,
                441.68,
                176.585,
                0.566756,
                441.641,
                261.655,
                0.831188,
                441.646,
                331.112,
                0.751031,
                412.354,
                179.516,
                0.524627,
                420.162,
                260.711,
                0.786687,
                428.956,
                328.209,
                0.744029,
                0,
                0,
                0,
                397.637,
                66.9822,
                0.178746,
                427.018,
                66.0614,
                0.238813,
                404.508,
                65.0795,
                0.879734,
                409.375,
                336.989,
                0.751265,
                413.302,
                338.961,
                0.766381,
                434.81,
                335.047,
                0.636023,
                0,
                0,
                0,
                0,
                0,
                0,
                442.692,
                337.97,
                0.654562
            ],
            "face_keypoints_2d": [],
            "hand_left_keypoints_2d": [],
            "hand_right_keypoints_2d": [],
            "pose_keypoints_3d": [],
            "face_keypoints_3d": [],
            "hand_left_keypoints_3d": [],
            "hand_right_keypoints_3d": []
        }
    ]
}