{
    "version": 1.3,
    "people": [
        {
            "person_id": [
                -1
            ],
            "pose_keypoints_2d": [
                0,
                0,
                0,
                425.017,
                97.3085,
                0.827839,
                449.47,
                97.359,
                0.826912,
                453.395,
                150.146,
                0.744753,
                448.518,
                185.403,
                0.604399,
                396.707,
                96.368,
                0.768993,
                385.928,
                145.236,
                0.875511,
                372.216,
                192.201,
                0.795522,
                426.049,
                178.523,
                0.591594,
                441.629,
                176.592,
                0.559936,
                439.723,
                259.725,
                0.766011,
                440.697,
                331.112,
                0.726181,
                411.368,
                179.513,
                0.543709,
                419.193,
                261.67,
                0.821076,
                428.007,
                330.132,
                0.750938,
                0,
                0,
                0,
                395.75,
                67.0256,
                0.169388,
                426.965,
                66.9794,
                0.252095,
                403.528,
                66.0347,
                0.932678,
                409.366,
                337.012,
                0.744893,
                412.348,
                338.975,
                0.772803,
                433.873,
                335.07,
                0.648109,
                0,
                0,
                0,
                0,
                0,
                0,
                442.661,
                337.002,
                0.646645
            ],
            "face_keypoints_2d": [],
            "hand_left_keypoints_2d": [],
            "hand_right_keypoints_2d": [],
            "pose_keypoints_3d": [],
            "face_keypoints_3d": [],
            "hand_left_keypoints_3d": [],
            "hand_right_keypoints_3d": []
        }
    ]
}