{
    "version": 1.3,
    "people": [
        {
            "person_id": [
                -1
            ],
            "pose_keypoints_2d": [
                0,
                0,
                0,
                435.784,
                89.5527,
                0.873603,
                458.34,
                90.476,
                0.831588,
                486.677,
                73.879,
                0.795906,
                506.234,
                60.1703,
                0.835089,
                412.33,
                89.5268,
                0.788982,
                371.243,
                59.1874,
                0.840397,
                332.064,
                30.8385,
                0.715737,
                434.846,
                176.574,
                0.572938,
                449.52,
                175.584,
                0.556342,
                449.497,
                261.647,
                0.826025,
                449.524,
                331.136,
                0.779068,
                420.163,
                177.564,
                0.51743,
                429.915,
                260.698,
                0.7646,
                436.79,
                329.19,
                0.720223,
                0,
                0,
                0,
                412.345,
                58.1989,
                0.158596,
                441.645,
                64.0951,
                0.199103,
                419.222,
                60.1581,
                0.872057,
                417.226,
                337.984,
                0.717655,
                421.118,
                339.9,
                0.743477,
                442.647,
                336.014,
                0.584693,
                0,
                0,
                0,
                0,
                0,
                0,
                452.426,
                337.005,
                0.663092
            ],
            "face_keypoints_2d": [],
            "hand_left_keypoints_2d": [],
            "hand_right_keypoints_2d": [],
            "pose_keypoints_3d": [],
            "face_keypoints_3d": [],
            "hand_left_keypoints_3d": [],
            "hand_right_keypoints_3d": []
        }
    ]
}