{
    "version": 1.3,
    "people": [
        {
            "person_id": [
                -1
            ],
            "pose_keypoints_2d": [
                284.141,
                191.22,
                0.330177,
                278.302,
                198.115,
                0.805743,
                277.31,
                199.031,
                0.886537,
                278.349,
                209.822,
                0.883864,
                289.087,
                215.684,
                0.895024,
                279.322,
                198.087,
                0.744915,
                285.102,
                207.839,
                0.152292,
                292.966,
                213.729,
                0.170842,
                281.264,
                217.656,
                0.789741,
                278.357,
                217.663,
                0.874564,
                279.307,
                237.208,
                0.82198,
                278.291,
                253.854,
                0.880331,
                285.125,
                216.716,
                0.821987,
                287.148,
                237.183,
                0.80364,
                285.168,
                252.889,
                0.874437,
                281.231,
                189.296,
                0.312146,
                281.255,
                190.246,
                0.0599926,
                278.33,
                190.253,
                0.585098,
                0,
                0,
                0,
                289.072,
                254.864,
                0.571346,
                289.089,
                254.795,
                0.619699,
                285.101,
                253.859,
                0.663547,
                280.294,
                255.813,
                0.577617,
                278.3,
                255.812,
                0.591508,
                278.282,
                254.815,
                0.709029
            ],
            "face_keypoints_2d": [],
            "hand_left_keypoints_2d": [],
            "hand_right_keypoints_2d": [],
            "pose_keypoints_3d": [],
            "face_keypoints_3d": [],
            "hand_left_keypoints_3d": [],
            "hand_right_keypoints_3d": []
        }
    ]
}