{
    "version": 1.3,
    "people": [
        {
            "person_id": [
                -1
            ],
            "pose_keypoints_2d": [
                411.374,
                66.0414,
                0.105752,
                435.807,
                97.3164,
                0.84027,
                460.245,
                98.3015,
                0.751908,
                481.825,
                144.251,
                0.813368,
                503.313,
                176.569,
                0.836441,
                411.384,
                96.338,
                0.738321,
                374.183,
                128.63,
                0.794303,
                346.764,
                160.901,
                0.80898,
                435.836,
                176.59,
                0.558947,
                450.472,
                175.601,
                0.572929,
                450.459,
                260.682,
                0.815755,
                450.487,
                331.109,
                0.743647,
                422.121,
                179.501,
                0.524083,
                432.872,
                259.733,
                0.794997,
                440.699,
                330.139,
                0.740975,
                0,
                0,
                0,
                413.296,
                59.2382,
                0.258724,
                442.681,
                66.0115,
                0.141956,
                421.121,
                60.1824,
                0.842653,
                418.21,
                337.97,
                0.714575,
                424.075,
                339.914,
                0.722954,
                444.624,
                335.07,
                0.581836,
                0,
                0,
                0,
                0,
                0,
                0,
                456.311,
                336.02,
                0.637608
            ],
            "face_keypoints_2d": [],
            "hand_left_keypoints_2d": [],
            "hand_right_keypoints_2d": [],
            "pose_keypoints_3d": [],
            "face_keypoints_3d": [],
            "hand_left_keypoints_3d": [],
            "hand_right_keypoints_3d": []
        }
    ]
}