{
    "version": 1.3,
    "people": [
        {
            "person_id": [
                -1
            ],
            "pose_keypoints_2d": [
                294.935,
                191.206,
                0.55172,
                292.971,
                198.113,
                0.85211,
                288.096,
                199.022,
                0.855994,
                289.071,
                207.87,
                0.896354,
                300.777,
                210.833,
                0.872746,
                294.956,
                198.114,
                0.789268,
                300.771,
                206.911,
                0.25689,
                303.755,
                208.865,
                0.210913,
                294.011,
                218.626,
                0.838978,
                292.97,
                218.637,
                0.8893,
                291.012,
                237.199,
                0.808676,
                286.15,
                252.857,
                0.791954,
                299.806,
                217.681,
                0.796372,
                301.759,
                237.192,
                0.877976,
                306.684,
                252.847,
                0.776759,
                293.939,
                189.303,
                0.577155,
                294.951,
                189.304,
                0.217114,
                291.992,
                191.196,
                0.693254,
                0,
                0,
                0,
                309.625,
                253.845,
                0.571403,
                310.575,
                253.8,
                0.593058,
                304.735,
                253.829,
                0.626868,
                290.048,
                254.793,
                0.461869,
                286.137,
                254.795,
                0.492786,
                286.163,
                253.807,
                0.630832
            ],
            "face_keypoints_2d": [],
            "hand_left_keypoints_2d": [],
            "hand_right_keypoints_2d": [],
            "pose_keypoints_3d": [],
            "face_keypoints_3d": [],
            "hand_left_keypoints_3d": [],
            "hand_right_keypoints_3d": []
        }
    ]
}