{
    "version": 1.3,
    "people": [
        {
            "person_id": [
                -1
            ],
            "pose_keypoints_2d": [
                411.372,
                66.0558,
                0.142216,
                436.771,
                97.3414,
                0.843652,
                461.242,
                98.3331,
                0.754785,
                479.784,
                146.254,
                0.817623,
                496.393,
                183.377,
                0.791308,
                411.384,
                96.3414,
                0.757012,
                380.061,
                131.598,
                0.814003,
                354.576,
                168.761,
                0.780047,
                436.769,
                176.596,
                0.55372,
                450.488,
                175.606,
                0.562979,
                450.468,
                259.722,
                0.811652,
                450.485,
                330.156,
                0.744367,
                422.116,
                179.502,
                0.523689,
                433.79,
                260.667,
                0.81,
                440.706,
                329.17,
                0.740853,
                0,
                0,
                0,
                412.356,
                60.1712,
                0.31164,
                442.692,
                66.0273,
                0.134609,
                421.125,
                60.1908,
                0.839971,
                419.181,
                337.011,
                0.710569,
                425.992,
                339.899,
                0.727032,
                444.615,
                335.044,
                0.581997,
                0,
                0,
                0,
                0,
                0,
                0,
                455.375,
                335.058,
                0.634575
            ],
            "face_keypoints_2d": [],
            "hand_left_keypoints_2d": [],
            "hand_right_keypoints_2d": [],
            "pose_keypoints_3d": [],
            "face_keypoints_3d": [],
            "hand_left_keypoints_3d": [],
            "hand_right_keypoints_3d": []
        }
    ]
}