{
    "version": 1.3,
    "people": [
        {
            "person_id": [
                -1
            ],
            "pose_keypoints_2d": [
                402.541,
                67.0646,
                0.130477,
                428.011,
                97.2929,
                0.817523,
                454.379,
                97.3471,
                0.778887,
                458.279,
                146.253,
                0.807319,
                459.257,
                185.369,
                0.782592,
                402.571,
                96.3425,
                0.76448,
                387.881,
                143.304,
                0.831262,
                372.26,
                191.202,
                0.840176,
                430.909,
                177.554,
                0.542824,
                444.592,
                176.584,
                0.54893,
                442.669,
                260.69,
                0.829399,
                442.632,
                331.134,
                0.771417,
                417.179,
                177.565,
                0.533515,
                425.057,
                259.701,
                0.788846,
                432.831,
                328.189,
                0.738033,
                0,
                0,
                0,
                403.485,
                65.0591,
                0.348395,
                433.805,
                66.0266,
                0.157113,
                411.307,
                63.1193,
                0.880352,
                410.365,
                335.056,
                0.73518,
                416.225,
                338.927,
                0.710292,
                435.789,
                334.102,
                0.609153,
                0,
                0,
                0,
                0,
                0,
                0,
                446.556,
                337.011,
                0.663315
            ],
            "face_keypoints_2d": [],
            "hand_left_keypoints_2d": [],
            "hand_right_keypoints_2d": [],
            "pose_keypoints_3d": [],
            "face_keypoints_3d": [],
            "hand_left_keypoints_3d": [],
            "hand_right_keypoints_3d": []
        }
    ]
}