{
    "version": 1.3,
    "people": [
        {
            "person_id": [
                -1
            ],
            "pose_keypoints_2d": [
                312.53,
                189.279,
                0.420334,
                309.599,
                192.27,
                0.890254,
                304.733,
                192.277,
                0.849313,
                300.844,
                204.925,
                0.859841,
                309.62,
                207.842,
                0.857759,
                315.446,
                192.279,
                0.815481,
                316.488,
                202.017,
                0.430663,
                317.479,
                207.845,
                0.392268,
                309.638,
                213.71,
                0.869282,
                308.581,
                213.719,
                0.861207,
                308.622,
                230.322,
                0.902878,
                299.837,
                246.003,
                0.807196,
                314.515,
                212.787,
                0.805182,
                315.474,
                230.346,
                0.846902,
                316.434,
                246.064,
                0.871402,
                310.592,
                186.36,
                0.415552,
                314.48,
                186.358,
                0.31483,
                308.647,
                186.38,
                0.537057,
                316.42,
                185.414,
                0.068841,
                318.417,
                247.997,
                0.539339,
                319.395,
                247.04,
                0.593463,
                314.503,
                247.023,
                0.645537,
                301.779,
                248.021,
                0.579701,
                298.847,
                247.975,
                0.590141,
                297.888,
                246.049,
                0.65436
            ],
            "face_keypoints_2d": [],
            "hand_left_keypoints_2d": [],
            "hand_right_keypoints_2d": [],
            "pose_keypoints_3d": [],
            "face_keypoints_3d": [],
            "hand_left_keypoints_3d": [],
            "hand_right_keypoints_3d": []
        }
    ]
}