{
    "version": 1.3,
    "people": [
        {
            "person_id": [
                -1
            ],
            "pose_keypoints_2d": [
                0,
                0,
                0,
                433.847,
                87.5598,
                0.834437,
                457.336,
                89.4899,
                0.792022,
                456.347,
                60.1701,
                0.63682,
                457.279,
                27.9129,
                0.832434,
                410.367,
                83.6781,
                0.74863,
                380.087,
                43.5096,
                0.866678,
                356.578,
                11.2057,
                0.832433,
                432.864,
                175.59,
                0.537653,
                447.512,
                174.609,
                0.5099,
                446.562,
                258.755,
                0.741016,
                447.543,
                332.082,
                0.708686,
                418.163,
                176.568,
                0.52145,
                426.981,
                259.706,
                0.816427,
                435.831,
                330.149,
                0.73504,
                0,
                0,
                0,
                412.339,
                52.3282,
                0.0766991,
                441.7,
                64.0751,
                0.303983,
                418.234,
                59.2081,
                0.931789,
                416.215,
                336.04,
                0.731516,
                420.136,
                338.966,
                0.771455,
                442.647,
                336.986,
                0.562399,
                425.04,
                336.005,
                0.0619751,
                0,
                0,
                0,
                450.493,
                337.979,
                0.610318
            ],
            "face_keypoints_2d": [],
            "hand_left_keypoints_2d": [],
            "hand_right_keypoints_2d": [],
            "pose_keypoints_3d": [],
            "face_keypoints_3d": [],
            "hand_left_keypoints_3d": [],
            "hand_right_keypoints_3d": []
        }
    ]
}