{
    "version": 1.3,
    "people": [
        {
            "person_id": [
                -1
            ],
            "pose_keypoints_2d": [
                0,
                0,
                0,
                376.116,
                98.3607,
                0.83305,
                401.548,
                100.282,
                0.782327,
                413.319,
                150.145,
                0.788088,
                410.338,
                186.357,
                0.742818,
                348.747,
                98.3399,
                0.830689,
                333.089,
                148.214,
                0.853011,
                324.259,
                191.266,
                0.847452,
                384.913,
                180.49,
                0.565953,
                397.661,
                178.53,
                0.554191,
                395.729,
                260.682,
                0.838452,
                400.562,
                330.141,
                0.737268,
                370.244,
                181.464,
                0.5602,
                379.023,
                261.681,
                0.8576,
                387.849,
                332.097,
                0.785387,
                0,
                0,
                0,
                0,
                0,
                0,
                377.119,
                74.8768,
                0.433453,
                354.588,
                79.7131,
                0.819143,
                367.331,
                340.91,
                0.804497,
                373.194,
                341.897,
                0.78029,
                394.679,
                338.945,
                0.660184,
                0,
                0,
                0,
                0,
                0,
                0,
                403.509,
                336.021,
                0.709445
            ],
            "face_keypoints_2d": [],
            "hand_left_keypoints_2d": [],
            "hand_right_keypoints_2d": [],
            "pose_keypoints_3d": [],
            "face_keypoints_3d": [],
            "hand_left_keypoints_3d": [],
            "hand_right_keypoints_3d": []
        }
    ]
}