{
    "version": 1.3,
    "people": [
        {
            "person_id": [
                -1
            ],
            "pose_keypoints_2d": [
                379.999,
                75.8377,
                0.05506,
                405.489,
                97.344,
                0.829617,
                431.872,
                98.341,
                0.763644,
                434.835,
                150.172,
                0.776408,
                431.886,
                183.425,
                0.450927,
                380.068,
                96.3309,
                0.782795,
                366.352,
                144.273,
                0.854135,
                355.615,
                189.276,
                0.781788,
                410.394,
                177.556,
                0.627335,
                425.052,
                176.582,
                0.575019,
                426.992,
                258.758,
                0.819754,
                427.007,
                330.163,
                0.765272,
                395.718,
                178.546,
                0.570269,
                406.462,
                261.694,
                0.781647,
                417.189,
                329.171,
                0.735484,
                0,
                0,
                0,
                379.1,
                74.803,
                0.165247,
                407.422,
                69.9702,
                0.183806,
                386.849,
                71.9076,
                0.880124,
                395.695,
                337.965,
                0.709349,
                401.556,
                339.887,
                0.726216,
                420.15,
                335.065,
                0.649358,
                0,
                0,
                0,
                0,
                0,
                0,
                430.896,
                336.035,
                0.656752
            ],
            "face_keypoints_2d": [],
            "hand_left_keypoints_2d": [],
            "hand_right_keypoints_2d": [],
            "pose_keypoints_3d": [],
            "face_keypoints_3d": [],
            "hand_left_keypoints_3d": [],
            "hand_right_keypoints_3d": []
        }
    ]
}