{
    "version": 1.3,
    "people": [
        {
            "person_id": [
                -1
            ],
            "pose_keypoints_2d": [
                0,
                0,
                0,
                424.057,
                97.3453,
                0.833303,
                449.454,
                97.3658,
                0.812458,
                452.45,
                150.158,
                0.754487,
                448.496,
                184.386,
                0.592836,
                396.688,
                97.3213,
                0.792695,
                385.931,
                145.263,
                0.863481,
                374.16,
                189.3,
                0.771826,
                426.048,
                179.513,
                0.584268,
                441.635,
                178.526,
                0.565677,
                439.718,
                259.711,
                0.759992,
                440.692,
                331.119,
                0.742939,
                411.348,
                181.465,
                0.544502,
                419.163,
                261.683,
                0.834021,
                427.974,
                330.161,
                0.767687,
                0,
                0,
                0,
                395.725,
                67.0214,
                0.18218,
                426.049,
                67.0013,
                0.238796,
                403.503,
                66.0789,
                0.948914,
                408.413,
                337.955,
                0.737314,
                412.319,
                339.887,
                0.783092,
                433.853,
                336.017,
                0.662565,
                0,
                0,
                0,
                0,
                0,
                0,
                442.661,
                336.042,
                0.669346
            ],
            "face_keypoints_2d": [],
            "hand_left_keypoints_2d": [],
            "hand_right_keypoints_2d": [],
            "pose_keypoints_3d": [],
            "face_keypoints_3d": [],
            "hand_left_keypoints_3d": [],
            "hand_right_keypoints_3d": []
        }
    ]
}