{
    "version": 1.3,
    "people": [
        {
            "person_id": [
                -1
            ],
            "pose_keypoints_2d": [
                386.926,
                74.8004,
                0.0595625,
                411.369,
                96.3763,
                0.859976,
                436.802,
                97.356,
                0.785601,
                442.681,
                150.177,
                0.813025,
                440.661,
                185.412,
                0.640072,
                386.854,
                94.3905,
                0.763041,
                372.22,
                142.348,
                0.852894,
                362.442,
                187.336,
                0.764107,
                417.224,
                178.541,
                0.596895,
                431.864,
                177.55,
                0.56152,
                432.861,
                259.702,
                0.782444,
                433.842,
                329.176,
                0.760577,
                402.535,
                181.453,
                0.568064,
                411.325,
                261.691,
                0.843001,
                420.188,
                328.216,
                0.746244,
                0,
                0,
                0,
                386.886,
                72.8656,
                0.176412,
                414.29,
                67.9812,
                0.191379,
                393.727,
                68.0087,
                0.883178,
                400.578,
                337.984,
                0.709826,
                404.503,
                339.9,
                0.756762,
                426.974,
                335.038,
                0.671064,
                0,
                0,
                0,
                0,
                0,
                0,
                435.793,
                335.048,
                0.68919
            ],
            "face_keypoints_2d": [],
            "hand_left_keypoints_2d": [],
            "hand_right_keypoints_2d": [],
            "pose_keypoints_3d": [],
            "face_keypoints_3d": [],
            "hand_left_keypoints_3d": [],
            "hand_right_keypoints_3d": []
        }
    ]
}