{
    "version": 1.3,
    "people": [
        {
            "person_id": [
                -1
            ],
            "pose_keypoints_2d": [
                333.117,
                168.738,
                0.710902,
                332.125,
                174.61,
                0.926359,
                322.341,
                174.629,
                0.881002,
                311.587,
                184.447,
                0.831134,
                309.6,
                197.106,
                0.564567,
                340.968,
                173.654,
                0.873108,
                349.758,
                183.461,
                0.842901,
                356.568,
                192.234,
                0.794458,
                330.171,
                199.019,
                0.873345,
                324.271,
                198.103,
                0.877697,
                325.283,
                216.713,
                0.88635,
                324.28,
                239.177,
                0.890185,
                335.035,
                199.044,
                0.872689,
                338.917,
                219.609,
                0.836699,
                336.035,
                239.223,
                0.832431,
                332.14,
                167.75,
                0.689849,
                334.097,
                167.743,
                0.599501,
                329.179,
                166.798,
                0.599064,
                336.997,
                166.805,
                0.312711,
                338.959,
                245.069,
                0.650913,
                340.874,
                244.081,
                0.698227,
                334.081,
                242.118,
                0.616722,
                326.266,
                245.031,
                0.702161,
                324.258,
                245.009,
                0.684551,
                324.29,
                240.187,
                0.647116
            ],
            "face_keypoints_2d": [],
            "hand_left_keypoints_2d": [],
            "hand_right_keypoints_2d": [],
            "pose_keypoints_3d": [],
            "face_keypoints_3d": [],
            "hand_left_keypoints_3d": [],
            "hand_right_keypoints_3d": []
        }
    ]
}