{
    "version": 1.3,
    "people": [
        {
            "person_id": [
                -1
            ],
            "pose_keypoints_2d": [
                394.754,
                73.8537,
                0.0690973,
                421.15,
                97.3469,
                0.825356,
                447.544,
                97.3613,
                0.791907,
                450.514,
                148.226,
                0.801502,
                446.552,
                184.391,
                0.637776,
                395.698,
                97.3322,
                0.81161,
                384.911,
                145.281,
                0.837703,
                371.269,
                192.235,
                0.784061,
                425.058,
                178.529,
                0.57004,
                439.701,
                176.585,
                0.537568,
                436.797,
                255.817,
                0.759162,
                436.78,
                331.117,
                0.694017,
                410.365,
                179.516,
                0.554415,
                419.137,
                261.631,
                0.829396,
                427.029,
                329.181,
                0.748612,
                0,
                0,
                0,
                394.76,
                68.0247,
                0.196704,
                425.968,
                66.9989,
                0.350107,
                402.52,
                66.98,
                0.941076,
                408.406,
                337.001,
                0.736707,
                412.328,
                338.971,
                0.771963,
                433.812,
                336.02,
                0.601164,
                417.233,
                334.09,
                0.0691218,
                418.159,
                333.092,
                0.0506613,
                441.649,
                337.965,
                0.610975
            ],
            "face_keypoints_2d": [],
            "hand_left_keypoints_2d": [],
            "hand_right_keypoints_2d": [],
            "pose_keypoints_3d": [],
            "face_keypoints_3d": [],
            "hand_left_keypoints_3d": [],
            "hand_right_keypoints_3d": []
        }
    ]
}