{
    "version": 1.3,
    "people": [
        {
            "person_id": [
                -1
            ],
            "pose_keypoints_2d": [
                0,
                0,
                0,
                429.93,
                85.6051,
                0.764457,
                450.526,
                89.4746,
                0.811726,
                439.722,
                47.4629,
                0.710514,
                427.03,
                13.2277,
                0.869686,
                408.397,
                82.6675,
                0.785489,
                390.807,
                35.7383,
                0.790385,
                384.921,
                2.44081,
                0.646283,
                428.95,
                173.641,
                0.549625,
                442.669,
                170.71,
                0.578355,
                443.626,
                259.734,
                0.790724,
                446.554,
                329.182,
                0.71833,
                414.281,
                175.579,
                0.521605,
                426.05,
                258.751,
                0.821963,
                434.818,
                328.214,
                0.759145,
                0,
                0,
                0,
                0,
                0,
                0,
                439.729,
                66.0418,
                0.453337,
                418.138,
                58.208,
                0.91919,
                414.291,
                335.032,
                0.72693,
                419.188,
                337.981,
                0.757682,
                441.632,
                334.101,
                0.604845,
                424.069,
                332.136,
                0.0536264,
                0,
                0,
                0,
                450.442,
                334.099,
                0.687222
            ],
            "face_keypoints_2d": [],
            "hand_left_keypoints_2d": [],
            "hand_right_keypoints_2d": [],
            "pose_keypoints_3d": [],
            "face_keypoints_3d": [],
            "hand_left_keypoints_3d": [],
            "hand_right_keypoints_3d": []
        }
    ]
}