{
    "version": 1.3,
    "people": [
        {
            "person_id": [
                -1
            ],
            "pose_keypoints_2d": [
                0,
                0,
                0,
                332.106,
                152.154,
                0.931756,
                349.709,
                152.129,
                0.878586,
                365.365,
                168.753,
                0.905439,
                369.298,
                198.114,
                0.81652,
                313.513,
                153.07,
                0.860142,
                305.7,
                183.418,
                0.793685,
                309.614,
                200.025,
                0.464445,
                337.018,
                199.045,
                0.721515,
                347.715,
                198.084,
                0.732026,
                334.088,
                241.128,
                0.806594,
                330.168,
                278.311,
                0.815211,
                327.213,
                199.094,
                0.729845,
                338.954,
                240.162,
                0.856874,
                355.564,
                271.452,
                0.802139,
                0,
                0,
                0,
                0,
                0,
                0,
                338.951,
                136.448,
                0.812951,
                323.313,
                135.507,
                0.897782,
                359.497,
                287.132,
                0.685718,
                359.493,
                286.108,
                0.696184,
                358.507,
                275.371,
                0.61012,
                324.295,
                284.176,
                0.649541,
                327.229,
                284.173,
                0.600464,
                329.187,
                284.152,
                0.745564
            ],
            "face_keypoints_2d": [],
            "hand_left_keypoints_2d": [],
            "hand_right_keypoints_2d": [],
            "pose_keypoints_3d": [],
            "face_keypoints_3d": [],
            "hand_left_keypoints_3d": [],
            "hand_right_keypoints_3d": []
        }
    ]
}