{
    "version": 1.3,
    "people": [
        {
            "person_id": [
                -1
            ],
            "pose_keypoints_2d": [
                394.719,
                74.8131,
                0.0673882,
                418.205,
                94.4116,
                0.842247,
                442.673,
                97.294,
                0.822834,
                449.472,
                147.234,
                0.806845,
                442.666,
                184.408,
                0.666523,
                390.816,
                92.4588,
                0.740432,
                379.102,
                141.376,
                0.842422,
                365.399,
                189.275,
                0.719117,
                420.17,
                175.612,
                0.599009,
                434.801,
                174.631,
                0.609431,
                434.86,
                259.705,
                0.80053,
                435.791,
                329.189,
                0.734842,
                406.451,
                176.577,
                0.530034,
                418.146,
                261.645,
                0.826056,
                425.998,
                328.182,
                0.754231,
                0,
                0,
                0,
                393.742,
                72.8593,
                0.179751,
                419.225,
                66.9965,
                0.258247,
                398.644,
                67.0642,
                0.859049,
                403.526,
                337.957,
                0.685049,
                409.404,
                339.889,
                0.705066,
                428.965,
                334.101,
                0.614135,
                0,
                0,
                0,
                0,
                0,
                0,
                440.669,
                335.072,
                0.661549
            ],
            "face_keypoints_2d": [],
            "hand_left_keypoints_2d": [],
            "hand_right_keypoints_2d": [],
            "pose_keypoints_3d": [],
            "face_keypoints_3d": [],
            "hand_left_keypoints_3d": [],
            "hand_right_keypoints_3d": []
        }
    ]
}