{
    "version": 1.3,
    "people": [
        {
            "person_id": [
                -1
            ],
            "pose_keypoints_2d": [
                0,
                0,
                0,
                433.857,
                87.5345,
                0.863068,
                457.318,
                88.5416,
                0.807514,
                477.844,
                62.1181,
                0.65766,
                496.397,
                41.5866,
                0.865897,
                410.394,
                84.6435,
                0.739778,
                374.193,
                45.5149,
                0.704075,
                344.843,
                12.2195,
                0.774065,
                433.824,
                175.579,
                0.559823,
                448.508,
                173.649,
                0.522175,
                447.528,
                259.72,
                0.755964,
                448.527,
                332.078,
                0.724146,
                418.209,
                175.607,
                0.543456,
                426.993,
                258.751,
                0.800118,
                436.786,
                330.167,
                0.730631,
                0,
                0,
                0,
                411.351,
                56.2443,
                0.155235,
                439.689,
                62.114,
                0.162504,
                418.187,
                59.1965,
                0.92798,
                416.237,
                337.954,
                0.730866,
                420.154,
                339.902,
                0.763776,
                442.682,
                337.01,
                0.580366,
                425.019,
                336.973,
                0.0540553,
                0,
                0,
                0,
                451.45,
                337.983,
                0.609963
            ],
            "face_keypoints_2d": [],
            "hand_left_keypoints_2d": [],
            "hand_right_keypoints_2d": [],
            "pose_keypoints_3d": [],
            "face_keypoints_3d": [],
            "hand_left_keypoints_3d": [],
            "hand_right_keypoints_3d": []
        }
    ]
}