{
    "version": 1.3,
    "people": [
        {
            "person_id": [
                -1
            ],
            "pose_keypoints_2d": [
                0,
                0,
                0,
                418.142,
                89.5314,
                0.84815,
                442.686,
                90.5058,
                0.795868,
                450.433,
                151.14,
                0.807509,
                448.505,
                189.29,
                0.600024,
                387.892,
                88.5047,
                0.768106,
                380.049,
                140.372,
                0.851008,
                371.244,
                193.189,
                0.831073,
                417.22,
                180.479,
                0.551737,
                433.865,
                180.497,
                0.565402,
                436.786,
                275.383,
                0.729688,
                436.78,
                349.748,
                0.696878,
                398.619,
                179.504,
                0.538998,
                363.376,
                247.024,
                0.828716,
                332.137,
                300.81,
                0.836628,
                0,
                0,
                0,
                386.863,
                66.032,
                0.0844478,
                418.153,
                59.2268,
                0.329077,
                393.733,
                62.1249,
                0.852163,
                313.514,
                308.588,
                0.487389,
                316.484,
                308.655,
                0.589828,
                333.104,
                307.655,
                0.638397,
                420.144,
                357.548,
                0.220856,
                423.082,
                357.545,
                0.189419,
                440.677,
                357.563,
                0.536249
            ],
            "face_keypoints_2d": [],
            "hand_left_keypoints_2d": [],
            "hand_right_keypoints_2d": [],
            "pose_keypoints_3d": [],
            "face_keypoints_3d": [],
            "hand_left_keypoints_3d": [],
            "hand_right_keypoints_3d": []
        }
    ]
}