{
    "version": 1.3,
    "people": [
        {
            "person_id": [
                -1
            ],
            "pose_keypoints_2d": [
                411.372,
                66.0594,
                0.142999,
                435.825,
                97.3172,
                0.838883,
                460.261,
                98.299,
                0.758089,
                480.817,
                148.204,
                0.824026,
                497.472,
                183.413,
                0.821035,
                412.311,
                96.3335,
                0.749381,
                380.025,
                129.668,
                0.825707,
                349.739,
                168.724,
                0.775437,
                435.837,
                176.585,
                0.55538,
                450.481,
                175.594,
                0.562827,
                450.467,
                259.723,
                0.811376,
                450.484,
                330.156,
                0.744666,
                422.111,
                178.531,
                0.525316,
                433.789,
                260.668,
                0.810532,
                440.706,
                329.171,
                0.740845,
                0,
                0,
                0,
                412.357,
                60.172,
                0.308952,
                442.69,
                66.0202,
                0.135456,
                421.126,
                60.1892,
                0.840508,
                419.181,
                337.011,
                0.71083,
                425.992,
                339.899,
                0.727722,
                444.616,
                335.045,
                0.582133,
                0,
                0,
                0,
                0,
                0,
                0,
                455.375,
                335.058,
                0.634755
            ],
            "face_keypoints_2d": [],
            "hand_left_keypoints_2d": [],
            "hand_right_keypoints_2d": [],
            "pose_keypoints_3d": [],
            "face_keypoints_3d": [],
            "hand_left_keypoints_3d": [],
            "hand_right_keypoints_3d": []
        }
    ]
}