{
    "version": 1.3,
    "people": [
        {
            "person_id": [
                -1
            ],
            "pose_keypoints_2d": [
                0,
                0,
                0,
                331.102,
                159.908,
                0.894083,
                347.784,
                158.933,
                0.872178,
                365.397,
                176.611,
                0.920242,
                369.288,
                207.839,
                0.83223,
                310.589,
                159.98,
                0.896859,
                308.605,
                190.285,
                0.821181,
                307.621,
                207.875,
                0.646695,
                339.906,
                203.958,
                0.746044,
                348.768,
                202.017,
                0.736692,
                341.922,
                246.042,
                0.844789,
                347.746,
                276.349,
                0.744578,
                329.155,
                204.937,
                0.685211,
                331.135,
                251.903,
                0.81502,
                344.841,
                287.097,
                0.731908,
                0,
                0,
                0,
                0,
                0,
                0,
                334.09,
                139.398,
                0.674679,
                318.435,
                138.468,
                0.854684,
                343.858,
                299.845,
                0.616172,
                340.957,
                299.793,
                0.649686,
                348.705,
                291.038,
                0.685775,
                346.793,
                293.01,
                0.187446,
                348.741,
                290.053,
                0.154625,
                348.776,
                277.351,
                0.552982
            ],
            "face_keypoints_2d": [],
            "hand_left_keypoints_2d": [],
            "hand_right_keypoints_2d": [],
            "pose_keypoints_3d": [],
            "face_keypoints_3d": [],
            "hand_left_keypoints_3d": [],
            "hand_right_keypoints_3d": []
        }
    ]
}