{
    "version": 1.3,
    "people": [
        {
            "person_id": [
                -1
            ],
            "pose_keypoints_2d": [
                293.993,
                125.716,
                0.258242,
                314.492,
                126.682,
                0.384231,
                312.537,
                125.699,
                0.336165,
                0,
                0,
                0,
                0,
                0,
                0,
                316.433,
                125.708,
                0.46589,
                338.959,
                139.411,
                0.238374,
                363.369,
                161.899,
                0.133145,
                332.076,
                134.512,
                0.299024,
                332.098,
                133.526,
                0.254054,
                341.89,
                143.315,
                0.221087,
                363.388,
                162.893,
                0.194194,
                332.066,
                133.541,
                0.314198,
                339.969,
                142.339,
                0.323496,
                364.379,
                162.874,
                0.46752,
                0,
                0,
                0,
                294.003,
                121.8,
                0.275869,
                0,
                0,
                0,
                299.825,
                120.803,
                0.374548,
                364.395,
                170.711,
                0.0983313,
                366.345,
                168.75,
                0.115238,
                366.344,
                164.847,
                0.298483,
                359.509,
                167.776,
                0.0544843,
                360.474,
                167.767,
                0.0533515,
                364.38,
                163.857,
                0.158959
            ],
            "face_keypoints_2d": [],
            "hand_left_keypoints_2d": [],
            "hand_right_keypoints_2d": [],
            "pose_keypoints_3d": [],
            "face_keypoints_3d": [],
            "hand_left_keypoints_3d": [],
            "hand_right_keypoints_3d": []
        }
    ]
}