{
    "version": 1.3,
    "people": [
        {
            "person_id": [
                -1
            ],
            "pose_keypoints_2d": [
                343.861,
                191.222,
                0.18235,
                340.945,
                187.343,
                0.868926,
                333.055,
                190.26,
                0.873049,
                325.314,
                205.893,
                0.84649,
                325.245,
                219.607,
                0.729247,
                350.698,
                184.436,
                0.874896,
                364.353,
                184.425,
                0.884431,
                373.192,
                185.376,
                0.813867,
                340.941,
                205.94,
                0.882548,
                336.022,
                206.884,
                0.830406,
                338.921,
                220.599,
                0.769242,
                340.885,
                239.21,
                0.909367,
                347.758,
                205.89,
                0.849233,
                355.591,
                215.742,
                0.889643,
                355.612,
                239.173,
                0.912671,
                341.909,
                189.292,
                0.14252,
                345.807,
                189.295,
                0.135781,
                339.887,
                185.394,
                0.216967,
                347.748,
                185.374,
                0.12071,
                357.549,
                245.047,
                0.765814,
                362.402,
                243.087,
                0.723928,
                354.61,
                240.189,
                0.678308,
                342.871,
                245.046,
                0.640165,
                339.94,
                245.013,
                0.647721,
                340.955,
                241.145,
                0.691231
            ],
            "face_keypoints_2d": [],
            "hand_left_keypoints_2d": [],
            "hand_right_keypoints_2d": [],
            "pose_keypoints_3d": [],
            "face_keypoints_3d": [],
            "hand_left_keypoints_3d": [],
            "hand_right_keypoints_3d": []
        }
    ]
}