{
    "version": 1.3,
    "people": [
        {
            "person_id": [
                -1
            ],
            "pose_keypoints_2d": [
                0,
                0,
                0,
                364.388,
                129.591,
                0.912499,
                385.908,
                128.593,
                0.826287,
                407.428,
                155.044,
                0.803254,
                421.118,
                192.274,
                0.770369,
                341.918,
                130.637,
                0.8029,
                336.992,
                174.588,
                0.814406,
                333.091,
                205.91,
                0.812624,
                379.085,
                191.255,
                0.674355,
                392.772,
                189.296,
                0.61108,
                375.15,
                248.977,
                0.721897,
                370.278,
                295.919,
                0.739374,
                365.396,
                192.247,
                0.633109,
                371.274,
                253.842,
                0.835387,
                396.672,
                303.747,
                0.793824,
                0,
                0,
                0,
                0,
                0,
                0,
                367.327,
                107.107,
                0.567116,
                348.758,
                109.074,
                0.812848,
                385.878,
                319.379,
                0.725846,
                389.835,
                318.447,
                0.69551,
                403.492,
                308.64,
                0.782197,
                364.423,
                305.693,
                0.451507,
                371.206,
                305.695,
                0.45911,
                369.275,
                301.814,
                0.701399
            ],
            "face_keypoints_2d": [],
            "hand_left_keypoints_2d": [],
            "hand_right_keypoints_2d": [],
            "pose_keypoints_3d": [],
            "face_keypoints_3d": [],
            "hand_left_keypoints_3d": [],
            "hand_right_keypoints_3d": []
        }
    ]
}