{
    "version": 1.3,
    "people": [
        {
            "person_id": [
                -1
            ],
            "pose_keypoints_2d": [
                296.908,
                190.272,
                0.321508,
                293.998,
                198.104,
                0.805128,
                292.938,
                198.09,
                0.85618,
                293.004,
                207.853,
                0.949284,
                301.826,
                210.801,
                0.850331,
                298.847,
                199.014,
                0.742538,
                301.817,
                206.905,
                0.239092,
                307.652,
                209.829,
                0.186767,
                298.828,
                217.686,
                0.796274,
                293.998,
                217.686,
                0.864968,
                292.962,
                235.284,
                0.819699,
                286.197,
                250.913,
                0.749845,
                300.84,
                217.678,
                0.829928,
                302.746,
                236.264,
                0.819723,
                308.623,
                252.835,
                0.791532,
                294.941,
                188.312,
                0.337002,
                296.913,
                189.297,
                0.103329,
                293.913,
                190.248,
                0.553543,
                0,
                0,
                0,
                310.594,
                253.829,
                0.509902,
                311.56,
                253.801,
                0.531693,
                307.661,
                253.813,
                0.637629,
                291.008,
                253.871,
                0.531067,
                286.153,
                253.85,
                0.566204,
                286.183,
                251.897,
                0.635566
            ],
            "face_keypoints_2d": [],
            "hand_left_keypoints_2d": [],
            "hand_right_keypoints_2d": [],
            "pose_keypoints_3d": [],
            "face_keypoints_3d": [],
            "hand_left_keypoints_3d": [],
            "hand_right_keypoints_3d": []
        }
    ]
}