{
    "version": 1.3,
    "people": [
        {
            "person_id": [
                -1
            ],
            "pose_keypoints_2d": [
                277.289,
                195.15,
                0.316247,
                272.452,
                200.099,
                0.717988,
                270.52,
                201.016,
                0.856832,
                274.381,
                212.751,
                0.728447,
                285.098,
                216.673,
                0.750008,
                276.364,
                200.072,
                0.719714,
                278.289,
                210.828,
                0.187052,
                285.198,
                215.759,
                0.138941,
                277.29,
                220.604,
                0.74778,
                274.41,
                220.6,
                0.729994,
                277.309,
                237.203,
                0.740338,
                271.509,
                251.9,
                0.550536,
                278.27,
                220.574,
                0.71195,
                279.314,
                237.214,
                0.59036,
                276.33,
                250.903,
                0.415753,
                276.364,
                193.206,
                0.322276,
                277.311,
                194.179,
                0.0989381,
                273.416,
                194.191,
                0.4642,
                0,
                0,
                0,
                277.339,
                253.866,
                0.241615,
                277.335,
                253.84,
                0.230901,
                274.379,
                252.844,
                0.314975,
                275.392,
                253.866,
                0.445237,
                271.467,
                253.868,
                0.443746,
                271.468,
                252.891,
                0.498205
            ],
            "face_keypoints_2d": [],
            "hand_left_keypoints_2d": [],
            "hand_right_keypoints_2d": [],
            "pose_keypoints_3d": [],
            "face_keypoints_3d": [],
            "hand_left_keypoints_3d": [],
            "hand_right_keypoints_3d": []
        }
    ]
}