{
    "version": 1.3,
    "people": [
        {
            "person_id": [
                -1
            ],
            "pose_keypoints_2d": [
                0,
                0,
                0,
                397.671,
                120.77,
                0.840482,
                419.195,
                119.813,
                0.836314,
                434.792,
                165.799,
                0.855542,
                430.9,
                196.152,
                0.606068,
                376.118,
                120.83,
                0.818494,
                372.229,
                162.876,
                0.855346,
                371.244,
                200.057,
                0.868095,
                408.388,
                185.399,
                0.612202,
                421.114,
                184.401,
                0.613427,
                436.772,
                254.824,
                0.833634,
                460.277,
                313.509,
                0.722052,
                393.745,
                187.344,
                0.618242,
                380.071,
                250.917,
                0.819568,
                387.831,
                312.538,
                0.807874,
                0,
                0,
                0,
                374.192,
                91.4985,
                0.103852,
                402.502,
                96.3258,
                0.800268,
                380.049,
                93.4362,
                0.896332,
                371.225,
                316.479,
                0.726138,
                373.185,
                317.47,
                0.774902,
                390.807,
                317.487,
                0.758928,
                450.485,
                334.054,
                0.706477,
                452.421,
                333.046,
                0.587615,
                467.093,
                317.471,
                0.622303
            ],
            "face_keypoints_2d": [],
            "hand_left_keypoints_2d": [],
            "hand_right_keypoints_2d": [],
            "pose_keypoints_3d": [],
            "face_keypoints_3d": [],
            "hand_left_keypoints_3d": [],
            "hand_right_keypoints_3d": []
        }
    ]
}