{
    "version": 1.3,
    "people": [
        {
            "person_id": [
                -1
            ],
            "pose_keypoints_2d": [
                0,
                0,
                0,
                324.318,
                183.426,
                0.912017,
                334.081,
                182.456,
                0.83876,
                346.77,
                188.313,
                0.63564,
                340.915,
                184.387,
                0.154987,
                313.527,
                183.463,
                0.831453,
                310.614,
                199.079,
                0.645945,
                317.398,
                206.937,
                0.343172,
                324.324,
                220.602,
                0.813381,
                332.12,
                221.541,
                0.79065,
                331.092,
                250.922,
                0.815987,
                326.226,
                273.436,
                0.82223,
                317.424,
                220.595,
                0.797568,
                317.422,
                248.016,
                0.86031,
                317.434,
                273.412,
                0.87849,
                0,
                0,
                0,
                0,
                0,
                0,
                330.15,
                168.79,
                0.706341,
                317.437,
                169.725,
                0.781225,
                318.419,
                277.317,
                0.59169,
                316.483,
                277.288,
                0.609003,
                317.43,
                277.301,
                0.845539,
                326.244,
                277.347,
                0.548366,
                330.14,
                277.352,
                0.569141,
                325.272,
                277.305,
                0.828048
            ],
            "face_keypoints_2d": [],
            "hand_left_keypoints_2d": [],
            "hand_right_keypoints_2d": [],
            "pose_keypoints_3d": [],
            "face_keypoints_3d": [],
            "hand_left_keypoints_3d": [],
            "hand_right_keypoints_3d": []
        }
    ]
}