{
    "version": 1.3,
    "people": [
        {
            "person_id": [
                -1
            ],
            "pose_keypoints_2d": [
                0,
                0,
                0,
                429.915,
                83.6476,
                0.79952,
                451.435,
                88.5063,
                0.804827,
                441.647,
                65.0704,
                0.568445,
                422.102,
                29.8345,
                0.721995,
                404.527,
                81.7304,
                0.779359,
                384.928,
                48.4439,
                0.757608,
                372.213,
                19.0469,
                0.890765,
                429.932,
                172.673,
                0.522476,
                443.626,
                169.745,
                0.558033,
                443.632,
                259.705,
                0.779097,
                445.579,
                330.141,
                0.71298,
                415.241,
                174.618,
                0.50657,
                426.042,
                256.807,
                0.807711,
                434.806,
                329.158,
                0.74645,
                0,
                0,
                0,
                0,
                0,
                0,
                441.646,
                64.0848,
                0.281551,
                418.209,
                58.2148,
                0.949571,
                413.318,
                335.036,
                0.724948,
                419.165,
                337.988,
                0.753739,
                441.635,
                334.098,
                0.578845,
                424.067,
                332.134,
                0.0529155,
                0,
                0,
                0,
                450.435,
                335.041,
                0.662531
            ],
            "face_keypoints_2d": [],
            "hand_left_keypoints_2d": [],
            "hand_right_keypoints_2d": [],
            "pose_keypoints_3d": [],
            "face_keypoints_3d": [],
            "hand_left_keypoints_3d": [],
            "hand_right_keypoints_3d": []
        }
    ]
}