{
    "version": 1.3,
    "people": [
        {
            "person_id": [
                -1
            ],
            "pose_keypoints_2d": [
                0,
                0,
                0,
                431.898,
                84.6294,
                0.783767,
                452.421,
                88.5345,
                0.794742,
                440.678,
                46.4682,
                0.726774,
                427.997,
                14.1894,
                0.822353,
                410.331,
                82.6402,
                0.803048,
                389.848,
                36.6802,
                0.767278,
                381.034,
                2.91428,
                0.584412,
                431.899,
                172.658,
                0.53727,
                444.623,
                170.699,
                0.527676,
                445.6,
                257.777,
                0.737844,
                447.532,
                331.144,
                0.725501,
                417.223,
                173.645,
                0.524567,
                426.969,
                258.755,
                0.805334,
                435.794,
                330.16,
                0.749126,
                0,
                0,
                0,
                415.234,
                51.428,
                0.0620915,
                441.675,
                66.0049,
                0.405888,
                419.127,
                59.1631,
                0.950648,
                416.225,
                336.018,
                0.721638,
                420.145,
                338.952,
                0.751926,
                441.683,
                336.991,
                0.587794,
                425.058,
                335.035,
                0.0571917,
                0,
                0,
                0,
                450.476,
                337.012,
                0.655167
            ],
            "face_keypoints_2d": [],
            "hand_left_keypoints_2d": [],
            "hand_right_keypoints_2d": [],
            "pose_keypoints_3d": [],
            "face_keypoints_3d": [],
            "hand_left_keypoints_3d": [],
            "hand_right_keypoints_3d": []
        }
    ]
}