{
    "version": 1.3,
    "people": [
        {
            "person_id": [
                -1
            ],
            "pose_keypoints_2d": [
                0,
                0,
                0,
                386.839,
                98.3525,
                0.866491,
                409.407,
                99.3158,
                0.798194,
                418.147,
                147.244,
                0.779117,
                416.225,
                178.539,
                0.637274,
                359.508,
                98.3327,
                0.806235,
                347.804,
                146.236,
                0.867122,
                338.947,
                193.226,
                0.771353,
                392.735,
                177.564,
                0.60365,
                404.495,
                176.564,
                0.615108,
                409.376,
                257.762,
                0.772488,
                410.384,
                330.154,
                0.776951,
                378.094,
                179.506,
                0.58014,
                386.919,
                261.652,
                0.860636,
                398.631,
                332.072,
                0.742865,
                0,
                0,
                0,
                356.597,
                80.7266,
                0.0689148,
                385.905,
                73.862,
                0.354385,
                363.431,
                74.8966,
                0.904567,
                378.059,
                339.965,
                0.827002,
                382.97,
                340.952,
                0.775656,
                403.567,
                338.941,
                0.674497,
                0,
                0,
                0,
                0,
                0,
                0,
                412.363,
                336.992,
                0.657808
            ],
            "face_keypoints_2d": [],
            "hand_left_keypoints_2d": [],
            "hand_right_keypoints_2d": [],
            "pose_keypoints_3d": [],
            "face_keypoints_3d": [],
            "hand_left_keypoints_3d": [],
            "hand_right_keypoints_3d": []
        }
    ]
}