{
    "version": 1.3,
    "people": [
        {
            "person_id": [
                -1
            ],
            "pose_keypoints_2d": [
                0,
                0,
                0,
                417.208,
                91.4929,
                0.827326,
                441.67,
                95.3597,
                0.793787,
                448.495,
                149.174,
                0.764443,
                442.661,
                186.362,
                0.655737,
                388.876,
                90.5425,
                0.78581,
                379.046,
                140.402,
                0.837448,
                365.363,
                185.398,
                0.724017,
                420.132,
                176.559,
                0.596469,
                433.873,
                174.63,
                0.599723,
                434.827,
                258.745,
                0.81304,
                434.825,
                330.158,
                0.756299,
                406.437,
                176.596,
                0.527136,
                417.203,
                261.654,
                0.806002,
                425.038,
                327.207,
                0.747458,
                0,
                0,
                0,
                389.85,
                73.8323,
                0.0652103,
                419.17,
                66.999,
                0.327349,
                395.731,
                67.0704,
                0.893299,
                403.528,
                337.005,
                0.694565,
                409.396,
                338.959,
                0.711057,
                427.981,
                334.076,
                0.61651,
                0,
                0,
                0,
                0,
                0,
                0,
                438.732,
                336.037,
                0.648872
            ],
            "face_keypoints_2d": [],
            "hand_left_keypoints_2d": [],
            "hand_right_keypoints_2d": [],
            "pose_keypoints_3d": [],
            "face_keypoints_3d": [],
            "hand_left_keypoints_3d": [],
            "hand_right_keypoints_3d": []
        }
    ]
}