{
    "version": 1.3,
    "people": [
        {
            "person_id": [
                -1
            ],
            "pose_keypoints_2d": [
                0,
                0,
                0,
                430.898,
                97.3275,
                0.815636,
                457.278,
                98.2912,
                0.814469,
                458.259,
                153.077,
                0.808198,
                458.271,
                191.223,
                0.699545,
                403.501,
                96.3413,
                0.75346,
                386.932,
                144.284,
                0.862464,
                372.265,
                192.27,
                0.781872,
                432.839,
                177.547,
                0.554873,
                446.556,
                175.604,
                0.532496,
                442.7,
                258.761,
                0.795387,
                443.618,
                331.135,
                0.756191,
                417.229,
                178.527,
                0.54646,
                426.01,
                258.756,
                0.808227,
                433.803,
                329.166,
                0.744191,
                0,
                0,
                0,
                410.412,
                58.2325,
                0.191438,
                439.698,
                65.9909,
                0.210432,
                417.205,
                60.156,
                0.87674,
                411.309,
                335.063,
                0.722118,
                417.202,
                338.95,
                0.707371,
                436.791,
                335.036,
                0.588606,
                0,
                0,
                0,
                0,
                0,
                0,
                448.525,
                336.041,
                0.690886
            ],
            "face_keypoints_2d": [],
            "hand_left_keypoints_2d": [],
            "hand_right_keypoints_2d": [],
            "pose_keypoints_3d": [],
            "face_keypoints_3d": [],
            "hand_left_keypoints_3d": [],
            "hand_right_keypoints_3d": []
        }
    ]
}