{
    "version": 1.3,
    "people": [
        {
            "person_id": [
                -1
            ],
            "pose_keypoints_2d": [
                0,
                0,
                0,
                433.835,
                100.291,
                0.845989,
                458.261,
                102.239,
                0.790666,
                466.161,
                151.144,
                0.687199,
                464.165,
                187.334,
                0.550154,
                408.393,
                100.276,
                0.736686,
                396.673,
                149.193,
                0.797531,
                387.869,
                192.213,
                0.833608,
                434.865,
                184.406,
                0.572084,
                450.496,
                183.436,
                0.565273,
                450.457,
                261.69,
                0.854829,
                453.405,
                327.209,
                0.719929,
                419.22,
                185.385,
                0.535307,
                410.389,
                254.876,
                0.818639,
                437.768,
                323.315,
                0.746216,
                0,
                0,
                0,
                411.323,
                66.9875,
                0.186831,
                438.738,
                72.8824,
                0.233276,
                417.226,
                67.071,
                0.897671,
                419.159,
                335.036,
                0.789558,
                424.06,
                336.009,
                0.766187,
                442.681,
                330.137,
                0.580215,
                442.663,
                337.004,
                0.116941,
                0,
                0,
                0,
                457.291,
                334.054,
                0.733242
            ],
            "face_keypoints_2d": [],
            "hand_left_keypoints_2d": [],
            "hand_right_keypoints_2d": [],
            "pose_keypoints_3d": [],
            "face_keypoints_3d": [],
            "hand_left_keypoints_3d": [],
            "hand_right_keypoints_3d": []
        }
    ]
}