{
    "version": 1.3,
    "people": [
        {
            "person_id": [
                -1
            ],
            "pose_keypoints_2d": [
                0,
                0,
                0,
                334.058,
                167.77,
                0.921326,
                348.747,
                167.76,
                0.893024,
                367.322,
                176.589,
                0.78711,
                384.921,
                184.432,
                0.80002,
                319.404,
                167.761,
                0.868089,
                300.836,
                181.447,
                0.752961,
                286.172,
                182.452,
                0.801564,
                333.075,
                213.74,
                0.812986,
                340.971,
                213.756,
                0.758572,
                339.956,
                250.923,
                0.835483,
                332.125,
                286.173,
                0.799005,
                324.31,
                212.785,
                0.802764,
                319.399,
                247.032,
                0.722284,
                309.651,
                280.27,
                0.189869,
                0,
                0,
                0,
                0,
                0,
                0,
                341.902,
                151.114,
                0.756214,
                330.146,
                151.141,
                0.869603,
                0,
                0,
                0,
                0,
                0,
                0,
                310.615,
                285.15,
                0.141067,
                330.151,
                291.04,
                0.499135,
                333.08,
                291.996,
                0.551422,
                331.141,
                291.993,
                0.723824
            ],
            "face_keypoints_2d": [],
            "hand_left_keypoints_2d": [],
            "hand_right_keypoints_2d": [],
            "pose_keypoints_3d": [],
            "face_keypoints_3d": [],
            "hand_left_keypoints_3d": [],
            "hand_right_keypoints_3d": []
        }
    ]
}