{
    "version": 1.3,
    "people": [
        {
            "person_id": [
                -1
            ],
            "pose_keypoints_2d": [
                0,
                0,
                0,
                426.023,
                96.3617,
                0.853086,
                450.463,
                97.2979,
                0.834161,
                457.274,
                147.222,
                0.801499,
                449.521,
                186.349,
                0.617195,
                400.596,
                96.3289,
                0.754191,
                387.824,
                144.321,
                0.884723,
                377.102,
                188.303,
                0.735501,
                427.043,
                178.536,
                0.565648,
                441.707,
                177.546,
                0.57041,
                441.71,
                261.637,
                0.833309,
                441.677,
                331.126,
                0.76424,
                413.295,
                180.487,
                0.516052,
                423.076,
                261.635,
                0.770477,
                430.894,
                327.238,
                0.734249,
                0,
                0,
                0,
                401.538,
                66.0662,
                0.141751,
                430.914,
                66.0213,
                0.299214,
                407.441,
                65.0602,
                0.85607,
                410.358,
                336.037,
                0.75872,
                415.241,
                338.946,
                0.74452,
                434.834,
                334.1,
                0.613507,
                0,
                0,
                0,
                0,
                0,
                0,
                443.624,
                337.975,
                0.642602
            ],
            "face_keypoints_2d": [],
            "hand_left_keypoints_2d": [],
            "hand_right_keypoints_2d": [],
            "pose_keypoints_3d": [],
            "face_keypoints_3d": [],
            "hand_left_keypoints_3d": [],
            "hand_right_keypoints_3d": []
        }
    ]
}