{
    "version": 1.3,
    "people": [
        {
            "person_id": [
                -1
            ],
            "pose_keypoints_2d": [
                0,
                0,
                0,
                417.184,
                91.4992,
                0.813266,
                441.639,
                94.404,
                0.780996,
                447.522,
                147.23,
                0.752061,
                442.618,
                186.364,
                0.669302,
                388.86,
                91.4675,
                0.785944,
                378.061,
                143.286,
                0.817144,
                364.416,
                184.435,
                0.797052,
                419.211,
                176.568,
                0.605951,
                433.856,
                175.588,
                0.592619,
                434.816,
                258.748,
                0.81155,
                434.804,
                330.142,
                0.751666,
                405.492,
                177.552,
                0.541871,
                416.247,
                260.704,
                0.762398,
                425.024,
                327.237,
                0.738565,
                0,
                0,
                0,
                388.846,
                72.8877,
                0.0766733,
                419.132,
                66.987,
                0.29663,
                395.692,
                67.0419,
                0.931114,
                403.53,
                337.013,
                0.705332,
                410.329,
                338.966,
                0.724283,
                427.992,
                334.098,
                0.620184,
                0,
                0,
                0,
                0,
                0,
                0,
                438.727,
                336.013,
                0.643498
            ],
            "face_keypoints_2d": [],
            "hand_left_keypoints_2d": [],
            "hand_right_keypoints_2d": [],
            "pose_keypoints_3d": [],
            "face_keypoints_3d": [],
            "hand_left_keypoints_3d": [],
            "hand_right_keypoints_3d": []
        }
    ]
}