{
    "version": 1.3,
    "people": [
        {
            "person_id": [
                -1
            ],
            "pose_keypoints_2d": [
                0,
                0,
                0,
                433.803,
                85.5989,
                0.815529,
                454.367,
                88.5174,
                0.777289,
                441.695,
                45.5068,
                0.768914,
                432.826,
                18.0691,
                0.844126,
                411.331,
                83.6303,
                0.790477,
                390.791,
                36.6752,
                0.787547,
                380.072,
                2.91453,
                0.577316,
                432.844,
                173.638,
                0.533581,
                445.593,
                170.72,
                0.516743,
                446.544,
                257.783,
                0.738081,
                446.571,
                332.097,
                0.712979,
                418.148,
                174.62,
                0.518903,
                426.976,
                258.748,
                0.808991,
                435.798,
                330.169,
                0.747712,
                0,
                0,
                0,
                0,
                0,
                0,
                442.615,
                65.0709,
                0.558428,
                419.15,
                58.2335,
                0.951464,
                416.215,
                336.029,
                0.72583,
                420.137,
                338.962,
                0.76381,
                441.696,
                337.002,
                0.58187,
                425.047,
                336.01,
                0.0613953,
                0,
                0,
                0,
                450.456,
                337.993,
                0.629717
            ],
            "face_keypoints_2d": [],
            "hand_left_keypoints_2d": [],
            "hand_right_keypoints_2d": [],
            "pose_keypoints_3d": [],
            "face_keypoints_3d": [],
            "hand_left_keypoints_3d": [],
            "hand_right_keypoints_3d": []
        }
    ]
}