{
    "version": 1.3,
    "people": [
        {
            "person_id": [
                -1
            ],
            "pose_keypoints_2d": [
                402.51,
                68.0182,
                0.08933,
                427.045,
                95.3973,
                0.818688,
                452.433,
                97.3187,
                0.781313,
                457.305,
                151.143,
                0.810157,
                450.446,
                185.389,
                0.618163,
                402.541,
                93.4319,
                0.758977,
                388.827,
                144.305,
                0.875159,
                378.09,
                190.275,
                0.849732,
                429.919,
                177.554,
                0.550524,
                442.682,
                176.579,
                0.574592,
                442.623,
                258.753,
                0.813488,
                441.685,
                331.14,
                0.77201,
                415.252,
                178.53,
                0.515901,
                424.072,
                258.743,
                0.761105,
                431.87,
                327.231,
                0.724857,
                0,
                0,
                0,
                402.514,
                66.035,
                0.288419,
                432.842,
                66.0502,
                0.189509,
                409.4,
                65.0259,
                0.88255,
                410.37,
                335.048,
                0.734979,
                415.269,
                337.982,
                0.711268,
                435.784,
                335.031,
                0.579671,
                0,
                0,
                0,
                0,
                0,
                0,
                444.592,
                337.975,
                0.643201
            ],
            "face_keypoints_2d": [],
            "hand_left_keypoints_2d": [],
            "hand_right_keypoints_2d": [],
            "pose_keypoints_3d": [],
            "face_keypoints_3d": [],
            "hand_left_keypoints_3d": [],
            "hand_right_keypoints_3d": []
        }
    ]
}