{
    "version": 1.3,
    "people": [
        {
            "person_id": [
                -1
            ],
            "pose_keypoints_2d": [
                0,
                0,
                0,
                433.829,
                86.5702,
                0.812419,
                457.28,
                88.5135,
                0.790196,
                449.485,
                51.3556,
                0.745499,
                443.63,
                25.912,
                0.862943,
                410.393,
                83.6587,
                0.758163,
                385.929,
                41.5808,
                0.861542,
                364.444,
                9.3047,
                0.813379,
                432.87,
                173.632,
                0.546953,
                447.514,
                171.684,
                0.521662,
                446.563,
                258.741,
                0.743423,
                447.543,
                331.149,
                0.706625,
                418.17,
                174.611,
                0.531933,
                426.978,
                258.753,
                0.812656,
                435.836,
                330.14,
                0.731733,
                0,
                0,
                0,
                412.341,
                54.3009,
                0.0975093,
                442.61,
                64.0741,
                0.327895,
                419.137,
                59.1896,
                0.944451,
                416.215,
                336.039,
                0.731969,
                420.139,
                338.964,
                0.7698,
                442.658,
                336.035,
                0.559726,
                425.022,
                335.057,
                0.0625004,
                0,
                0,
                0,
                450.497,
                337.963,
                0.608795
            ],
            "face_keypoints_2d": [],
            "hand_left_keypoints_2d": [],
            "hand_right_keypoints_2d": [],
            "pose_keypoints_3d": [],
            "face_keypoints_3d": [],
            "hand_left_keypoints_3d": [],
            "hand_right_keypoints_3d": []
        }
    ]
}