{
    "version": 1.3,
    "people": [
        {
            "person_id": [
                -1
            ],
            "pose_keypoints_2d": [
                333.067,
                167.77,
                0.464657,
                332.135,
                173.619,
                0.896948,
                323.285,
                171.705,
                0.843033,
                311.595,
                183.379,
                0.813619,
                307.653,
                192.216,
                0.721245,
                340.971,
                173.631,
                0.857023,
                350.707,
                183.395,
                0.790132,
                356.562,
                190.275,
                0.642569,
                331.15,
                198.105,
                0.88003,
                324.316,
                198.089,
                0.874105,
                325.25,
                215.733,
                0.921157,
                323.305,
                238.183,
                0.834448,
                337.001,
                199.035,
                0.83823,
                338.954,
                218.625,
                0.846249,
                336.038,
                239.187,
                0.830961,
                332.117,
                165.831,
                0.405969,
                334.057,
                166.767,
                0.387462,
                330.153,
                163.87,
                0.392918,
                337.012,
                165.819,
                0.362058,
                338.939,
                245.031,
                0.615955,
                339.969,
                243.095,
                0.662824,
                334.08,
                241.122,
                0.615785,
                325.297,
                242.1,
                0.685692,
                323.274,
                241.14,
                0.663194,
                323.294,
                239.156,
                0.645638
            ],
            "face_keypoints_2d": [],
            "hand_left_keypoints_2d": [],
            "hand_right_keypoints_2d": [],
            "pose_keypoints_3d": [],
            "face_keypoints_3d": [],
            "hand_left_keypoints_3d": [],
            "hand_right_keypoints_3d": []
        }
    ]
}