{
    "version": 1.3,
    "people": [
        {
            "person_id": [
                -1
            ],
            "pose_keypoints_2d": [
                0,
                0,
                0,
                418.202,
                89.5406,
                0.866629,
                443.651,
                90.5245,
                0.777888,
                450.498,
                151.147,
                0.711939,
                442.675,
                185.407,
                0.481889,
                388.847,
                88.5253,
                0.769191,
                380.032,
                140.368,
                0.865713,
                370.27,
                192.23,
                0.800588,
                418.171,
                181.472,
                0.559888,
                434.801,
                181.475,
                0.5552,
                437.773,
                276.365,
                0.740629,
                437.748,
                350.701,
                0.681231,
                399.597,
                180.49,
                0.523312,
                363.41,
                248.014,
                0.773818,
                333.138,
                300.833,
                0.822239,
                0,
                0,
                0,
                386.901,
                66.0644,
                0.112085,
                418.224,
                60.1799,
                0.285033,
                393.756,
                63.0944,
                0.858713,
                316.437,
                307.622,
                0.559892,
                318.435,
                308.623,
                0.634241,
                336.014,
                308.6,
                0.676937,
                421.135,
                357.549,
                0.196674,
                425.03,
                357.548,
                0.182831,
                440.69,
                357.564,
                0.534244
            ],
            "face_keypoints_2d": [],
            "hand_left_keypoints_2d": [],
            "hand_right_keypoints_2d": [],
            "pose_keypoints_3d": [],
            "face_keypoints_3d": [],
            "hand_left_keypoints_3d": [],
            "hand_right_keypoints_3d": []
        }
    ]
}