{
    "version": 1.3,
    "people": [
        {
            "person_id": [
                -1
            ],
            "pose_keypoints_2d": [
                0,
                0,
                0,
                417.214,
                89.4979,
                0.834976,
                442.667,
                90.4991,
                0.805434,
                449.529,
                151.125,
                0.836373,
                450.449,
                188.317,
                0.582272,
                387.892,
                86.5674,
                0.766267,
                380.038,
                139.403,
                0.858989,
                371.242,
                192.256,
                0.841391,
                417.197,
                180.497,
                0.542612,
                433.873,
                181.464,
                0.571261,
                435.818,
                275.376,
                0.755527,
                436.762,
                350.692,
                0.695846,
                396.703,
                180.493,
                0.541545,
                362.445,
                247.049,
                0.792335,
                332.07,
                301.746,
                0.853018,
                0,
                0,
                0,
                386.861,
                66.0276,
                0.110511,
                417.197,
                59.2352,
                0.313877,
                392.746,
                63.0945,
                0.823636,
                310.604,
                308.593,
                0.581026,
                316.43,
                308.667,
                0.672711,
                333.068,
                308.603,
                0.693216,
                421.138,
                357.553,
                0.147687,
                425.991,
                357.558,
                0.146138,
                439.717,
                357.563,
                0.534449
            ],
            "face_keypoints_2d": [],
            "hand_left_keypoints_2d": [],
            "hand_right_keypoints_2d": [],
            "pose_keypoints_3d": [],
            "face_keypoints_3d": [],
            "hand_left_keypoints_3d": [],
            "hand_right_keypoints_3d": []
        }
    ]
}