{
    "version": 1.3,
    "people": [
        {
            "person_id": [
                -1
            ],
            "pose_keypoints_2d": [
                402.525,
                69.9348,
                0.0612036,
                426.986,
                96.3372,
                0.852207,
                451.454,
                97.3221,
                0.810666,
                457.302,
                151.158,
                0.829325,
                449.476,
                186.374,
                0.584387,
                401.57,
                94.4033,
                0.749797,
                387.853,
                144.274,
                0.865787,
                378.065,
                191.279,
                0.805294,
                427.992,
                177.548,
                0.566248,
                442.64,
                176.567,
                0.577817,
                441.703,
                259.719,
                0.818002,
                441.7,
                331.109,
                0.769006,
                413.305,
                178.538,
                0.525172,
                423.075,
                258.743,
                0.747461,
                430.9,
                328.184,
                0.72114,
                0,
                0,
                0,
                402.507,
                66.0727,
                0.248768,
                431.876,
                66.0798,
                0.199038,
                409.364,
                65.0746,
                0.890999,
                410.333,
                335.058,
                0.733439,
                414.269,
                337.988,
                0.722491,
                434.857,
                335.042,
                0.600741,
                0,
                0,
                0,
                0,
                0,
                0,
                444.622,
                336.991,
                0.654726
            ],
            "face_keypoints_2d": [],
            "hand_left_keypoints_2d": [],
            "hand_right_keypoints_2d": [],
            "pose_keypoints_3d": [],
            "face_keypoints_3d": [],
            "hand_left_keypoints_3d": [],
            "hand_right_keypoints_3d": []
        }
    ]
}