{
    "version": 1.3,
    "people": [
        {
            "person_id": [
                -1
            ],
            "pose_keypoints_2d": [
                0,
                0,
                0,
                432.845,
                85.605,
                0.783905,
                452.432,
                86.5719,
                0.764923,
                439.711,
                69.9414,
                0.189421,
                417.197,
                43.5382,
                0.289063,
                410.327,
                83.6787,
                0.744822,
                383.963,
                58.2138,
                0.712215,
                365.41,
                31.7892,
                0.790926,
                431.875,
                173.633,
                0.514107,
                445.568,
                169.744,
                0.522996,
                443.637,
                258.74,
                0.766229,
                445.584,
                331.101,
                0.712993,
                416.228,
                174.63,
                0.492912,
                426.048,
                257.75,
                0.814735,
                434.813,
                329.174,
                0.746399,
                0,
                0,
                0,
                414.298,
                50.3987,
                0.176047,
                441.674,
                64.0675,
                0.193467,
                419.166,
                58.2537,
                0.931841,
                414.27,
                335.042,
                0.710714,
                419.18,
                337.995,
                0.736995,
                441.639,
                334.103,
                0.570187,
                425.001,
                332.139,
                0.0551549,
                0,
                0,
                0,
                450.445,
                335.059,
                0.65305
            ],
            "face_keypoints_2d": [],
            "hand_left_keypoints_2d": [],
            "hand_right_keypoints_2d": [],
            "pose_keypoints_3d": [],
            "face_keypoints_3d": [],
            "hand_left_keypoints_3d": [],
            "hand_right_keypoints_3d": []
        }
    ]
}