{
    "version": 1.3,
    "people": [
        {
            "person_id": [
                -1
            ],
            "pose_keypoints_2d": [
                0,
                0,
                0,
                339.948,
                160.886,
                0.948135,
                357.529,
                159.992,
                0.88169,
                366.346,
                183.458,
                0.877513,
                366.365,
                207.889,
                0.868093,
                322.312,
                160.892,
                0.867721,
                314.482,
                189.269,
                0.811733,
                319.4,
                205.913,
                0.768792,
                340.885,
                203.949,
                0.815627,
                349.732,
                202.987,
                0.748664,
                345.78,
                246.032,
                0.781979,
                339.885,
                284.187,
                0.871701,
                331.15,
                203.971,
                0.763154,
                333.12,
                247.997,
                0.848371,
                352.643,
                248.969,
                0.550104,
                0,
                0,
                0,
                0,
                0,
                0,
                347.745,
                140.401,
                0.791993,
                332.113,
                139.431,
                0.872569,
                367.329,
                259.701,
                0.231052,
                365.373,
                254.867,
                0.299096,
                355.6,
                245.996,
                0.501386,
                333.131,
                285.144,
                0.61813,
                338.963,
                285.18,
                0.57458,
                338.972,
                288.077,
                0.820886
            ],
            "face_keypoints_2d": [],
            "hand_left_keypoints_2d": [],
            "hand_right_keypoints_2d": [],
            "pose_keypoints_3d": [],
            "face_keypoints_3d": [],
            "hand_left_keypoints_3d": [],
            "hand_right_keypoints_3d": []
        }
    ]
}