{
    "version": 1.3,
    "people": [
        {
            "person_id": [
                -1
            ],
            "pose_keypoints_2d": [
                0,
                0,
                0,
                338.966,
                169.743,
                0.893204,
                355.621,
                168.793,
                0.897823,
                370.274,
                193.194,
                0.846751,
                375.135,
                216.69,
                0.812965,
                319.413,
                171.692,
                0.81845,
                316.448,
                199.044,
                0.884025,
                319.403,
                215.753,
                0.542336,
                340.926,
                215.682,
                0.822816,
                351.681,
                214.739,
                0.748321,
                348.724,
                246.031,
                0.805435,
                347.792,
                266.579,
                0.775874,
                332.094,
                215.742,
                0.779315,
                333.102,
                256.785,
                0.841626,
                346.766,
                293.927,
                0.879079,
                0,
                0,
                0,
                0,
                0,
                0,
                344.841,
                149.173,
                0.782808,
                331.108,
                150.174,
                0.845253,
                342.873,
                297.869,
                0.52539,
                340.922,
                299.796,
                0.679632,
                347.792,
                296.899,
                0.751928,
                347.756,
                280.277,
                0.463752,
                348.748,
                278.292,
                0.435828,
                347.758,
                269.464,
                0.743937
            ],
            "face_keypoints_2d": [],
            "hand_left_keypoints_2d": [],
            "hand_right_keypoints_2d": [],
            "pose_keypoints_3d": [],
            "face_keypoints_3d": [],
            "hand_left_keypoints_3d": [],
            "hand_right_keypoints_3d": []
        }
    ]
}