{
    "version": 1.3,
    "people": [
        {
            "person_id": [
                -1
            ],
            "pose_keypoints_2d": [
                0,
                0,
                0,
                424.054,
                97.3452,
                0.829775,
                449.449,
                97.3657,
                0.809377,
                453.406,
                150.149,
                0.749722,
                448.492,
                184.381,
                0.584888,
                396.688,
                97.3213,
                0.791874,
                385.93,
                145.263,
                0.863377,
                373.234,
                189.303,
                0.769946,
                426.044,
                179.51,
                0.582748,
                441.633,
                178.521,
                0.561803,
                439.716,
                259.719,
                0.759954,
                440.689,
                331.128,
                0.748613,
                411.344,
                181.462,
                0.543028,
                419.164,
                261.681,
                0.835503,
                427.971,
                330.164,
                0.767874,
                0,
                0,
                0,
                395.726,
                67.0209,
                0.182746,
                426.05,
                67.0007,
                0.238901,
                403.503,
                66.0788,
                0.94921,
                408.414,
                337.956,
                0.736968,
                412.32,
                339.887,
                0.782078,
                433.849,
                336.021,
                0.65773,
                0,
                0,
                0,
                0,
                0,
                0,
                442.654,
                336.991,
                0.67556
            ],
            "face_keypoints_2d": [],
            "hand_left_keypoints_2d": [],
            "hand_right_keypoints_2d": [],
            "pose_keypoints_3d": [],
            "face_keypoints_3d": [],
            "hand_left_keypoints_3d": [],
            "hand_right_keypoints_3d": []
        }
    ]
}