{
    "version": 1.3,
    "people": [
        {
            "person_id": [
                -1
            ],
            "pose_keypoints_2d": [
                0,
                0,
                0,
                332.135,
                153.055,
                0.924793,
                349.703,
                152.145,
                0.884566,
                362.441,
                178.543,
                0.821557,
                355.564,
                197.098,
                0.550939,
                314.481,
                153.098,
                0.869818,
                311.569,
                180.478,
                0.824847,
                309.617,
                206.926,
                0.903076,
                339.946,
                198.085,
                0.777301,
                349.735,
                197.1,
                0.722093,
                351.682,
                246.967,
                0.845446,
                364.402,
                258.758,
                0.786051,
                329.175,
                199.06,
                0.707858,
                324.263,
                244.085,
                0.821343,
                332.154,
                287.126,
                0.860278,
                0,
                0,
                0,
                0,
                0,
                0,
                335.033,
                132.552,
                0.697923,
                319.417,
                131.586,
                0.80207,
                332.095,
                290.037,
                0.50276,
                327.227,
                291.979,
                0.63289,
                333.127,
                292.982,
                0.838283,
                370.243,
                278.357,
                0.809254,
                372.221,
                278.28,
                0.733789,
                367.341,
                256.795,
                0.62322
            ],
            "face_keypoints_2d": [],
            "hand_left_keypoints_2d": [],
            "hand_right_keypoints_2d": [],
            "pose_keypoints_3d": [],
            "face_keypoints_3d": [],
            "hand_left_keypoints_3d": [],
            "hand_right_keypoints_3d": []
        }
    ]
}