{
    "version": 1.3,
    "people": [
        {
            "person_id": [
                -1
            ],
            "pose_keypoints_2d": [
                0,
                0,
                0,
                428.01,
                97.3132,
                0.832176,
                454.395,
                97.369,
                0.77922,
                458.287,
                146.238,
                0.822009,
                459.315,
                190.246,
                0.715741,
                403.49,
                96.3548,
                0.765437,
                387.851,
                143.309,
                0.832996,
                372.217,
                191.239,
                0.823122,
                431.866,
                177.56,
                0.529967,
                444.624,
                176.572,
                0.532222,
                442.672,
                260.668,
                0.82283,
                442.643,
                331.12,
                0.772016,
                417.185,
                178.534,
                0.525803,
                425.977,
                260.674,
                0.813026,
                432.832,
                328.185,
                0.738433,
                0,
                0,
                0,
                403.573,
                60.1662,
                0.168149,
                433.851,
                65.9978,
                0.325134,
                411.339,
                61.1539,
                0.883716,
                410.374,
                335.055,
                0.73269,
                416.24,
                338.929,
                0.710708,
                435.79,
                334.094,
                0.623025,
                0,
                0,
                0,
                0,
                0,
                0,
                446.562,
                336.987,
                0.671896
            ],
            "face_keypoints_2d": [],
            "hand_left_keypoints_2d": [],
            "hand_right_keypoints_2d": [],
            "pose_keypoints_3d": [],
            "face_keypoints_3d": [],
            "hand_left_keypoints_3d": [],
            "hand_right_keypoints_3d": []
        }
    ]
}