{
    "version": 1.3,
    "people": [
        {
            "person_id": [
                -1
            ],
            "pose_keypoints_2d": [
                0,
                0,
                0,
                333.046,
                153.108,
                0.936838,
                350.711,
                153.099,
                0.855385,
                365.363,
                173.633,
                0.858962,
                364.429,
                198.109,
                0.884769,
                314.477,
                153.11,
                0.858421,
                306.689,
                183.464,
                0.815741,
                314.499,
                197.112,
                0.237035,
                338.965,
                199.1,
                0.756938,
                348.715,
                199.056,
                0.766596,
                337.987,
                240.185,
                0.769717,
                331.145,
                279.29,
                0.823408,
                328.182,
                200.071,
                0.704377,
                333.125,
                240.188,
                0.815714,
                351.695,
                254.868,
                0.76138,
                0,
                0,
                0,
                0,
                0,
                0,
                340.879,
                135.503,
                0.847977,
                324.239,
                135.455,
                0.842494,
                363.379,
                272.432,
                0.782695,
                362.431,
                270.455,
                0.807437,
                355.605,
                253.867,
                0.610706,
                325.295,
                285.131,
                0.659617,
                331.121,
                285.163,
                0.626254,
                331.096,
                285.164,
                0.812386
            ],
            "face_keypoints_2d": [],
            "hand_left_keypoints_2d": [],
            "hand_right_keypoints_2d": [],
            "pose_keypoints_3d": [],
            "face_keypoints_3d": [],
            "hand_left_keypoints_3d": [],
            "hand_right_keypoints_3d": []
        }
    ]
}