{
    "version": 1.3,
    "people": [
        {
            "person_id": [
                -1
            ],
            "pose_keypoints_2d": [
                0,
                0,
                0,
                358.506,
                144.263,
                0.873196,
                379.102,
                140.392,
                0.81613,
                403.54,
                167.728,
                0.896803,
                418.188,
                200.058,
                0.771611,
                336.036,
                145.296,
                0.826912,
                332.096,
                184.444,
                0.867594,
                0,
                0,
                0,
                373.231,
                200.037,
                0.676166,
                386.847,
                198.106,
                0.66767,
                364.4,
                254.842,
                0.775674,
                355.54,
                292.978,
                0.808616,
                363.438,
                201.049,
                0.676073,
                373.225,
                262.702,
                0.776589,
                402.578,
                307.654,
                0.830431,
                0,
                0,
                0,
                0,
                0,
                0,
                363.42,
                121.799,
                0.613909,
                345.807,
                121.823,
                0.877162,
                391.776,
                324.312,
                0.733375,
                396.708,
                324.257,
                0.695748,
                409.395,
                309.601,
                0.772044,
                349.733,
                301.776,
                0.495177,
                350.718,
                300.81,
                0.499347,
                354.61,
                295.935,
                0.716294
            ],
            "face_keypoints_2d": [],
            "hand_left_keypoints_2d": [],
            "hand_right_keypoints_2d": [],
            "pose_keypoints_3d": [],
            "face_keypoints_3d": [],
            "hand_left_keypoints_3d": [],
            "hand_right_keypoints_3d": []
        }
    ]
}