{
    "version": 1.3,
    "people": [
        {
            "person_id": [
                -1
            ],
            "pose_keypoints_2d": [
                0,
                0,
                0,
                432.881,
                90.5259,
                0.833512,
                457.32,
                94.4126,
                0.767132,
                0,
                0,
                0,
                0,
                0,
                0,
                406.461,
                89.5043,
                0.743797,
                370.275,
                101.262,
                0.664378,
                342.878,
                106.15,
                0.724886,
                433.865,
                174.605,
                0.590659,
                449.467,
                171.68,
                0.570509,
                447.519,
                257.756,
                0.753461,
                444.612,
                330.153,
                0.686274,
                419.139,
                175.596,
                0.562761,
                426.97,
                260.685,
                0.811348,
                434.813,
                329.18,
                0.73891,
                0,
                0,
                0,
                416.241,
                56.257,
                0.169989,
                444.59,
                60.1919,
                0.201748,
                422.094,
                58.1597,
                0.851846,
                413.287,
                335.046,
                0.710756,
                419.153,
                338.927,
                0.735109,
                441.635,
                335.064,
                0.575014,
                425.01,
                333.091,
                0.0582587,
                0,
                0,
                0,
                449.513,
                336.02,
                0.627961
            ],
            "face_keypoints_2d": [],
            "hand_left_keypoints_2d": [],
            "hand_right_keypoints_2d": [],
            "pose_keypoints_3d": [],
            "face_keypoints_3d": [],
            "hand_left_keypoints_3d": [],
            "hand_right_keypoints_3d": []
        }
    ]
}