{
    "version": 1.3,
    "people": [
        {
            "person_id": [
                -1
            ],
            "pose_keypoints_2d": [
                0,
                0,
                0,
                418.165,
                90.4672,
                0.85881,
                443.639,
                90.5472,
                0.773523,
                449.535,
                151.144,
                0.826316,
                442.629,
                185.369,
                0.577326,
                387.896,
                89.4914,
                0.795834,
                378.077,
                143.312,
                0.828598,
                365.349,
                193.206,
                0.777514,
                418.16,
                181.468,
                0.571111,
                433.878,
                182.43,
                0.582545,
                438.745,
                275.356,
                0.712031,
                439.705,
                349.737,
                0.676092,
                400.58,
                180.492,
                0.522978,
                366.338,
                250.917,
                0.740764,
                340.872,
                308.591,
                0.789781,
                0,
                0,
                0,
                386.902,
                67.0048,
                0.121101,
                419.152,
                61.1502,
                0.327369,
                394.688,
                63.1208,
                0.875978,
                324.268,
                317.434,
                0.603845,
                325.275,
                317.45,
                0.67479,
                340.953,
                314.484,
                0.605625,
                423.073,
                357.547,
                0.213541,
                425.044,
                357.544,
                0.200961,
                441.665,
                357.562,
                0.538651
            ],
            "face_keypoints_2d": [],
            "hand_left_keypoints_2d": [],
            "hand_right_keypoints_2d": [],
            "pose_keypoints_3d": [],
            "face_keypoints_3d": [],
            "hand_left_keypoints_3d": [],
            "hand_right_keypoints_3d": []
        }
    ]
}