{
    "version": 1.3,
    "people": [
        {
            "person_id": [
                -1
            ],
            "pose_keypoints_2d": [
                0,
                0,
                0,
                348.777,
                191.227,
                0.877034,
                356.564,
                191.2,
                0.767433,
                362.434,
                199.032,
                0.330722,
                363.387,
                200.042,
                0.147936,
                341.902,
                191.259,
                0.828009,
                339.962,
                200.034,
                0.401541,
                0,
                0,
                0,
                348.788,
                213.718,
                0.8267,
                355.592,
                213.713,
                0.822826,
                355.628,
                231.324,
                0.877541,
                356.566,
                247.986,
                0.809282,
                344.824,
                213.719,
                0.781482,
                346.792,
                231.355,
                0.872965,
                347.73,
                248.967,
                0.806589,
                0,
                0,
                0,
                0,
                0,
                0,
                353.647,
                183.464,
                0.168388,
                346.767,
                183.449,
                0.144438,
                347.797,
                253.819,
                0.520348,
                346.781,
                253.807,
                0.538143,
                347.74,
                252.869,
                0.742251,
                356.565,
                252.845,
                0.460531,
                358.534,
                251.894,
                0.472623,
                356.551,
                250.927,
                0.7382
            ],
            "face_keypoints_2d": [],
            "hand_left_keypoints_2d": [],
            "hand_right_keypoints_2d": [],
            "pose_keypoints_3d": [],
            "face_keypoints_3d": [],
            "hand_left_keypoints_3d": [],
            "hand_right_keypoints_3d": []
        }
    ]
}