{
    "version": 1.3,
    "people": [
        {
            "person_id": [
                -1
            ],
            "pose_keypoints_2d": [
                279.313,
                192.212,
                0.341313,
                277.269,
                199.116,
                0.80083,
                273.411,
                200.027,
                0.852716,
                277.359,
                209.861,
                0.864135,
                287.127,
                215.712,
                0.8755,
                278.262,
                199.089,
                0.833154,
                282.225,
                207.925,
                0.152027,
                289.079,
                215.701,
                0.156306,
                278.309,
                217.689,
                0.84215,
                277.316,
                218.639,
                0.868365,
                278.271,
                237.21,
                0.802998,
                277.312,
                253.87,
                0.759053,
                280.283,
                217.659,
                0.748675,
                285.168,
                237.188,
                0.779825,
                279.27,
                253.814,
                0.66647,
                278.334,
                191.239,
                0.361152,
                278.365,
                191.267,
                0.0799637,
                277.306,
                191.287,
                0.606637,
                0,
                0,
                0,
                285.122,
                254.838,
                0.340832,
                285.122,
                254.805,
                0.379882,
                278.304,
                253.873,
                0.46567,
                278.347,
                255.804,
                0.492739,
                277.305,
                255.811,
                0.477379,
                276.365,
                254.843,
                0.551281
            ],
            "face_keypoints_2d": [],
            "hand_left_keypoints_2d": [],
            "hand_right_keypoints_2d": [],
            "pose_keypoints_3d": [],
            "face_keypoints_3d": [],
            "hand_left_keypoints_3d": [],
            "hand_right_keypoints_3d": []
        }
    ]
}