{
    "version": 1.3,
    "people": [
        {
            "person_id": [
                -1
            ],
            "pose_keypoints_2d": [
                394.744,
                74.8151,
                0.0942132,
                419.213,
                97.3209,
                0.861314,
                443.642,
                97.3347,
                0.807636,
                450.435,
                150.174,
                0.813641,
                444.591,
                184.44,
                0.594222,
                394.732,
                97.2906,
                0.790814,
                380.03,
                144.315,
                0.899461,
                367.327,
                191.254,
                0.799739,
                424.049,
                177.57,
                0.5544,
                436.772,
                176.576,
                0.547919,
                435.808,
                257.785,
                0.769538,
                435.805,
                331.107,
                0.720726,
                409.393,
                179.511,
                0.542503,
                418.189,
                260.706,
                0.833898,
                426.048,
                327.236,
                0.756158,
                0,
                0,
                0,
                394.734,
                70.9227,
                0.23191,
                423.07,
                67.0449,
                0.184745,
                401.56,
                67.0444,
                0.907306,
                405.486,
                336.036,
                0.690126,
                411.321,
                338.942,
                0.72924,
                430.917,
                334.074,
                0.596969,
                0,
                0,
                0,
                0,
                0,
                0,
                440.7,
                336.039,
                0.649431
            ],
            "face_keypoints_2d": [],
            "hand_left_keypoints_2d": [],
            "hand_right_keypoints_2d": [],
            "pose_keypoints_3d": [],
            "face_keypoints_3d": [],
            "hand_left_keypoints_3d": [],
            "hand_right_keypoints_3d": []
        }
    ]
}