{
    "version": 1.3,
    "people": [
        {
            "person_id": [
                -1
            ],
            "pose_keypoints_2d": [
                0,
                0,
                0,
                428.938,
                83.6845,
                0.804081,
                451.444,
                88.5574,
                0.829724,
                441.639,
                57.2308,
                0.697476,
                422.12,
                22.0403,
                0.800103,
                404.507,
                81.711,
                0.792333,
                384.941,
                42.5626,
                0.824001,
                376.124,
                12.2189,
                0.81458,
                428.01,
                173.652,
                0.541761,
                442.679,
                170.72,
                0.571738,
                443.636,
                258.762,
                0.776329,
                446.544,
                329.191,
                0.709043,
                413.291,
                175.591,
                0.521905,
                426.036,
                256.812,
                0.806509,
                434.813,
                329.165,
                0.741787,
                0,
                0,
                0,
                412.304,
                51.3567,
                0.0719667,
                440.658,
                65.0677,
                0.333409,
                418.145,
                58.2204,
                0.940701,
                413.323,
                335.034,
                0.722994,
                419.174,
                337.99,
                0.752125,
                441.645,
                335.031,
                0.572028,
                424.074,
                332.14,
                0.0529693,
                0,
                0,
                0,
                450.451,
                335.034,
                0.664625
            ],
            "face_keypoints_2d": [],
            "hand_left_keypoints_2d": [],
            "hand_right_keypoints_2d": [],
            "pose_keypoints_3d": [],
            "face_keypoints_3d": [],
            "hand_left_keypoints_3d": [],
            "hand_right_keypoints_3d": []
        }
    ]
}