{
    "version": 1.3,
    "people": [
        {
            "person_id": [
                -1
            ],
            "pose_keypoints_2d": [
                0,
                0,
                0,
                426.028,
                96.3732,
                0.859875,
                450.481,
                97.321,
                0.836336,
                456.334,
                147.253,
                0.775133,
                449.516,
                186.353,
                0.643276,
                400.585,
                96.3296,
                0.752277,
                386.924,
                145.239,
                0.888968,
                377.104,
                188.304,
                0.753693,
                427.028,
                178.53,
                0.570794,
                441.693,
                176.595,
                0.5637,
                441.689,
                260.715,
                0.830751,
                441.656,
                331.129,
                0.749693,
                412.352,
                179.519,
                0.519783,
                422.113,
                261.641,
                0.769369,
                430.889,
                327.237,
                0.735996,
                0,
                0,
                0,
                400.597,
                66.062,
                0.144764,
                430.888,
                66.0173,
                0.254743,
                407.415,
                65.0685,
                0.852154,
                410.337,
                336.033,
                0.756053,
                414.275,
                338.939,
                0.74426,
                434.827,
                335.034,
                0.610185,
                0,
                0,
                0,
                0,
                0,
                0,
                442.697,
                337.991,
                0.627914
            ],
            "face_keypoints_2d": [],
            "hand_left_keypoints_2d": [],
            "hand_right_keypoints_2d": [],
            "pose_keypoints_3d": [],
            "face_keypoints_3d": [],
            "hand_left_keypoints_3d": [],
            "hand_right_keypoints_3d": []
        }
    ]
}