{
    "version": 1.3,
    "people": [
        {
            "person_id": [
                -1
            ],
            "pose_keypoints_2d": [
                0,
                0,
                0,
                417.228,
                90.4753,
                0.850029,
                443.626,
                91.5019,
                0.769437,
                449.44,
                154.072,
                0.706464,
                442.633,
                188.323,
                0.363318,
                387.887,
                89.4838,
                0.789739,
                376.118,
                143.331,
                0.833034,
                364.383,
                191.212,
                0.80002,
                417.199,
                184.384,
                0.560382,
                433.847,
                184.416,
                0.572109,
                438.722,
                274.402,
                0.691453,
                440.679,
                348.77,
                0.672038,
                398.612,
                183.43,
                0.515256,
                370.246,
                249.952,
                0.741059,
                342.888,
                310.576,
                0.757515,
                0,
                0,
                0,
                386.907,
                66.9881,
                0.123202,
                419.172,
                62.1336,
                0.286559,
                394.666,
                64.0702,
                0.871418,
                325.309,
                321.364,
                0.459962,
                327.238,
                322.315,
                0.536342,
                344.826,
                317.406,
                0.622079,
                425.024,
                357.544,
                0.227084,
                0,
                0,
                0,
                441.679,
                357.558,
                0.523015
            ],
            "face_keypoints_2d": [],
            "hand_left_keypoints_2d": [],
            "hand_right_keypoints_2d": [],
            "pose_keypoints_3d": [],
            "face_keypoints_3d": [],
            "hand_left_keypoints_3d": [],
            "hand_right_keypoints_3d": []
        }
    ]
}