{
    "version": 1.3,
    "people": [
        {
            "person_id": [
                -1
            ],
            "pose_keypoints_2d": [
                0,
                0,
                0,
                419.209,
                97.334,
                0.868174,
                444.594,
                97.3514,
                0.799198,
                449.514,
                152.088,
                0.862873,
                444.606,
                186.348,
                0.606009,
                394.704,
                97.2998,
                0.795667,
                380.016,
                144.323,
                0.899491,
                366.359,
                191.228,
                0.792027,
                424.04,
                178.534,
                0.547459,
                436.76,
                176.596,
                0.553926,
                435.807,
                257.776,
                0.771899,
                435.809,
                330.149,
                0.722928,
                409.378,
                180.482,
                0.538607,
                418.185,
                261.637,
                0.838932,
                426.041,
                328.201,
                0.756847,
                0,
                0,
                0,
                394.71,
                69.9645,
                0.177985,
                422.101,
                67.0043,
                0.222466,
                401.524,
                67.0255,
                0.903271,
                404.522,
                336.981,
                0.691689,
                410.384,
                338.951,
                0.730797,
                430.904,
                334.106,
                0.614571,
                0,
                0,
                0,
                0,
                0,
                0,
                440.698,
                336.04,
                0.672671
            ],
            "face_keypoints_2d": [],
            "hand_left_keypoints_2d": [],
            "hand_right_keypoints_2d": [],
            "pose_keypoints_3d": [],
            "face_keypoints_3d": [],
            "hand_left_keypoints_3d": [],
            "hand_right_keypoints_3d": []
        }
    ]
}