{
    "version": 1.3,
    "people": [
        {
            "person_id": [
                -1
            ],
            "pose_keypoints_2d": [
                0,
                0,
                0,
                425.981,
                97.2865,
                0.855802,
                449.504,
                97.3206,
                0.846489,
                455.366,
                149.171,
                0.769076,
                449.452,
                186.348,
                0.65008,
                399.601,
                96.3553,
                0.753203,
                386.904,
                144.325,
                0.887345,
                377.115,
                187.325,
                0.753327,
                427.007,
                177.573,
                0.570902,
                441.681,
                176.574,
                0.560747,
                441.677,
                261.659,
                0.838225,
                441.648,
                331.108,
                0.754283,
                412.334,
                179.52,
                0.524487,
                421.133,
                260.711,
                0.766075,
                429.915,
                328.196,
                0.741541,
                0,
                0,
                0,
                399.599,
                66.9944,
                0.186385,
                427.974,
                66.0493,
                0.208677,
                405.5,
                66.0116,
                0.872856,
                409.398,
                336.041,
                0.754388,
                413.318,
                338.949,
                0.757801,
                434.817,
                335.032,
                0.629844,
                0,
                0,
                0,
                0,
                0,
                0,
                443.611,
                337.009,
                0.648387
            ],
            "face_keypoints_2d": [],
            "hand_left_keypoints_2d": [],
            "hand_right_keypoints_2d": [],
            "pose_keypoints_3d": [],
            "face_keypoints_3d": [],
            "hand_left_keypoints_3d": [],
            "hand_right_keypoints_3d": []
        }
    ]
}