{
    "version": 1.3,
    "people": [
        {
            "person_id": [
                -1
            ],
            "pose_keypoints_2d": [
                411.33,
                66.0491,
                0.0692356,
                436.791,
                95.3967,
                0.79008,
                459.292,
                97.3283,
                0.760714,
                487.635,
                133.516,
                0.778255,
                512.11,
                159.934,
                0.839645,
                413.302,
                92.4555,
                0.706504,
                371.204,
                115.947,
                0.799325,
                333.124,
                141.362,
                0.761915,
                435.824,
                175.616,
                0.590547,
                450.439,
                174.632,
                0.586819,
                450.446,
                259.729,
                0.808631,
                450.478,
                331.113,
                0.752175,
                423.09,
                176.597,
                0.535568,
                432.861,
                260.681,
                0.794778,
                439.728,
                330.149,
                0.729739,
                0,
                0,
                0,
                413.295,
                60.1536,
                0.212277,
                442.641,
                65.0559,
                0.163889,
                420.17,
                60.1904,
                0.856385,
                418.218,
                337.974,
                0.723043,
                424.076,
                339.914,
                0.735676,
                443.638,
                336.025,
                0.604579,
                0,
                0,
                0,
                0,
                0,
                0,
                455.343,
                336.027,
                0.635557
            ],
            "face_keypoints_2d": [],
            "hand_left_keypoints_2d": [],
            "hand_right_keypoints_2d": [],
            "pose_keypoints_3d": [],
            "face_keypoints_3d": [],
            "hand_left_keypoints_3d": [],
            "hand_right_keypoints_3d": []
        }
    ]
}