{
    "version": 1.3,
    "people": [
        {
            "person_id": [
                -1
            ],
            "pose_keypoints_2d": [
                0,
                0,
                0,
                372.225,
                118.853,
                0.860334,
                395.704,
                115.938,
                0.804267,
                412.321,
                154.089,
                0.83962,
                418.234,
                190.248,
                0.823605,
                348.74,
                119.855,
                0.833799,
                346.767,
                160.923,
                0.839021,
                346.786,
                197.118,
                0.770165,
                383.954,
                182.438,
                0.632177,
                395.734,
                178.549,
                0.642184,
                395.715,
                245.02,
                0.847976,
                411.382,
                301.773,
                0.785709,
                371.228,
                184.387,
                0.643315,
                374.198,
                246.025,
                0.803357,
                389.817,
                306.689,
                0.778391,
                0,
                0,
                0,
                349.755,
                93.4138,
                0.0774729,
                377.098,
                93.4395,
                0.598537,
                356.546,
                93.4141,
                0.888353,
                379.038,
                317.49,
                0.728592,
                380.055,
                318.41,
                0.800172,
                395.663,
                310.582,
                0.800848,
                407.439,
                310.593,
                0.447937,
                412.328,
                309.6,
                0.393095,
                414.28,
                308.645,
                0.776353
            ],
            "face_keypoints_2d": [],
            "hand_left_keypoints_2d": [],
            "hand_right_keypoints_2d": [],
            "pose_keypoints_3d": [],
            "face_keypoints_3d": [],
            "hand_left_keypoints_3d": [],
            "hand_right_keypoints_3d": []
        }
    ]
}