{
    "version": 1.3,
    "people": [
        {
            "person_id": [
                -1
            ],
            "pose_keypoints_2d": [
                412.315,
                65.9828,
                0.0783515,
                435.806,
                97.3002,
                0.835048,
                460.256,
                97.3192,
                0.774341,
                471.958,
                144.302,
                0.806611,
                483.731,
                184.438,
                0.804408,
                411.366,
                96.357,
                0.764066,
                386.848,
                142.35,
                0.777275,
                364.43,
                185.378,
                0.742036,
                438.741,
                176.595,
                0.544947,
                452.428,
                175.599,
                0.542678,
                450.491,
                260.686,
                0.81799,
                451.437,
                331.148,
                0.741204,
                424.075,
                178.531,
                0.530377,
                433.813,
                259.725,
                0.813864,
                441.636,
                330.157,
                0.752053,
                0,
                0,
                0,
                414.302,
                59.2084,
                0.227683,
                443.638,
                66.0125,
                0.200831,
                421.142,
                60.1857,
                0.838787,
                419.16,
                336.993,
                0.719446,
                425.054,
                339.901,
                0.729056,
                445.579,
                336.023,
                0.563144,
                0,
                0,
                0,
                0,
                0,
                0,
                456.341,
                337.006,
                0.651192
            ],
            "face_keypoints_2d": [],
            "hand_left_keypoints_2d": [],
            "hand_right_keypoints_2d": [],
            "pose_keypoints_3d": [],
            "face_keypoints_3d": [],
            "hand_left_keypoints_3d": [],
            "hand_right_keypoints_3d": []
        }
    ]
}