{
    "version": 1.3,
    "people": [
        {
            "person_id": [
                -1
            ],
            "pose_keypoints_2d": [
                0,
                0,
                0,
                376.137,
                117.868,
                0.805883,
                397.671,
                115.914,
                0.783668,
                415.258,
                155.039,
                0.791387,
                418.206,
                191.288,
                0.866266,
                351.684,
                119.834,
                0.80703,
                348.771,
                160.955,
                0.859265,
                348.695,
                203.966,
                0.761791,
                386.894,
                182.426,
                0.639383,
                401.532,
                179.503,
                0.607065,
                402.507,
                246.011,
                0.889257,
                423.077,
                292.96,
                0.778396,
                372.246,
                183.408,
                0.630326,
                376.124,
                247.017,
                0.799954,
                388.835,
                308.635,
                0.831125,
                0,
                0,
                0,
                0,
                0,
                0,
                379.051,
                93.4242,
                0.743678,
                357.576,
                92.4659,
                0.846953,
                373.206,
                319.377,
                0.670759,
                378.055,
                318.449,
                0.739119,
                394.687,
                314.505,
                0.778105,
                419.187,
                316.483,
                0.814923,
                422.126,
                315.482,
                0.670603,
                427.016,
                294.928,
                0.656879
            ],
            "face_keypoints_2d": [],
            "hand_left_keypoints_2d": [],
            "hand_right_keypoints_2d": [],
            "pose_keypoints_3d": [],
            "face_keypoints_3d": [],
            "hand_left_keypoints_3d": [],
            "hand_right_keypoints_3d": []
        }
    ]
}