{
    "version": 1.3,
    "people": [
        {
            "person_id": [
                -1
            ],
            "pose_keypoints_2d": [
                332.141,
                175.553,
                0.514565,
                332.122,
                176.615,
                0.944303,
                322.342,
                176.584,
                0.877713,
                313.534,
                191.226,
                0.811782,
                308.626,
                204.96,
                0.748906,
                340.971,
                176.632,
                0.898308,
                348.781,
                189.308,
                0.837226,
                353.609,
                198.082,
                0.735235,
                328.193,
                199.101,
                0.860487,
                323.306,
                199.059,
                0.855338,
                324.311,
                220.569,
                0.855709,
                319.414,
                239.181,
                0.799998,
                333.11,
                200.042,
                0.905456,
                332.091,
                221.562,
                0.846015,
                330.134,
                239.227,
                0.760519,
                332.061,
                172.668,
                0.438232,
                333.121,
                173.619,
                0.448686,
                327.231,
                170.695,
                0.420864,
                337.016,
                171.68,
                0.443646,
                335.032,
                245.99,
                0.558054,
                336.027,
                244.085,
                0.561546,
                328.186,
                241.15,
                0.488689,
                325.233,
                245.018,
                0.624831,
                321.333,
                244.068,
                0.579123,
                319.386,
                240.176,
                0.626003
            ],
            "face_keypoints_2d": [],
            "hand_left_keypoints_2d": [],
            "hand_right_keypoints_2d": [],
            "pose_keypoints_3d": [],
            "face_keypoints_3d": [],
            "hand_left_keypoints_3d": [],
            "hand_right_keypoints_3d": []
        }
    ]
}