{
    "version": 1.3,
    "people": [
        {
            "person_id": [
                -1
            ],
            "pose_keypoints_2d": [
                0,
                0,
                0,
                364.359,
                136.422,
                0.892502,
                385.888,
                134.522,
                0.795243,
                409.358,
                160.945,
                0.855778,
                420.174,
                199.071,
                0.799555,
                341.89,
                137.409,
                0.845881,
                334.061,
                177.555,
                0.823548,
                329.176,
                205.92,
                0.469107,
                377.121,
                196.131,
                0.641326,
                387.872,
                193.208,
                0.650109,
                372.244,
                253.809,
                0.796503,
                363.358,
                294.952,
                0.775475,
                364.426,
                198.101,
                0.658679,
                371.265,
                254.825,
                0.855373,
                399.62,
                306.688,
                0.772573,
                0,
                0,
                0,
                341.88,
                113.976,
                0.0880044,
                366.363,
                113.977,
                0.421819,
                348.716,
                113.977,
                0.958125,
                386.929,
                323.298,
                0.694227,
                392.774,
                322.315,
                0.652206,
                404.509,
                309.597,
                0.798916,
                357.564,
                301.811,
                0.54199,
                363.406,
                302.75,
                0.590942,
                361.445,
                300.835,
                0.770102
            ],
            "face_keypoints_2d": [],
            "hand_left_keypoints_2d": [],
            "hand_right_keypoints_2d": [],
            "pose_keypoints_3d": [],
            "face_keypoints_3d": [],
            "hand_left_keypoints_3d": [],
            "hand_right_keypoints_3d": []
        }
    ]
}