{
    "version": 1.3,
    "people": [
        {
            "person_id": [
                -1
            ],
            "pose_keypoints_2d": [
                333.055,
                189.301,
                0.528335,
                332.159,
                186.368,
                0.871414,
                323.294,
                188.307,
                0.851,
                318.433,
                200.048,
                0.89899,
                318.419,
                213.755,
                0.674065,
                340.931,
                185.369,
                0.887782,
                353.637,
                185.384,
                0.775356,
                363.368,
                183.451,
                0.754176,
                334.061,
                206.856,
                0.887077,
                331.091,
                206.871,
                0.843342,
                327.233,
                223.507,
                0.934853,
                325.237,
                243.091,
                0.855439,
                339.963,
                206.859,
                0.897427,
                339.971,
                223.51,
                0.929718,
                336.99,
                241.163,
                0.829994,
                332.056,
                186.353,
                0.478577,
                333.102,
                185.403,
                0.437462,
                323.312,
                183.408,
                0.41321,
                336.998,
                184.385,
                0.319746,
                338.974,
                246.071,
                0.742184,
                340.88,
                246.02,
                0.805206,
                334.059,
                244.073,
                0.651857,
                328.187,
                246.978,
                0.792972,
                324.286,
                246.057,
                0.801905,
                325.252,
                245.063,
                0.749421
            ],
            "face_keypoints_2d": [],
            "hand_left_keypoints_2d": [],
            "hand_right_keypoints_2d": [],
            "pose_keypoints_3d": [],
            "face_keypoints_3d": [],
            "hand_left_keypoints_3d": [],
            "hand_right_keypoints_3d": []
        }
    ]
}