{
    "version": 1.3,
    "people": [
        {
            "person_id": [
                -1
            ],
            "pose_keypoints_2d": [
                0,
                0,
                0,
                335.03,
                167.787,
                0.907988,
                350.693,
                167.794,
                0.854091,
                366.371,
                179.513,
                0.720914,
                380.024,
                191.209,
                0.780611,
                319.401,
                167.775,
                0.88047,
                304.731,
                185.412,
                0.762094,
                303.736,
                191.223,
                0.141191,
                333.144,
                213.734,
                0.772983,
                344.809,
                213.765,
                0.723181,
                337.004,
                249.927,
                0.765938,
                332.137,
                286.147,
                0.875787,
                325.241,
                212.781,
                0.776338,
                324.257,
                253.86,
                0.853843,
                336.038,
                251.91,
                0.655369,
                0,
                0,
                0,
                0,
                0,
                0,
                341.915,
                149.192,
                0.599901,
                331.128,
                149.193,
                0.840373,
                348.748,
                260.691,
                0.21431,
                0,
                0,
                0,
                340.94,
                247.997,
                0.458598,
                329.181,
                288.089,
                0.586414,
                332.141,
                289.065,
                0.581541,
                332.088,
                291.041,
                0.824938
            ],
            "face_keypoints_2d": [],
            "hand_left_keypoints_2d": [],
            "hand_right_keypoints_2d": [],
            "pose_keypoints_3d": [],
            "face_keypoints_3d": [],
            "hand_left_keypoints_3d": [],
            "hand_right_keypoints_3d": []
        }
    ]
}