{
    "version": 1.3,
    "people": [
        {
            "person_id": [
                -1
            ],
            "pose_keypoints_2d": [
                0,
                0,
                0,
                425.04,
                97.2887,
                0.840309,
                449.492,
                97.3373,
                0.838375,
                454.399,
                150.142,
                0.769,
                448.529,
                185.398,
                0.661488,
                397.659,
                96.3568,
                0.758646,
                386.856,
                145.234,
                0.883729,
                372.22,
                191.258,
                0.79022,
                426.964,
                178.533,
                0.593135,
                441.639,
                176.594,
                0.56341,
                441.621,
                261.637,
                0.817889,
                441.638,
                331.11,
                0.745081,
                411.387,
                179.517,
                0.542538,
                420.14,
                260.695,
                0.794634,
                428.95,
                329.181,
                0.746492,
                0,
                0,
                0,
                396.689,
                67.0101,
                0.174312,
                427.005,
                66.0661,
                0.230185,
                403.57,
                66.0303,
                0.91401,
                409.388,
                336.994,
                0.749885,
                413.312,
                338.967,
                0.766687,
                434.805,
                335.061,
                0.640196,
                0,
                0,
                0,
                0,
                0,
                0,
                442.688,
                337.961,
                0.643576
            ],
            "face_keypoints_2d": [],
            "hand_left_keypoints_2d": [],
            "hand_right_keypoints_2d": [],
            "pose_keypoints_3d": [],
            "face_keypoints_3d": [],
            "hand_left_keypoints_3d": [],
            "hand_right_keypoints_3d": []
        }
    ]
}