{
    "version": 1.3,
    "people": [
        {
            "person_id": [
                -1
            ],
            "pose_keypoints_2d": [
                0,
                0,
                0,
                340.952,
                164.819,
                0.869343,
                358.533,
                164.84,
                0.819752,
                365.391,
                191.255,
                0.851447,
                355.575,
                198.113,
                0.361271,
                324.288,
                163.849,
                0.851529,
                310.586,
                184.432,
                0.829395,
                308.598,
                200.052,
                0.678445,
                342.868,
                207.907,
                0.764708,
                354.607,
                207.896,
                0.775588,
                355.593,
                246,
                0.814708,
                355.628,
                276.349,
                0.553189,
                333.086,
                208.876,
                0.77783,
                331.149,
                245.059,
                0.847231,
                334.057,
                280.279,
                0.806618,
                0,
                0,
                0,
                0,
                0,
                0,
                347.773,
                145.258,
                0.874796,
                332.092,
                145.315,
                0.903257,
                334.053,
                284.151,
                0.435141,
                332.076,
                285.123,
                0.536837,
                335.069,
                285.174,
                0.799284,
                0,
                0,
                0,
                0,
                0,
                0,
                355.558,
                279.294,
                0.373246
            ],
            "face_keypoints_2d": [],
            "hand_left_keypoints_2d": [],
            "hand_right_keypoints_2d": [],
            "pose_keypoints_3d": [],
            "face_keypoints_3d": [],
            "hand_left_keypoints_3d": [],
            "hand_right_keypoints_3d": []
        }
    ]
}