{
    "version": 1.3,
    "people": [
        {
            "person_id": [
                -1
            ],
            "pose_keypoints_2d": [
                332.124,
                189.266,
                0.442933,
                334.072,
                186.343,
                0.839771,
                324.273,
                189.283,
                0.828919,
                324.294,
                202.004,
                0.925624,
                325.279,
                214.679,
                0.771214,
                343.852,
                183.452,
                0.87815,
                356.604,
                175.622,
                0.868959,
                370.261,
                162.889,
                0.706487,
                338.921,
                208.849,
                0.830544,
                332.15,
                208.869,
                0.830316,
                331.139,
                228.389,
                0.826831,
                0,
                0,
                0,
                341.889,
                207.923,
                0.838444,
                341.884,
                230.352,
                0.877596,
                337.016,
                245.026,
                0.811663,
                0,
                0,
                0,
                333.086,
                185.381,
                0.360336,
                0,
                0,
                0,
                338.939,
                184.394,
                0.387989,
                339.905,
                247.979,
                0.702359,
                340.897,
                247.011,
                0.759552,
                334.077,
                245.043,
                0.641545,
                0,
                0,
                0,
                0,
                0,
                0,
                0,
                0,
                0
            ],
            "face_keypoints_2d": [],
            "hand_left_keypoints_2d": [],
            "hand_right_keypoints_2d": [],
            "pose_keypoints_3d": [],
            "face_keypoints_3d": [],
            "hand_left_keypoints_3d": [],
            "hand_right_keypoints_3d": []
        }
    ]
}