{
    "version": 1.3,
    "people": [
        {
            "person_id": [
                -1
            ],
            "pose_keypoints_2d": [
                0,
                0,
                0,
                342.872,
                152.157,
                0.881993,
                363.369,
                152.15,
                0.88552,
                371.253,
                177.578,
                0.801079,
                365.399,
                197.103,
                0.361446,
                324.282,
                152.144,
                0.879733,
                317.413,
                177.537,
                0.848374,
                316.436,
                202.027,
                0.831296,
                348.756,
                200.064,
                0.761417,
                362.414,
                200.052,
                0.714513,
                364.367,
                253.873,
                0.88278,
                379.014,
                300.816,
                0.851717,
                338.921,
                200.086,
                0.689485,
                329.183,
                246.009,
                0.801728,
                344.827,
                278.332,
                0.81715,
                0,
                0,
                0,
                0,
                0,
                0,
                347.766,
                135.462,
                0.666268,
                332.063,
                132.572,
                0.858972,
                342.893,
                302.781,
                0.66969,
                339.972,
                300.834,
                0.625539,
                348.78,
                280.256,
                0.820909,
                371.276,
                309.602,
                0.650779,
                375.173,
                308.671,
                0.578694,
                379.094,
                307.645,
                0.804112
            ],
            "face_keypoints_2d": [],
            "hand_left_keypoints_2d": [],
            "hand_right_keypoints_2d": [],
            "pose_keypoints_3d": [],
            "face_keypoints_3d": [],
            "hand_left_keypoints_3d": [],
            "hand_right_keypoints_3d": []
        }
    ]
}