{
    "version": 1.3,
    "people": [
        {
            "person_id": [
                -1
            ],
            "pose_keypoints_2d": [
                0,
                0,
                0,
                426.025,
                96.3738,
                0.859226,
                450.478,
                97.321,
                0.836082,
                456.325,
                147.251,
                0.769949,
                450.432,
                185.408,
                0.64665,
                400.581,
                96.3289,
                0.751535,
                386.924,
                145.24,
                0.888241,
                377.091,
                188.319,
                0.746358,
                427.024,
                178.53,
                0.571176,
                441.692,
                176.592,
                0.563967,
                441.693,
                260.72,
                0.837053,
                441.668,
                331.122,
                0.756761,
                412.351,
                179.52,
                0.520431,
                422.111,
                261.637,
                0.769221,
                430.889,
                327.237,
                0.737062,
                0,
                0,
                0,
                400.574,
                66.0727,
                0.17089,
                430.889,
                66.024,
                0.241432,
                406.47,
                65.0687,
                0.849564,
                410.338,
                336.034,
                0.756219,
                414.276,
                338.94,
                0.745831,
                434.824,
                335.032,
                0.618017,
                0,
                0,
                0,
                0,
                0,
                0,
                443.613,
                337.974,
                0.634185
            ],
            "face_keypoints_2d": [],
            "hand_left_keypoints_2d": [],
            "hand_right_keypoints_2d": [],
            "pose_keypoints_3d": [],
            "face_keypoints_3d": [],
            "hand_left_keypoints_3d": [],
            "hand_right_keypoints_3d": []
        }
    ]
}