{
    "version": 1.3,
    "people": [
        {
            "person_id": [
                -1
            ],
            "pose_keypoints_2d": [
                411.384,
                66.0482,
                0.128011,
                435.831,
                97.3489,
                0.848622,
                461.25,
                98.3264,
                0.759291,
                476.884,
                146.256,
                0.775627,
                490.596,
                184.426,
                0.80911,
                411.364,
                96.3481,
                0.766449,
                381.992,
                136.485,
                0.797891,
                357.548,
                175.622,
                0.786698,
                436.795,
                177.57,
                0.540406,
                451.437,
                176.575,
                0.550274,
                450.48,
                259.725,
                0.812586,
                450.497,
                330.158,
                0.746843,
                423.07,
                180.486,
                0.523088,
                433.802,
                260.667,
                0.814867,
                441.61,
                329.162,
                0.746794,
                0,
                0,
                0,
                413.286,
                60.1645,
                0.284784,
                442.697,
                66.0225,
                0.14215,
                421.119,
                60.192,
                0.841455,
                419.172,
                337.012,
                0.718667,
                425.988,
                339.903,
                0.728658,
                444.61,
                335.035,
                0.590072,
                0,
                0,
                0,
                0,
                0,
                0,
                456.309,
                335.05,
                0.653367
            ],
            "face_keypoints_2d": [],
            "hand_left_keypoints_2d": [],
            "hand_right_keypoints_2d": [],
            "pose_keypoints_3d": [],
            "face_keypoints_3d": [],
            "hand_left_keypoints_3d": [],
            "hand_right_keypoints_3d": []
        }
    ]
}