{
    "version": 1.3,
    "people": [
        {
            "person_id": [
                -1
            ],
            "pose_keypoints_2d": [
                0,
                0,
                0,
                433.825,
                90.4817,
                0.859423,
                457.283,
                93.4302,
                0.760123,
                0,
                0,
                0,
                0,
                0,
                0,
                410.353,
                88.5222,
                0.751399,
                372.198,
                90.5309,
                0.698807,
                348.741,
                94.3958,
                0.742176,
                433.854,
                173.648,
                0.582525,
                449.452,
                171.675,
                0.564273,
                447.527,
                258.728,
                0.762455,
                444.6,
                331.102,
                0.69659,
                418.227,
                175.583,
                0.560918,
                426.954,
                257.763,
                0.808126,
                434.805,
                329.17,
                0.742736,
                0,
                0,
                0,
                416.233,
                56.2433,
                0.15686,
                443.649,
                60.2035,
                0.200632,
                422.094,
                58.164,
                0.849344,
                412.346,
                335.034,
                0.718792,
                419.138,
                337.991,
                0.731858,
                440.699,
                335.047,
                0.574461,
                424.072,
                333.056,
                0.0580127,
                0,
                0,
                0,
                449.501,
                336.021,
                0.638699
            ],
            "face_keypoints_2d": [],
            "hand_left_keypoints_2d": [],
            "hand_right_keypoints_2d": [],
            "pose_keypoints_3d": [],
            "face_keypoints_3d": [],
            "hand_left_keypoints_3d": [],
            "hand_right_keypoints_3d": []
        }
    ]
}