{
    "version": 1.3,
    "people": [
        {
            "person_id": [
                -1
            ],
            "pose_keypoints_2d": [
                411.359,
                66.0502,
                0.112338,
                436.776,
                97.3204,
                0.82008,
                460.275,
                98.3289,
                0.722875,
                483.72,
                141.37,
                0.772785,
                505.275,
                174.591,
                0.808184,
                412.324,
                95.375,
                0.729449,
                375.167,
                124.734,
                0.772229,
                343.839,
                157,
                0.744269,
                436.779,
                176.569,
                0.554698,
                450.491,
                175.58,
                0.571972,
                450.465,
                259.734,
                0.810864,
                450.492,
                330.159,
                0.745562,
                423.072,
                177.566,
                0.519975,
                432.856,
                258.757,
                0.780473,
                440.684,
                330.132,
                0.734239,
                0,
                0,
                0,
                412.36,
                60.1617,
                0.267705,
                442.676,
                66.0136,
                0.129023,
                421.122,
                60.1879,
                0.840486,
                419.144,
                337.965,
                0.721457,
                425.027,
                339.908,
                0.731668,
                444.601,
                335.069,
                0.592374,
                0,
                0,
                0,
                0,
                0,
                0,
                455.378,
                335.07,
                0.639084
            ],
            "face_keypoints_2d": [],
            "hand_left_keypoints_2d": [],
            "hand_right_keypoints_2d": [],
            "pose_keypoints_3d": [],
            "face_keypoints_3d": [],
            "hand_left_keypoints_3d": [],
            "hand_right_keypoints_3d": []
        }
    ]
}