{
    "version": 1.3,
    "people": [
        {
            "person_id": [
                -1
            ],
            "pose_keypoints_2d": [
                0,
                0,
                0,
                412.36,
                89.4955,
                0.831477,
                440.696,
                90.4967,
                0.797673,
                449.446,
                150.156,
                0.792133,
                444.625,
                192.22,
                0.671879,
                386.884,
                86.5819,
                0.761048,
                379.07,
                139.422,
                0.859553,
                370.239,
                192.23,
                0.798139,
                412.345,
                182.444,
                0.509156,
                432.836,
                180.499,
                0.526735,
                434.86,
                277.32,
                0.809016,
                434.853,
                350.693,
                0.737843,
                394.744,
                182.441,
                0.537717,
                362.409,
                250.923,
                0.74182,
                331.099,
                308.602,
                0.768042,
                0,
                0,
                0,
                385.897,
                66.0667,
                0.119282,
                414.297,
                59.2352,
                0.250124,
                389.835,
                63.0999,
                0.824038,
                308.644,
                317.473,
                0.586195,
                311.567,
                318.412,
                0.64761,
                332.119,
                315.485,
                0.654732,
                419.204,
                357.555,
                0.155683,
                421.147,
                357.557,
                0.146285,
                437.756,
                357.564,
                0.521487
            ],
            "face_keypoints_2d": [],
            "hand_left_keypoints_2d": [],
            "hand_right_keypoints_2d": [],
            "pose_keypoints_3d": [],
            "face_keypoints_3d": [],
            "hand_left_keypoints_3d": [],
            "hand_right_keypoints_3d": []
        }
    ]
}