{
    "version": 1.3,
    "people": [
        {
            "person_id": [
                -1
            ],
            "pose_keypoints_2d": [
                0,
                0,
                0,
                419.137,
                97.2935,
                0.876445,
                442.695,
                97.3293,
                0.823619,
                449.496,
                146.283,
                0.815825,
                444.603,
                184.419,
                0.673802,
                392.758,
                96.3483,
                0.7572,
                380.007,
                143.309,
                0.877084,
                367.324,
                190.268,
                0.760446,
                421.124,
                177.546,
                0.567539,
                434.827,
                176.571,
                0.587527,
                434.859,
                257.759,
                0.791872,
                434.863,
                329.186,
                0.730069,
                407.422,
                178.536,
                0.524021,
                418.163,
                261.645,
                0.833994,
                426.008,
                327.233,
                0.763578,
                0,
                0,
                0,
                393.71,
                71.8935,
                0.123717,
                420.179,
                67.0242,
                0.237059,
                398.615,
                67.0532,
                0.86912,
                403.555,
                337.004,
                0.690404,
                410.342,
                338.964,
                0.713501,
                428.971,
                334.084,
                0.630137,
                0,
                0,
                0,
                0,
                0,
                0,
                439.71,
                336.017,
                0.648744
            ],
            "face_keypoints_2d": [],
            "hand_left_keypoints_2d": [],
            "hand_right_keypoints_2d": [],
            "pose_keypoints_3d": [],
            "face_keypoints_3d": [],
            "hand_left_keypoints_3d": [],
            "hand_right_keypoints_3d": []
        }
    ]
}