{
    "version": 1.3,
    "people": [
        {
            "person_id": [
                -1
            ],
            "pose_keypoints_2d": [
                0,
                0,
                0,
                434.808,
                87.5446,
                0.866485,
                457.351,
                88.5029,
                0.785086,
                478.847,
                59.2318,
                0.697396,
                494.485,
                39.6315,
                0.798663,
                412.321,
                86.5767,
                0.717553,
                377.097,
                45.4823,
                0.741894,
                346.786,
                11.306,
                0.791638,
                433.842,
                174.614,
                0.580642,
                448.509,
                173.629,
                0.544554,
                448.502,
                260.687,
                0.775824,
                449.448,
                332.116,
                0.752784,
                419.141,
                175.585,
                0.554206,
                427.017,
                258.759,
                0.79098,
                436.789,
                331.127,
                0.731955,
                0,
                0,
                0,
                411.361,
                56.2404,
                0.149618,
                439.713,
                62.141,
                0.125221,
                418.209,
                59.1999,
                0.941017,
                416.242,
                337.957,
                0.723466,
                420.151,
                339.906,
                0.758767,
                442.67,
                337.97,
                0.569121,
                0,
                0,
                0,
                0,
                0,
                0,
                451.455,
                338.942,
                0.629965
            ],
            "face_keypoints_2d": [],
            "hand_left_keypoints_2d": [],
            "hand_right_keypoints_2d": [],
            "pose_keypoints_3d": [],
            "face_keypoints_3d": [],
            "hand_left_keypoints_3d": [],
            "hand_right_keypoints_3d": []
        }
    ]
}