{
    "version": 1.3,
    "people": [
        {
            "person_id": [
                -1
            ],
            "pose_keypoints_2d": [
                0,
                0,
                0,
                323.312,
                161.937,
                0.829793,
                332.149,
                160.925,
                0.820914,
                334.094,
                155.072,
                0.371065,
                326.244,
                147.234,
                0.39909,
                311.577,
                164.83,
                0.764487,
                307.632,
                177.538,
                0.580678,
                306.685,
                167.743,
                0.143513,
                326.26,
                200.024,
                0.793228,
                333.13,
                199.097,
                0.788352,
                332.125,
                235.279,
                0.793899,
                331.107,
                264.619,
                0.74338,
                319.412,
                200.046,
                0.765315,
                321.332,
                237.204,
                0.801865,
                322.31,
                265.605,
                0.771035,
                0,
                0,
                0,
                0,
                0,
                0,
                325.222,
                152.097,
                0.407152,
                315.492,
                153.096,
                0.421965,
                319.384,
                271.489,
                0.570888,
                317.452,
                271.454,
                0.645881,
                322.334,
                269.541,
                0.759484,
                327.221,
                270.517,
                0.33945,
                332.081,
                270.489,
                0.381976,
                330.144,
                269.491,
                0.676584
            ],
            "face_keypoints_2d": [],
            "hand_left_keypoints_2d": [],
            "hand_right_keypoints_2d": [],
            "pose_keypoints_3d": [],
            "face_keypoints_3d": [],
            "hand_left_keypoints_3d": [],
            "hand_right_keypoints_3d": []
        }
    ]
}