{
    "version": 1.3,
    "people": [
        {
            "person_id": [
                -1
            ],
            "pose_keypoints_2d": [
                394.749,
                74.8035,
                0.0911792,
                419.216,
                97.3457,
                0.867774,
                444.588,
                97.3676,
                0.792868,
                450.483,
                147.244,
                0.802195,
                444.591,
                184.395,
                0.584086,
                394.721,
                97.3105,
                0.802859,
                380.029,
                144.325,
                0.901056,
                367.346,
                191.233,
                0.800627,
                424.067,
                178.532,
                0.555287,
                437.754,
                176.594,
                0.54355,
                435.819,
                259.705,
                0.770945,
                435.815,
                331.123,
                0.718269,
                409.399,
                179.519,
                0.543279,
                418.199,
                261.633,
                0.84466,
                426.957,
                327.229,
                0.753562,
                0,
                0,
                0,
                394.744,
                70.9175,
                0.226354,
                423.069,
                67.0385,
                0.194232,
                401.572,
                67.0452,
                0.913958,
                405.495,
                336.031,
                0.686885,
                411.325,
                338.935,
                0.725906,
                431.878,
                334.081,
                0.583437,
                417.22,
                333.119,
                0.0634931,
                0,
                0,
                0,
                440.704,
                337.007,
                0.645666
            ],
            "face_keypoints_2d": [],
            "hand_left_keypoints_2d": [],
            "hand_right_keypoints_2d": [],
            "pose_keypoints_3d": [],
            "face_keypoints_3d": [],
            "hand_left_keypoints_3d": [],
            "hand_right_keypoints_3d": []
        }
    ]
}