{
    "version": 1.3,
    "people": [
        {
            "person_id": [
                -1
            ],
            "pose_keypoints_2d": [
                0,
                0,
                0,
                428.952,
                84.6232,
                0.770534,
                451.435,
                88.5294,
                0.80388,
                440.696,
                53.3182,
                0.645088,
                421.15,
                16.145,
                0.780975,
                405.472,
                82.6603,
                0.776253,
                386.92,
                37.681,
                0.798513,
                379.032,
                10.2512,
                0.69956,
                428.943,
                171.686,
                0.535789,
                442.685,
                169.726,
                0.577098,
                443.613,
                258.735,
                0.787006,
                445.582,
                330.148,
                0.716046,
                413.298,
                173.637,
                0.518657,
                426.046,
                256.809,
                0.817921,
                434.808,
                328.197,
                0.750122,
                0,
                0,
                0,
                411.322,
                51.3462,
                0.169378,
                438.744,
                64.0824,
                0.222543,
                417.2,
                58.219,
                0.915016,
                414.267,
                335.036,
                0.721456,
                419.176,
                337.984,
                0.752135,
                441.628,
                334.08,
                0.576455,
                424.062,
                332.153,
                0.0534744,
                0,
                0,
                0,
                450.435,
                335.046,
                0.667729
            ],
            "face_keypoints_2d": [],
            "hand_left_keypoints_2d": [],
            "hand_right_keypoints_2d": [],
            "pose_keypoints_3d": [],
            "face_keypoints_3d": [],
            "hand_left_keypoints_3d": [],
            "hand_right_keypoints_3d": []
        }
    ]
}