{
    "version": 1.3,
    "people": [
        {
            "person_id": [
                -1
            ],
            "pose_keypoints_2d": [
                0,
                0,
                0,
                426.965,
                97.297,
                0.877158,
                450.508,
                97.3471,
                0.834335,
                457.287,
                149.203,
                0.836597,
                449.514,
                185.405,
                0.643888,
                401.536,
                96.3366,
                0.761528,
                386.91,
                144.31,
                0.895386,
                377.087,
                189.294,
                0.789066,
                427.96,
                178.525,
                0.573249,
                442.627,
                176.596,
                0.588609,
                441.706,
                260.681,
                0.830912,
                441.69,
                331.146,
                0.767828,
                412.338,
                179.518,
                0.539635,
                421.146,
                259.704,
                0.75616,
                430.904,
                328.191,
                0.714596,
                0,
                0,
                0,
                401.564,
                66.0091,
                0.180529,
                430.923,
                66.0639,
                0.286825,
                408.399,
                65.0223,
                0.853195,
                410.323,
                335.069,
                0.732052,
                413.322,
                337.992,
                0.718931,
                435.786,
                335.059,
                0.569901,
                0,
                0,
                0,
                0,
                0,
                0,
                444.621,
                337.968,
                0.638792
            ],
            "face_keypoints_2d": [],
            "hand_left_keypoints_2d": [],
            "hand_right_keypoints_2d": [],
            "pose_keypoints_3d": [],
            "face_keypoints_3d": [],
            "hand_left_keypoints_3d": [],
            "hand_right_keypoints_3d": []
        }
    ]
}