{
    "version": 1.3,
    "people": [
        {
            "person_id": [
                -1
            ],
            "pose_keypoints_2d": [
                0,
                0,
                0,
                434.818,
                86.597,
                0.860196,
                458.261,
                87.5496,
                0.775661,
                477.863,
                60.2005,
                0.664965,
                493.519,
                39.6319,
                0.794765,
                411.381,
                85.6188,
                0.721869,
                378.051,
                44.5488,
                0.760746,
                347.731,
                12.2254,
                0.812782,
                433.848,
                174.614,
                0.585508,
                448.514,
                172.67,
                0.550597,
                448.507,
                260.691,
                0.779031,
                449.451,
                332.103,
                0.756843,
                419.152,
                175.586,
                0.553728,
                427.034,
                259.724,
                0.786579,
                436.786,
                331.127,
                0.73774,
                0,
                0,
                0,
                411.394,
                57.2455,
                0.185287,
                439.707,
                63.1138,
                0.110067,
                419.141,
                59.2122,
                0.940172,
                416.245,
                337.959,
                0.718259,
                420.153,
                339.905,
                0.754224,
                442.663,
                337.972,
                0.580219,
                425.051,
                336.993,
                0.0506961,
                0,
                0,
                0,
                451.453,
                338.934,
                0.640293
            ],
            "face_keypoints_2d": [],
            "hand_left_keypoints_2d": [],
            "hand_right_keypoints_2d": [],
            "pose_keypoints_3d": [],
            "face_keypoints_3d": [],
            "hand_left_keypoints_3d": [],
            "hand_right_keypoints_3d": []
        }
    ]
}