{
    "version": 1.3,
    "people": [
        {
            "person_id": [
                -1
            ],
            "pose_keypoints_2d": [
                332.101,
                175.571,
                0.611914,
                332.116,
                176.546,
                0.960364,
                322.314,
                176.559,
                0.878033,
                311.588,
                190.24,
                0.810913,
                303.746,
                201.068,
                0.819681,
                340.966,
                175.638,
                0.920483,
                348.763,
                187.347,
                0.834257,
                354.585,
                197.099,
                0.732189,
                327.245,
                199.089,
                0.877399,
                323.297,
                199.061,
                0.874009,
                324.323,
                218.647,
                0.846737,
                320.379,
                239.166,
                0.79759,
                333.112,
                200.021,
                0.911489,
                332.124,
                221.541,
                0.812872,
                331.137,
                240.143,
                0.753237,
                330.154,
                173.621,
                0.50347,
                333.073,
                172.674,
                0.550568,
                325.29,
                170.704,
                0.440137,
                335.063,
                169.744,
                0.543077,
                336.986,
                245.995,
                0.531705,
                337.992,
                245.016,
                0.547698,
                330.165,
                242.126,
                0.468446,
                325.278,
                245.022,
                0.631248,
                322.31,
                244.079,
                0.604673,
                319.398,
                240.152,
                0.629098
            ],
            "face_keypoints_2d": [],
            "hand_left_keypoints_2d": [],
            "hand_right_keypoints_2d": [],
            "pose_keypoints_3d": [],
            "face_keypoints_3d": [],
            "hand_left_keypoints_3d": [],
            "hand_right_keypoints_3d": []
        }
    ]
}