{
    "version": 1.3,
    "people": [
        {
            "person_id": [
                -1
            ],
            "pose_keypoints_2d": [
                0,
                0,
                0,
                381.048,
                91.4847,
                0.826128,
                417.211,
                93.4193,
                0.735449,
                430.925,
                153.079,
                0.774418,
                429.94,
                200.055,
                0.777281,
                347.74,
                91.4776,
                0.749187,
                327.22,
                146.26,
                0.766139,
                307.651,
                202.003,
                0.658659,
                386.927,
                190.257,
                0.516402,
                407.431,
                189.283,
                0.494471,
                419.207,
                283.211,
                0.74201,
                428.013,
                357.564,
                0.771173,
                366.366,
                190.27,
                0.474156,
                342.857,
                277.331,
                0.769446,
                330.126,
                348.749,
                0.601055,
                0,
                0,
                0,
                0,
                0,
                0,
                387.832,
                61.1748,
                0.760698,
                358.542,
                62.1335,
                0.808587,
                328.192,
                357.565,
                0.122162,
                0,
                0,
                0,
                326.249,
                357.554,
                0.415466,
                427.004,
                357.579,
                0.176471,
                429.924,
                357.581,
                0.165399,
                429.935,
                357.577,
                0.441821
            ],
            "face_keypoints_2d": [],
            "hand_left_keypoints_2d": [],
            "hand_right_keypoints_2d": [],
            "pose_keypoints_3d": [],
            "face_keypoints_3d": [],
            "hand_left_keypoints_3d": [],
            "hand_right_keypoints_3d": []
        }
    ]
}