{
    "version": 1.3,
    "people": [
        {
            "person_id": [
                -1
            ],
            "pose_keypoints_2d": [
                0,
                0,
                0,
                426.021,
                96.3825,
                0.861234,
                450.463,
                97.3265,
                0.837708,
                456.333,
                147.249,
                0.777887,
                449.49,
                185.409,
                0.635564,
                400.576,
                96.3458,
                0.756001,
                386.917,
                145.245,
                0.891151,
                378.062,
                186.359,
                0.780654,
                427.021,
                177.572,
                0.573126,
                441.693,
                176.579,
                0.562792,
                441.683,
                260.691,
                0.821418,
                441.666,
                331.126,
                0.758587,
                412.346,
                179.508,
                0.521432,
                421.151,
                261.636,
                0.765063,
                430.894,
                327.236,
                0.74078,
                0,
                0,
                0,
                399.621,
                66.0447,
                0.162518,
                428.96,
                66.0295,
                0.242883,
                406.456,
                65.0463,
                0.840172,
                410.337,
                336.035,
                0.756795,
                414.276,
                338.94,
                0.74624,
                434.827,
                334.099,
                0.618161,
                0,
                0,
                0,
                0,
                0,
                0,
                443.616,
                337.976,
                0.636607
            ],
            "face_keypoints_2d": [],
            "hand_left_keypoints_2d": [],
            "hand_right_keypoints_2d": [],
            "pose_keypoints_3d": [],
            "face_keypoints_3d": [],
            "hand_left_keypoints_3d": [],
            "hand_right_keypoints_3d": []
        }
    ]
}