{
    "version": 1.3,
    "people": [
        {
            "person_id": [
                -1
            ],
            "pose_keypoints_2d": [
                0,
                0,
                0,
                334.085,
                164.845,
                0.842883,
                353.607,
                163.859,
                0.817482,
                370.23,
                184.404,
                0.90286,
                375.136,
                209.829,
                0.811293,
                316.495,
                165.818,
                0.87012,
                309.627,
                195.165,
                0.787967,
                314.507,
                206.917,
                0.253763,
                339.956,
                207.886,
                0.811831,
                348.784,
                207.852,
                0.776284,
                348.726,
                240.184,
                0.786449,
                347.794,
                261.696,
                0.671962,
                331.102,
                207.918,
                0.747973,
                332.068,
                253.882,
                0.886717,
                341.898,
                291.038,
                0.822721,
                0,
                0,
                0,
                0,
                0,
                0,
                340.917,
                145.268,
                0.889961,
                325.244,
                145.307,
                0.917932,
                340.921,
                292.99,
                0.498337,
                339.901,
                293.963,
                0.610519,
                344.83,
                293.949,
                0.795351,
                343.862,
                272.439,
                0.26064,
                347.753,
                269.515,
                0.26531,
                348.711,
                263.63,
                0.608495
            ],
            "face_keypoints_2d": [],
            "hand_left_keypoints_2d": [],
            "hand_right_keypoints_2d": [],
            "pose_keypoints_3d": [],
            "face_keypoints_3d": [],
            "hand_left_keypoints_3d": [],
            "hand_right_keypoints_3d": []
        }
    ]
}