{
    "version": 1.3,
    "people": [
        {
            "person_id": [
                -1
            ],
            "pose_keypoints_2d": [
                348.74,
                199.091,
                0.227484,
                347.745,
                192.279,
                0.92536,
                337.958,
                193.198,
                0.833367,
                325.311,
                205.897,
                0.82986,
                321.352,
                214.694,
                0.682965,
                356.608,
                192.251,
                0.872947,
                372.182,
                198.067,
                0.820605,
                382.992,
                201.059,
                0.598188,
                347.769,
                214.698,
                0.942091,
                340.947,
                214.713,
                0.907016,
                345.814,
                230.355,
                0.891968,
                347.734,
                248.009,
                0.914954,
                354.575,
                214.672,
                0.864734,
                355.599,
                230.36,
                0.904483,
                355.628,
                247.996,
                0.899407,
                347.799,
                198.093,
                0.163208,
                350.691,
                198.091,
                0.166518,
                345.796,
                193.188,
                0.151558,
                355.531,
                193.246,
                0.143998,
                356.532,
                253.857,
                0.772659,
                357.578,
                252.891,
                0.724741,
                355.583,
                249.957,
                0.695089,
                347.797,
                253.879,
                0.886999,
                345.798,
                253.834,
                0.804839,
                347.801,
                251.877,
                0.76535
            ],
            "face_keypoints_2d": [],
            "hand_left_keypoints_2d": [],
            "hand_right_keypoints_2d": [],
            "pose_keypoints_3d": [],
            "face_keypoints_3d": [],
            "hand_left_keypoints_3d": [],
            "hand_right_keypoints_3d": []
        }
    ]
}