{
    "version": 1.3,
    "people": [
        {
            "person_id": [
                -1
            ],
            "pose_keypoints_2d": [
                0,
                0,
                0,
                395.675,
                98.3254,
                0.88849,
                418.22,
                98.3704,
                0.823215,
                425.997,
                149.18,
                0.705149,
                419.208,
                183.405,
                0.359806,
                371.27,
                98.2997,
                0.837049,
                357.538,
                145.309,
                0.848095,
                347.801,
                193.214,
                0.803669,
                403.483,
                180.481,
                0.620836,
                418.164,
                179.504,
                0.590819,
                419.179,
                259.723,
                0.818751,
                419.22,
                331.14,
                0.744646,
                387.907,
                181.462,
                0.574232,
                401.532,
                262.686,
                0.805051,
                410.329,
                332.08,
                0.779724,
                0,
                0,
                0,
                369.273,
                80.6993,
                0.0763061,
                395.694,
                73.8529,
                0.313843,
                374.197,
                74.8915,
                0.850123,
                388.857,
                339.916,
                0.752627,
                394.738,
                340.893,
                0.768009,
                413.316,
                337.988,
                0.636749,
                0,
                0,
                0,
                0,
                0,
                0,
                424.064,
                337.978,
                0.652458
            ],
            "face_keypoints_2d": [],
            "hand_left_keypoints_2d": [],
            "hand_right_keypoints_2d": [],
            "pose_keypoints_3d": [],
            "face_keypoints_3d": [],
            "hand_left_keypoints_3d": [],
            "hand_right_keypoints_3d": []
        }
    ]
}