{
    "version": 1.3,
    "people": [
        {
            "person_id": [
                -1
            ],
            "pose_keypoints_2d": [
                332.149,
                161.9,
                0.897111,
                333.046,
                167.781,
                0.961951,
                323.306,
                167.76,
                0.914273,
                309.657,
                174.618,
                0.856131,
                300.834,
                182.449,
                0.869786,
                342.857,
                167.797,
                0.884701,
                363.395,
                176.579,
                0.828398,
                349.734,
                168.795,
                0.744566,
                332.101,
                193.187,
                0.895032,
                325.25,
                192.268,
                0.891304,
                330.169,
                215.697,
                0.877868,
                328.194,
                239.185,
                0.762927,
                338.933,
                193.205,
                0.857592,
                336.979,
                215.716,
                0.859259,
                338.941,
                238.248,
                0.847753,
                331.127,
                159.972,
                0.89256,
                334.072,
                159.986,
                0.905942,
                326.241,
                159.951,
                0.712858,
                338.943,
                159.976,
                0.634379,
                339.96,
                245.054,
                0.623972,
                341.894,
                243.083,
                0.633515,
                337.007,
                240.178,
                0.504373,
                333.088,
                245.032,
                0.577279,
                329.162,
                245.036,
                0.573966,
                327.219,
                242.107,
                0.581358
            ],
            "face_keypoints_2d": [],
            "hand_left_keypoints_2d": [],
            "hand_right_keypoints_2d": [],
            "pose_keypoints_3d": [],
            "face_keypoints_3d": [],
            "hand_left_keypoints_3d": [],
            "hand_right_keypoints_3d": []
        }
    ]
}