{
    "version": 1.3,
    "people": [
        {
            "person_id": [
                -1
            ],
            "pose_keypoints_2d": [
                0,
                0,
                0,
                433.835,
                88.5028,
                0.867887,
                456.323,
                89.4874,
                0.790907,
                473.961,
                65.0464,
                0.661485,
                491.569,
                42.5062,
                0.834148,
                411.313,
                86.5861,
                0.74275,
                373.222,
                48.4264,
                0.747614,
                340.909,
                12.2522,
                0.826175,
                432.875,
                175.583,
                0.543826,
                447.513,
                173.647,
                0.514596,
                446.562,
                258.75,
                0.74442,
                448.5,
                332.079,
                0.713379,
                418.182,
                176.563,
                0.529858,
                426.99,
                259.734,
                0.811864,
                435.836,
                330.16,
                0.741824,
                0,
                0,
                0,
                411.331,
                55.2712,
                0.147953,
                438.74,
                61.1697,
                0.192154,
                418.166,
                59.1835,
                0.92005,
                416.217,
                336.994,
                0.739672,
                420.134,
                338.976,
                0.779088,
                442.655,
                336.992,
                0.58357,
                425.02,
                336.02,
                0.0559202,
                0,
                0,
                0,
                450.516,
                337.987,
                0.61677
            ],
            "face_keypoints_2d": [],
            "hand_left_keypoints_2d": [],
            "hand_right_keypoints_2d": [],
            "pose_keypoints_3d": [],
            "face_keypoints_3d": [],
            "hand_left_keypoints_3d": [],
            "hand_right_keypoints_3d": []
        }
    ]
}