{
    "version": 1.3,
    "people": [
        {
            "person_id": [
                -1
            ],
            "pose_keypoints_2d": [
                402.487,
                68.033,
                0.101923,
                427.012,
                94.4068,
                0.831701,
                452.415,
                97.3104,
                0.785327,
                457.332,
                145.294,
                0.847743,
                450.516,
                184.37,
                0.667845,
                402.537,
                92.4393,
                0.767096,
                387.923,
                145.241,
                0.861494,
                378.083,
                189.296,
                0.809501,
                428.936,
                176.58,
                0.571088,
                442.646,
                175.601,
                0.595331,
                442.618,
                259.728,
                0.818088,
                441.708,
                330.17,
                0.767952,
                414.274,
                177.557,
                0.525656,
                424.056,
                258.726,
                0.75263,
                430.916,
                327.218,
                0.730788,
                0,
                0,
                0,
                402.495,
                66.0436,
                0.319997,
                432.829,
                66.0563,
                0.186609,
                409.38,
                65.045,
                0.886033,
                410.359,
                335.038,
                0.737229,
                415.25,
                337.971,
                0.712866,
                434.844,
                334.082,
                0.609531,
                0,
                0,
                0,
                0,
                0,
                0,
                444.622,
                336.986,
                0.65484
            ],
            "face_keypoints_2d": [],
            "hand_left_keypoints_2d": [],
            "hand_right_keypoints_2d": [],
            "pose_keypoints_3d": [],
            "face_keypoints_3d": [],
            "hand_left_keypoints_3d": [],
            "hand_right_keypoints_3d": []
        }
    ]
}