{
    "version": 1.3,
    "people": [
        {
            "person_id": [
                -1
            ],
            "pose_keypoints_2d": [
                411.354,
                66.0781,
                0.141373,
                434.833,
                97.3617,
                0.885177,
                459.292,
                97.3768,
                0.796933,
                467.126,
                150.174,
                0.674618,
                469.053,
                194.17,
                0.703319,
                410.356,
                97.3101,
                0.785417,
                396.671,
                144.327,
                0.841935,
                384.924,
                191.23,
                0.757299,
                437.759,
                178.534,
                0.541684,
                451.458,
                177.548,
                0.551209,
                450.501,
                259.71,
                0.809883,
                451.448,
                331.11,
                0.728729,
                424.042,
                180.486,
                0.533784,
                433.795,
                259.719,
                0.803351,
                441.665,
                331.098,
                0.766234,
                0,
                0,
                0,
                412.345,
                61.1511,
                0.316528,
                442.654,
                67.0225,
                0.203812,
                420.16,
                63.0991,
                0.825475,
                419.139,
                336.016,
                0.73066,
                425.04,
                339.885,
                0.733267,
                446.569,
                336.042,
                0.585013,
                0,
                0,
                0,
                0,
                0,
                0,
                457.278,
                336.035,
                0.660537
            ],
            "face_keypoints_2d": [],
            "hand_left_keypoints_2d": [],
            "hand_right_keypoints_2d": [],
            "pose_keypoints_3d": [],
            "face_keypoints_3d": [],
            "hand_left_keypoints_3d": [],
            "hand_right_keypoints_3d": []
        }
    ]
}