{
    "version": 1.3,
    "people": [
        {
            "person_id": [
                -1
            ],
            "pose_keypoints_2d": [
                0,
                0,
                0,
                340.961,
                163.874,
                0.870725,
                358.518,
                164.84,
                0.828204,
                369.289,
                189.278,
                0.779173,
                356.571,
                194.173,
                0.430918,
                324.299,
                162.872,
                0.867794,
                309.571,
                182.422,
                0.809953,
                302.772,
                196.141,
                0.657976,
                341.922,
                206.926,
                0.809419,
                353.641,
                206.928,
                0.777766,
                355.591,
                244.07,
                0.796353,
                360.469,
                277.316,
                0.763316,
                333.088,
                207.86,
                0.812819,
                332.056,
                240.159,
                0.843896,
                333.094,
                277.293,
                0.881521,
                0,
                0,
                0,
                0,
                0,
                0,
                348.731,
                145.273,
                0.806677,
                333.065,
                145.329,
                0.859486,
                330.162,
                279.277,
                0.560377,
                327.22,
                279.312,
                0.652389,
                334.091,
                279.289,
                0.793202,
                357.538,
                290.031,
                0.653752,
                362.419,
                287.129,
                0.656841,
                360.488,
                280.273,
                0.660431
            ],
            "face_keypoints_2d": [],
            "hand_left_keypoints_2d": [],
            "hand_right_keypoints_2d": [],
            "pose_keypoints_3d": [],
            "face_keypoints_3d": [],
            "hand_left_keypoints_3d": [],
            "hand_right_keypoints_3d": []
        }
    ]
}