{
    "version": 1.3,
    "people": [
        {
            "person_id": [
                -1
            ],
            "pose_keypoints_2d": [
                0,
                0,
                0,
                386.882,
                119.844,
                0.893121,
                410.326,
                120.762,
                0.837544,
                423.083,
                160.937,
                0.771383,
                423.074,
                193.203,
                0.757142,
                363.414,
                119.861,
                0.840348,
                361.437,
                162.889,
                0.773055,
                360.479,
                199.064,
                0.77672,
                394.746,
                184.423,
                0.648651,
                410.324,
                183.414,
                0.630227,
                418.187,
                246.973,
                0.868401,
                449.449,
                295.919,
                0.739375,
                380.071,
                185.388,
                0.617576,
                379.053,
                252.85,
                0.825006,
                387.852,
                313.531,
                0.818354,
                0,
                0,
                0,
                363.395,
                94.4001,
                0.0611876,
                387.916,
                96.3267,
                0.572775,
                369.287,
                93.4383,
                0.852274,
                371.225,
                318.401,
                0.699579,
                372.26,
                320.357,
                0.739668,
                391.776,
                318.437,
                0.752868,
                449.503,
                326.225,
                0.719222,
                450.502,
                324.31,
                0.643747,
                453.419,
                298.846,
                0.549146
            ],
            "face_keypoints_2d": [],
            "hand_left_keypoints_2d": [],
            "hand_right_keypoints_2d": [],
            "pose_keypoints_3d": [],
            "face_keypoints_3d": [],
            "hand_left_keypoints_3d": [],
            "hand_right_keypoints_3d": []
        }
    ]
}