{
    "version": 1.3,
    "people": [
        {
            "person_id": [
                -1
            ],
            "pose_keypoints_2d": [
                0,
                0,
                0,
                432.835,
                103.212,
                0.798532,
                457.276,
                104.188,
                0.790816,
                465.181,
                158.003,
                0.673384,
                460.274,
                192.203,
                0.380337,
                405.493,
                103.188,
                0.729918,
                396.671,
                151.153,
                0.827434,
                387.862,
                193.219,
                0.831686,
                434.824,
                185.371,
                0.586322,
                450.464,
                184.422,
                0.56291,
                450.509,
                262.637,
                0.837244,
                453.419,
                330.15,
                0.705048,
                419.182,
                185.389,
                0.562566,
                404.497,
                253.828,
                0.807907,
                434.81,
                315.484,
                0.789866,
                0,
                0,
                0,
                411.306,
                67.0175,
                0.220632,
                436.79,
                73.8369,
                0.189575,
                417.201,
                68.9732,
                0.862028,
                419.164,
                334.058,
                0.759728,
                420.157,
                333.112,
                0.754811,
                441.618,
                318.424,
                0.696483,
                444.59,
                334.079,
                0.312704,
                448.51,
                334.094,
                0.249244,
                456.356,
                335.065,
                0.652398
            ],
            "face_keypoints_2d": [],
            "hand_left_keypoints_2d": [],
            "hand_right_keypoints_2d": [],
            "pose_keypoints_3d": [],
            "face_keypoints_3d": [],
            "hand_left_keypoints_3d": [],
            "hand_right_keypoints_3d": []
        }
    ]
}