{
    "version": 1.3,
    "people": [
        {
            "person_id": [
                -1
            ],
            "pose_keypoints_2d": [
                254.845,
                200.09,
                0.548732,
                252.898,
                206.859,
                0.782559,
                248.976,
                206.88,
                0.816557,
                252.85,
                215.671,
                0.869638,
                261.673,
                215.668,
                0.865767,
                254.808,
                206.854,
                0.754859,
                256.81,
                214.702,
                0.264339,
                262.666,
                214.756,
                0.240254,
                253.901,
                224.529,
                0.836702,
                253.811,
                224.537,
                0.841205,
                255.828,
                240.144,
                0.78728,
                261.618,
                255.798,
                0.686058,
                254.869,
                224.53,
                0.782308,
                254.811,
                240.148,
                0.704889,
                245.03,
                252.894,
                0.445128,
                253.906,
                199.12,
                0.574508,
                254.882,
                200.011,
                0.367423,
                252.847,
                200.016,
                0.535252,
                0,
                0,
                0,
                246.051,
                254.827,
                0.359677,
                246.027,
                254.787,
                0.33238,
                241.127,
                253.843,
                0.449235,
                262.691,
                256.783,
                0.471637,
                261.667,
                257.775,
                0.494029,
                259.721,
                257.772,
                0.527467
            ],
            "face_keypoints_2d": [],
            "hand_left_keypoints_2d": [],
            "hand_right_keypoints_2d": [],
            "pose_keypoints_3d": [],
            "face_keypoints_3d": [],
            "hand_left_keypoints_3d": [],
            "hand_right_keypoints_3d": []
        }
    ]
}