{
    "version": 1.3,
    "people": [
        {
            "person_id": [
                -1
            ],
            "pose_keypoints_2d": [
                0,
                0,
                0,
                436.787,
                90.5018,
                0.853757,
                459.295,
                92.4451,
                0.771175,
                488.583,
                88.5466,
                0.788319,
                515.042,
                82.6694,
                0.814388,
                414.272,
                89.5475,
                0.793219,
                363.425,
                68.0158,
                0.70154,
                332.103,
                57.2266,
                0.746187,
                434.855,
                175.602,
                0.584313,
                449.515,
                174.619,
                0.570574,
                449.523,
                261.661,
                0.834141,
                449.525,
                331.133,
                0.77004,
                421.122,
                176.568,
                0.526357,
                430.9,
                259.726,
                0.743973,
                437.753,
                330.139,
                0.720465,
                0,
                0,
                0,
                412.353,
                58.2489,
                0.235676,
                441.684,
                65.0656,
                0.119733,
                420.17,
                60.1724,
                0.857696,
                417.227,
                337.975,
                0.728072,
                421.135,
                339.901,
                0.748422,
                442.673,
                336.027,
                0.582013,
                0,
                0,
                0,
                0,
                0,
                0,
                452.438,
                337.013,
                0.646921
            ],
            "face_keypoints_2d": [],
            "hand_left_keypoints_2d": [],
            "hand_right_keypoints_2d": [],
            "pose_keypoints_3d": [],
            "face_keypoints_3d": [],
            "hand_left_keypoints_3d": [],
            "hand_right_keypoints_3d": []
        }
    ]
}