{
    "version": 1.3,
    "people": [
        {
            "person_id": [
                -1
            ],
            "pose_keypoints_2d": [
                0,
                0,
                0,
                434.818,
                87.537,
                0.859046,
                458.271,
                87.5454,
                0.779887,
                478.822,
                60.1683,
                0.675888,
                493.519,
                39.6219,
                0.797003,
                411.381,
                86.592,
                0.725178,
                378.069,
                45.4879,
                0.767666,
                347.733,
                12.2264,
                0.816832,
                433.863,
                174.613,
                0.59214,
                448.527,
                172.657,
                0.562163,
                448.522,
                260.675,
                0.776063,
                449.451,
                332.112,
                0.757017,
                419.169,
                175.589,
                0.559306,
                427.036,
                258.748,
                0.776449,
                436.78,
                331.133,
                0.737978,
                0,
                0,
                0,
                411.384,
                57.2367,
                0.161992,
                439.714,
                63.1161,
                0.126277,
                419.14,
                59.2158,
                0.943031,
                416.245,
                337.958,
                0.717332,
                420.155,
                339.906,
                0.755073,
                442.658,
                337.976,
                0.576018,
                425.047,
                337.004,
                0.0520708,
                0,
                0,
                0,
                451.453,
                338.944,
                0.641937
            ],
            "face_keypoints_2d": [],
            "hand_left_keypoints_2d": [],
            "hand_right_keypoints_2d": [],
            "pose_keypoints_3d": [],
            "face_keypoints_3d": [],
            "hand_left_keypoints_3d": [],
            "hand_right_keypoints_3d": []
        }
    ]
}