{
    "version": 1.3,
    "people": [
        {
            "person_id": [
                -1
            ],
            "pose_keypoints_2d": [
                0,
                0,
                0,
                416.242,
                89.5236,
                0.826258,
                442.621,
                90.5429,
                0.785244,
                449.528,
                152.072,
                0.847215,
                443.656,
                191.282,
                0.657324,
                387.85,
                86.5831,
                0.762953,
                380.025,
                139.425,
                0.862939,
                371.216,
                192.269,
                0.820524,
                416.22,
                183.405,
                0.520239,
                433.82,
                183.415,
                0.550895,
                434.876,
                276.357,
                0.779169,
                435.809,
                350.694,
                0.705121,
                395.735,
                182.449,
                0.539885,
                361.471,
                249.935,
                0.731045,
                330.149,
                305.689,
                0.728526,
                0,
                0,
                0,
                386.848,
                66.0349,
                0.12596,
                417.18,
                60.1812,
                0.269957,
                391.784,
                62.1402,
                0.820584,
                309.627,
                313.51,
                0.586647,
                314.489,
                315.454,
                0.634989,
                332.071,
                311.564,
                0.625595,
                421.135,
                357.553,
                0.139303,
                425.029,
                357.559,
                0.13352,
                439.696,
                357.564,
                0.521621
            ],
            "face_keypoints_2d": [],
            "hand_left_keypoints_2d": [],
            "hand_right_keypoints_2d": [],
            "pose_keypoints_3d": [],
            "face_keypoints_3d": [],
            "hand_left_keypoints_3d": [],
            "hand_right_keypoints_3d": []
        }
    ]
}