{
    "version": 1.3,
    "people": [
        {
            "person_id": [
                -1
            ],
            "pose_keypoints_2d": [
                0,
                0,
                0,
                419.18,
                112.006,
                0.869614,
                442.648,
                113.01,
                0.842605,
                452.426,
                159.929,
                0.848859,
                449.509,
                192.24,
                0.707734,
                395.673,
                109.092,
                0.795257,
                393.706,
                151.147,
                0.846564,
                387.842,
                193.23,
                0.839186,
                426.999,
                184.413,
                0.656379,
                441.688,
                183.429,
                0.645014,
                450.456,
                259.729,
                0.821354,
                460.239,
                328.199,
                0.728976,
                411.386,
                186.347,
                0.619003,
                389.841,
                248.018,
                0.802253,
                387.833,
                309.598,
                0.877409,
                0,
                0,
                0,
                395.681,
                82.6691,
                0.199418,
                424.044,
                83.6848,
                0.505619,
                402.506,
                82.6354,
                0.963951,
                371.195,
                312.551,
                0.712293,
                373.182,
                315.474,
                0.789941,
                390.796,
                316.47,
                0.798248,
                436.78,
                333.101,
                0.693427,
                440.692,
                332.127,
                0.645881,
                465.155,
                336.01,
                0.734563
            ],
            "face_keypoints_2d": [],
            "hand_left_keypoints_2d": [],
            "hand_right_keypoints_2d": [],
            "pose_keypoints_3d": [],
            "face_keypoints_3d": [],
            "hand_left_keypoints_3d": [],
            "hand_right_keypoints_3d": []
        }
    ]
}