{
    "version": 1.3,
    "people": [
        {
            "person_id": [
                -1
            ],
            "pose_keypoints_2d": [
                0,
                0,
                0,
                355.583,
                92.4704,
                0.836206,
                393.708,
                90.5344,
                0.738722,
                411.354,
                152.115,
                0.808081,
                417.195,
                203.981,
                0.758089,
                316.456,
                96.369,
                0.735192,
                301.787,
                155.078,
                0.817178,
                292.975,
                209.837,
                0.746754,
                363.368,
                189.3,
                0.542196,
                384.93,
                189.287,
                0.504577,
                404.514,
                284.183,
                0.766582,
                425.048,
                357.566,
                0.711537,
                339.955,
                190.267,
                0.524998,
                324.324,
                287.104,
                0.786514,
                309.64,
                357.579,
                0.150676,
                0,
                0,
                0,
                0,
                0,
                0,
                364.432,
                60.2042,
                0.862126,
                333.099,
                61.1628,
                0.854622,
                0,
                0,
                0,
                0,
                0,
                0,
                0,
                0,
                0,
                424.054,
                357.576,
                0.186798,
                426.006,
                357.579,
                0.178038,
                426.027,
                357.577,
                0.390797
            ],
            "face_keypoints_2d": [],
            "hand_left_keypoints_2d": [],
            "hand_right_keypoints_2d": [],
            "pose_keypoints_3d": [],
            "face_keypoints_3d": [],
            "hand_left_keypoints_3d": [],
            "hand_right_keypoints_3d": []
        }
    ]
}