{
    "version": 1.3,
    "people": [
        {
            "person_id": [
                -1
            ],
            "pose_keypoints_2d": [
                0,
                0,
                0,
                433.812,
                89.4708,
                0.878516,
                456.358,
                89.5198,
                0.810315,
                470.05,
                65.0411,
                0.633097,
                482.775,
                41.5999,
                0.797981,
                410.359,
                88.5151,
                0.750055,
                372.247,
                45.4963,
                0.822814,
                340.91,
                11.3024,
                0.836341,
                432.86,
                175.577,
                0.543744,
                446.564,
                173.637,
                0.515568,
                446.558,
                258.748,
                0.744345,
                447.529,
                332.08,
                0.705244,
                418.167,
                175.607,
                0.530281,
                426.989,
                259.732,
                0.812755,
                435.813,
                330.161,
                0.743015,
                0,
                0,
                0,
                411.35,
                55.2743,
                0.134573,
                439.72,
                60.1992,
                0.216025,
                418.162,
                59.1941,
                0.916537,
                415.267,
                336.991,
                0.738489,
                419.204,
                338.975,
                0.781286,
                442.626,
                336.992,
                0.581074,
                425.012,
                336.017,
                0.0579559,
                0,
                0,
                0,
                450.478,
                337.973,
                0.612462
            ],
            "face_keypoints_2d": [],
            "hand_left_keypoints_2d": [],
            "hand_right_keypoints_2d": [],
            "pose_keypoints_3d": [],
            "face_keypoints_3d": [],
            "hand_left_keypoints_3d": [],
            "hand_right_keypoints_3d": []
        }
    ]
}