{
    "version": 1.3,
    "people": [
        {
            "person_id": [
                -1
            ],
            "pose_keypoints_2d": [
                333.084,
                164.84,
                0.48942,
                332.113,
                172.67,
                0.886564,
                322.317,
                172.673,
                0.831861,
                313.538,
                184.402,
                0.760243,
                316.416,
                199.058,
                0.436943,
                340.954,
                172.662,
                0.852844,
                350.683,
                183.443,
                0.728857,
                347.767,
                191.246,
                0.433662,
                331.142,
                199.05,
                0.889568,
                324.317,
                199.045,
                0.891061,
                325.254,
                215.718,
                0.92554,
                323.305,
                237.228,
                0.82788,
                336.992,
                199.067,
                0.845545,
                337.977,
                217.647,
                0.827967,
                336.007,
                239.148,
                0.824048,
                332.105,
                161.904,
                0.483564,
                334.068,
                161.902,
                0.428951,
                329.156,
                161.896,
                0.517845,
                336.041,
                161.913,
                0.287217,
                337.993,
                244.047,
                0.592355,
                339.947,
                241.141,
                0.649314,
                334.051,
                240.153,
                0.594896,
                326.227,
                240.188,
                0.68697,
                323.276,
                240.173,
                0.670196,
                323.286,
                238.212,
                0.667781
            ],
            "face_keypoints_2d": [],
            "hand_left_keypoints_2d": [],
            "hand_right_keypoints_2d": [],
            "pose_keypoints_3d": [],
            "face_keypoints_3d": [],
            "hand_left_keypoints_3d": [],
            "hand_right_keypoints_3d": []
        }
    ]
}