{
    "version": 1.3,
    "people": [
        {
            "person_id": [
                -1
            ],
            "pose_keypoints_2d": [
                0,
                0,
                0,
                433.832,
                88.5106,
                0.868037,
                456.342,
                89.4977,
                0.797964,
                472.999,
                65.042,
                0.675793,
                490.566,
                42.5175,
                0.840875,
                410.397,
                87.5353,
                0.74068,
                373.193,
                47.4574,
                0.760599,
                340.914,
                12.2479,
                0.827486,
                432.863,
                175.581,
                0.535755,
                446.569,
                173.64,
                0.509803,
                446.565,
                258.743,
                0.744525,
                448.501,
                332.077,
                0.714351,
                418.168,
                175.609,
                0.52246,
                426.988,
                259.734,
                0.813438,
                435.836,
                330.158,
                0.741391,
                0,
                0,
                0,
                411.355,
                55.2682,
                0.167629,
                437.761,
                61.1705,
                0.171944,
                418.179,
                59.1847,
                0.920982,
                416.216,
                336.993,
                0.739169,
                420.133,
                338.976,
                0.778886,
                442.654,
                336.99,
                0.584206,
                425.019,
                336.015,
                0.0552965,
                0,
                0,
                0,
                450.516,
                337.985,
                0.618015
            ],
            "face_keypoints_2d": [],
            "hand_left_keypoints_2d": [],
            "hand_right_keypoints_2d": [],
            "pose_keypoints_3d": [],
            "face_keypoints_3d": [],
            "hand_left_keypoints_3d": [],
            "hand_right_keypoints_3d": []
        }
    ]
}