{
    "version": 1.3,
    "people": [
        {
            "person_id": [
                -1
            ],
            "pose_keypoints_2d": [
                0,
                0,
                0,
                430.892,
                97.3272,
                0.819617,
                457.279,
                98.2964,
                0.814339,
                458.299,
                146.262,
                0.794986,
                459.263,
                185.4,
                0.762733,
                403.5,
                96.3455,
                0.752171,
                387.832,
                144.28,
                0.857104,
                372.244,
                192.272,
                0.742494,
                432.845,
                177.552,
                0.562454,
                446.571,
                176.563,
                0.549745,
                442.7,
                258.753,
                0.794707,
                443.618,
                331.134,
                0.755234,
                417.231,
                178.529,
                0.547586,
                426.009,
                258.751,
                0.807747,
                433.804,
                329.159,
                0.743629,
                0,
                0,
                0,
                410.363,
                59.1711,
                0.190677,
                439.694,
                65.9999,
                0.222002,
                416.249,
                60.1793,
                0.854437,
                411.316,
                335.063,
                0.714639,
                417.207,
                338.946,
                0.70007,
                436.787,
                335.03,
                0.586992,
                0,
                0,
                0,
                0,
                0,
                0,
                448.521,
                336.04,
                0.6863
            ],
            "face_keypoints_2d": [],
            "hand_left_keypoints_2d": [],
            "hand_right_keypoints_2d": [],
            "pose_keypoints_3d": [],
            "face_keypoints_3d": [],
            "hand_left_keypoints_3d": [],
            "hand_right_keypoints_3d": []
        }
    ]
}