{
    "version": 1.3,
    "people": [
        {
            "person_id": [
                -1
            ],
            "pose_keypoints_2d": [
                405.478,
                58.1842,
                0.141547,
                433.856,
                87.5649,
                0.839799,
                456.346,
                88.5463,
                0.814265,
                0,
                0,
                0,
                0,
                0,
                0,
                411.324,
                84.6128,
                0.760272,
                374.192,
                64.0799,
                0.770224,
                357.581,
                44.5504,
                0.814241,
                432.847,
                173.643,
                0.531967,
                447.525,
                171.676,
                0.522731,
                444.594,
                257.767,
                0.75157,
                446.564,
                330.138,
                0.714809,
                417.196,
                174.622,
                0.506172,
                426.059,
                258.727,
                0.808452,
                434.812,
                329.182,
                0.748227,
                0,
                0,
                0,
                410.341,
                53.3255,
                0.318026,
                441.692,
                60.1741,
                0.189674,
                419.212,
                58.174,
                0.898152,
                414.266,
                335.039,
                0.710846,
                419.176,
                337.994,
                0.743205,
                441.642,
                335.039,
                0.57742,
                424.074,
                332.135,
                0.0537498,
                0,
                0,
                0,
                450.459,
                335.034,
                0.677026
            ],
            "face_keypoints_2d": [],
            "hand_left_keypoints_2d": [],
            "hand_right_keypoints_2d": [],
            "pose_keypoints_3d": [],
            "face_keypoints_3d": [],
            "hand_left_keypoints_3d": [],
            "hand_right_keypoints_3d": []
        }
    ]
}