{
    "version": 1.3,
    "people": [
        {
            "person_id": [
                -1
            ],
            "pose_keypoints_2d": [
                409.377,
                73.8595,
                0.0779915,
                430.915,
                104.182,
                0.800669,
                456.328,
                104.206,
                0.797781,
                465.136,
                158.964,
                0.689424,
                457.277,
                184.4,
                0.266748,
                404.511,
                104.175,
                0.769376,
                397.636,
                152.108,
                0.837412,
                388.833,
                192.276,
                0.839861,
                434.831,
                184.399,
                0.62175,
                450.486,
                184.393,
                0.612644,
                451.434,
                261.692,
                0.817212,
                453.398,
                330.141,
                0.70517,
                419.169,
                184.415,
                0.591563,
                400.574,
                250.933,
                0.774367,
                429.941,
                309.589,
                0.777319,
                0,
                0,
                0,
                410.339,
                68.9884,
                0.243442,
                435.814,
                74.8019,
                0.163481,
                416.244,
                71.9112,
                0.843707,
                417.208,
                331.1,
                0.713957,
                419.165,
                329.191,
                0.741406,
                435.825,
                314.496,
                0.723862,
                433.823,
                332.138,
                0.338467,
                434.831,
                332.136,
                0.269686,
                457.318,
                338.937,
                0.648158
            ],
            "face_keypoints_2d": [],
            "hand_left_keypoints_2d": [],
            "hand_right_keypoints_2d": [],
            "pose_keypoints_3d": [],
            "face_keypoints_3d": [],
            "hand_left_keypoints_3d": [],
            "hand_right_keypoints_3d": []
        }
    ]
}