{
    "version": 1.3,
    "people": [
        {
            "person_id": [
                -1
            ],
            "pose_keypoints_2d": [
                0,
                0,
                0,
                433.859,
                86.577,
                0.859011,
                457.277,
                88.5039,
                0.784772,
                461.246,
                60.1625,
                0.734705,
                466.117,
                34.7098,
                0.890345,
                410.375,
                84.6313,
                0.729398,
                378.064,
                45.5044,
                0.702464,
                349.7,
                11.2554,
                0.75926,
                432.865,
                175.579,
                0.538065,
                447.514,
                173.642,
                0.51413,
                446.561,
                258.752,
                0.743583,
                447.544,
                332.081,
                0.709517,
                418.16,
                175.61,
                0.525714,
                426.982,
                259.704,
                0.812425,
                435.83,
                330.148,
                0.735538,
                0,
                0,
                0,
                411.396,
                54.3204,
                0.114274,
                441.67,
                60.1745,
                0.200321,
                418.215,
                59.1854,
                0.944255,
                416.216,
                336.04,
                0.73241,
                420.137,
                338.965,
                0.77215,
                442.647,
                336.984,
                0.563945,
                425.039,
                336.01,
                0.0620144,
                0,
                0,
                0,
                450.494,
                337.979,
                0.612162
            ],
            "face_keypoints_2d": [],
            "hand_left_keypoints_2d": [],
            "hand_right_keypoints_2d": [],
            "pose_keypoints_3d": [],
            "face_keypoints_3d": [],
            "hand_left_keypoints_3d": [],
            "hand_right_keypoints_3d": []
        }
    ]
}