{
    "version": 1.3,
    "people": [
        {
            "person_id": [
                -1
            ],
            "pose_keypoints_2d": [
                332.118,
                143.283,
                0.895353,
                332.056,
                153.065,
                0.934801,
                323.277,
                153.113,
                0.846802,
                311.565,
                144.313,
                0.525235,
                294.933,
                129.65,
                0.285398,
                339.922,
                152.102,
                0.903402,
                351.661,
                144.255,
                0.81242,
                364.377,
                135.487,
                0.743709,
                332.106,
                184.42,
                0.867931,
                325.235,
                184.428,
                0.87382,
                324.317,
                212.757,
                0.873291,
                324.274,
                237.202,
                0.86509,
                338.958,
                184.419,
                0.82013,
                338.957,
                211.793,
                0.837049,
                338.927,
                237.218,
                0.838635,
                330.148,
                139.43,
                0.845879,
                333.08,
                139.404,
                0.854706,
                325.225,
                143.336,
                0.862162,
                336.02,
                143.285,
                0.134435,
                338.969,
                242.109,
                0.691109,
                341.879,
                239.232,
                0.759047,
                336.019,
                238.239,
                0.688237,
                324.317,
                243.077,
                0.728241,
                319.417,
                240.192,
                0.707414,
                325.232,
                238.222,
                0.743856
            ],
            "face_keypoints_2d": [],
            "hand_left_keypoints_2d": [],
            "hand_right_keypoints_2d": [],
            "pose_keypoints_3d": [],
            "face_keypoints_3d": [],
            "hand_left_keypoints_3d": [],
            "hand_right_keypoints_3d": []
        }
    ]
}