{
    "version": 1.3,
    "people": [
        {
            "person_id": [
                -1
            ],
            "pose_keypoints_2d": [
                410.405,
                65.0302,
                0.105981,
                435.787,
                90.4544,
                0.886695,
                459.264,
                90.488,
                0.836622,
                486.676,
                80.6863,
                0.768519,
                510.131,
                66.9923,
                0.847864,
                412.32,
                89.5287,
                0.809415,
                371.233,
                64.0914,
                0.805375,
                336.033,
                42.5221,
                0.737499,
                434.844,
                176.57,
                0.583159,
                449.506,
                175.583,
                0.56185,
                449.51,
                261.682,
                0.839519,
                449.53,
                331.14,
                0.77082,
                420.177,
                177.552,
                0.528977,
                430.914,
                261.63,
                0.768571,
                437.739,
                330.148,
                0.7223,
                0,
                0,
                0,
                412.312,
                59.1708,
                0.298863,
                441.663,
                65.0291,
                0.142003,
                420.155,
                60.1685,
                0.874047,
                417.222,
                337.98,
                0.716055,
                421.116,
                339.901,
                0.739783,
                442.665,
                336.033,
                0.585975,
                0,
                0,
                0,
                0,
                0,
                0,
                452.435,
                337.013,
                0.652363
            ],
            "face_keypoints_2d": [],
            "hand_left_keypoints_2d": [],
            "hand_right_keypoints_2d": [],
            "pose_keypoints_3d": [],
            "face_keypoints_3d": [],
            "hand_left_keypoints_3d": [],
            "hand_right_keypoints_3d": []
        }
    ]
}