{
    "version": 1.3,
    "people": [
        {
            "person_id": [
                -1
            ],
            "pose_keypoints_2d": [
                333.076,
                166.813,
                0.576768,
                332.136,
                171.703,
                0.887906,
                323.272,
                171.704,
                0.83689,
                311.587,
                183.391,
                0.808761,
                301.809,
                192.225,
                0.657233,
                341.876,
                171.702,
                0.842656,
                351.686,
                183.412,
                0.762024,
                355.552,
                190.247,
                0.479517,
                332.088,
                199.052,
                0.912821,
                325.25,
                199.039,
                0.891398,
                325.292,
                215.747,
                0.910689,
                325.239,
                238.221,
                0.89993,
                337.99,
                199.069,
                0.859087,
                339.878,
                216.717,
                0.87238,
                337.988,
                239.147,
                0.867271,
                332.11,
                163.875,
                0.51681,
                334.062,
                164.823,
                0.472662,
                330.129,
                162.876,
                0.491132,
                336.996,
                163.864,
                0.323324,
                339.918,
                244.06,
                0.63904,
                340.923,
                241.15,
                0.671063,
                335.049,
                240.145,
                0.640059,
                330.158,
                243.079,
                0.723789,
                325.244,
                242.126,
                0.708836,
                325.266,
                239.192,
                0.691827
            ],
            "face_keypoints_2d": [],
            "hand_left_keypoints_2d": [],
            "hand_right_keypoints_2d": [],
            "pose_keypoints_3d": [],
            "face_keypoints_3d": [],
            "hand_left_keypoints_3d": [],
            "hand_right_keypoints_3d": []
        }
    ]
}