{
    "version": 1.3,
    "people": [
        {
            "person_id": [
                -1
            ],
            "pose_keypoints_2d": [
                0,
                0,
                0,
                411.309,
                118.856,
                0.86164,
                434.792,
                119.828,
                0.830462,
                444.596,
                164.822,
                0.804501,
                441.641,
                197.11,
                0.661087,
                386.904,
                117.893,
                0.799711,
                385.885,
                159.919,
                0.857354,
                381.032,
                199.034,
                0.860186,
                419.188,
                188.314,
                0.658764,
                433.873,
                186.369,
                0.642974,
                448.478,
                258.74,
                0.771308,
                465.144,
                325.282,
                0.790706,
                404.485,
                190.261,
                0.626145,
                386.931,
                251.908,
                0.858101,
                386.847,
                310.605,
                0.831247,
                0,
                0,
                0,
                387.845,
                91.4633,
                0.135249,
                414.277,
                91.4997,
                0.490241,
                393.71,
                90.546,
                0.901208,
                370.261,
                313.515,
                0.684138,
                372.2,
                316.408,
                0.803681,
                387.914,
                317.426,
                0.82171,
                442.633,
                335.067,
                0.686924,
                444.615,
                333.116,
                0.617425,
                470.056,
                333.095,
                0.713409
            ],
            "face_keypoints_2d": [],
            "hand_left_keypoints_2d": [],
            "hand_right_keypoints_2d": [],
            "pose_keypoints_3d": [],
            "face_keypoints_3d": [],
            "hand_left_keypoints_3d": [],
            "hand_right_keypoints_3d": []
        }
    ]
}