{
    "version": 1.3,
    "people": [
        {
            "person_id": [
                -1
            ],
            "pose_keypoints_2d": [
                0,
                0,
                0,
                325.232,
                179.527,
                0.874224,
                335.068,
                178.549,
                0.811389,
                340.91,
                192.258,
                0.361836,
                335.062,
                205.915,
                0.0655841,
                314.503,
                180.494,
                0.805332,
                304.728,
                197.113,
                0.725126,
                307.636,
                207.848,
                0.542238,
                325.253,
                212.786,
                0.831553,
                333.05,
                213.713,
                0.82369,
                332.074,
                238.183,
                0.849277,
                328.203,
                260.695,
                0.752299,
                317.472,
                213.729,
                0.822811,
                317.444,
                237.192,
                0.85662,
                318.418,
                260.666,
                0.79852,
                0,
                0,
                0,
                0,
                0,
                0,
                332.13,
                166.786,
                0.765715,
                320.378,
                166.806,
                0.701694,
                316.465,
                260.719,
                0.48753,
                315.466,
                261.667,
                0.538394,
                318.441,
                262.626,
                0.752589,
                327.22,
                261.66,
                0.335647,
                331.127,
                261.691,
                0.372808,
                327.237,
                262.637,
                0.68715
            ],
            "face_keypoints_2d": [],
            "hand_left_keypoints_2d": [],
            "hand_right_keypoints_2d": [],
            "pose_keypoints_3d": [],
            "face_keypoints_3d": [],
            "hand_left_keypoints_3d": [],
            "hand_right_keypoints_3d": []
        }
    ]
}