{
    "version": 1.3,
    "people": [
        {
            "person_id": [
                -1
            ],
            "pose_keypoints_2d": [
                0,
                0,
                0,
                381.029,
                98.2943,
                0.877247,
                404.532,
                98.362,
                0.801101,
                415.262,
                152.075,
                0.784055,
                412.334,
                184.394,
                0.718614,
                356.566,
                97.3514,
                0.831534,
                343.838,
                145.267,
                0.840406,
                333.101,
                191.277,
                0.858465,
                387.897,
                177.57,
                0.62759,
                402.557,
                176.581,
                0.61738,
                403.548,
                258.751,
                0.820491,
                404.526,
                329.164,
                0.744901,
                374.163,
                179.514,
                0.56788,
                383.97,
                261.707,
                0.791553,
                394.667,
                331.133,
                0.770858,
                0,
                0,
                0,
                355.564,
                79.7248,
                0.11011,
                382.01,
                73.8898,
                0.459131,
                361.466,
                75.8025,
                0.862699,
                373.217,
                339.961,
                0.841306,
                380.056,
                340.941,
                0.821415,
                397.667,
                337.019,
                0.662279,
                379.03,
                338.91,
                0.0850864,
                0,
                0,
                0,
                410.322,
                335.054,
                0.712747
            ],
            "face_keypoints_2d": [],
            "hand_left_keypoints_2d": [],
            "hand_right_keypoints_2d": [],
            "pose_keypoints_3d": [],
            "face_keypoints_3d": [],
            "hand_left_keypoints_3d": [],
            "hand_right_keypoints_3d": []
        }
    ]
}