{
    "version": 1.3,
    "people": [
        {
            "person_id": [
                -1
            ],
            "pose_keypoints_2d": [
                0,
                0,
                0,
                417.185,
                90.502,
                0.840614,
                442.699,
                92.4388,
                0.769069,
                449.481,
                152.082,
                0.776395,
                443.61,
                186.353,
                0.657497,
                387.842,
                89.5198,
                0.794189,
                373.177,
                144.284,
                0.872215,
                363.359,
                191.212,
                0.813763,
                417.194,
                182.443,
                0.546687,
                433.839,
                182.451,
                0.574333,
                438.732,
                271.487,
                0.677749,
                441.626,
                348.774,
                0.690239,
                397.644,
                181.476,
                0.504645,
                371.2,
                253.871,
                0.809457,
                347.729,
                314.507,
                0.793948,
                0,
                0,
                0,
                386.905,
                66.0499,
                0.12059,
                418.222,
                63.1092,
                0.301398,
                394.661,
                64.0997,
                0.881832,
                328.206,
                325.288,
                0.571966,
                332.119,
                325.309,
                0.666029,
                348.713,
                320.376,
                0.650946,
                425.05,
                357.549,
                0.233718,
                426.03,
                357.544,
                0.214468,
                442.62,
                357.56,
                0.521135
            ],
            "face_keypoints_2d": [],
            "hand_left_keypoints_2d": [],
            "hand_right_keypoints_2d": [],
            "pose_keypoints_3d": [],
            "face_keypoints_3d": [],
            "hand_left_keypoints_3d": [],
            "hand_right_keypoints_3d": []
        }
    ]
}