{
    "version": 1.3,
    "people": [
        {
            "person_id": [
                -1
            ],
            "pose_keypoints_2d": [
                0,
                0,
                0,
                425.987,
                96.3749,
                0.856816,
                449.529,
                97.309,
                0.842028,
                456.302,
                149.193,
                0.770101,
                448.529,
                185.388,
                0.645266,
                398.646,
                96.3549,
                0.75222,
                386.914,
                145.244,
                0.887021,
                378.044,
                186.376,
                0.766177,
                427.016,
                177.572,
                0.575187,
                441.687,
                176.574,
                0.565909,
                441.66,
                260.702,
                0.823386,
                441.646,
                331.111,
                0.747961,
                412.338,
                179.52,
                0.527229,
                421.116,
                260.701,
                0.766948,
                429.923,
                328.193,
                0.73789,
                0,
                0,
                0,
                400.569,
                66.9884,
                0.162157,
                427.993,
                66.0335,
                0.221638,
                406.451,
                66.0092,
                0.875645,
                409.394,
                336.038,
                0.753473,
                413.315,
                338.949,
                0.756654,
                434.828,
                335.036,
                0.623167,
                0,
                0,
                0,
                0,
                0,
                0,
                443.617,
                337.014,
                0.635319
            ],
            "face_keypoints_2d": [],
            "hand_left_keypoints_2d": [],
            "hand_right_keypoints_2d": [],
            "pose_keypoints_3d": [],
            "face_keypoints_3d": [],
            "hand_left_keypoints_3d": [],
            "hand_right_keypoints_3d": []
        }
    ]
}