{
    "version": 1.3,
    "people": [
        {
            "person_id": [
                -1
            ],
            "pose_keypoints_2d": [
                0,
                0,
                0,
                367.328,
                99.2869,
                0.820891,
                394.705,
                100.273,
                0.787867,
                411.357,
                152.103,
                0.875527,
                410.404,
                191.211,
                0.786768,
                339.944,
                99.3251,
                0.802858,
                324.26,
                151.117,
                0.866594,
                316.456,
                192.235,
                0.848233,
                379.072,
                180.482,
                0.589048,
                394.725,
                178.526,
                0.567085,
                395.725,
                260.688,
                0.806466,
                401.578,
                330.164,
                0.749033,
                363.428,
                182.431,
                0.587947,
                370.257,
                262.68,
                0.809872,
                377.092,
                333.056,
                0.790002,
                0,
                0,
                0,
                0,
                0,
                0,
                369.292,
                75.8399,
                0.39326,
                346.78,
                80.6823,
                0.855275,
                356.548,
                340.892,
                0.772969,
                362.413,
                340.96,
                0.778027,
                380.077,
                339.905,
                0.7941,
                387.864,
                333.094,
                0.310239,
                388.86,
                331.142,
                0.245624,
                403.495,
                337.976,
                0.703684
            ],
            "face_keypoints_2d": [],
            "hand_left_keypoints_2d": [],
            "hand_right_keypoints_2d": [],
            "pose_keypoints_3d": [],
            "face_keypoints_3d": [],
            "hand_left_keypoints_3d": [],
            "hand_right_keypoints_3d": []
        }
    ]
}