{
    "version": 1.3,
    "people": [
        {
            "person_id": [
                -1
            ],
            "pose_keypoints_2d": [
                380.105,
                75.8182,
                0.07286,
                408.411,
                97.2974,
                0.813887,
                433.811,
                97.3666,
                0.814827,
                438.738,
                152.083,
                0.757792,
                430.91,
                189.282,
                0.417947,
                381.018,
                95.3856,
                0.770075,
                370.228,
                144.272,
                0.848296,
                356.613,
                190.277,
                0.800998,
                411.374,
                176.591,
                0.605691,
                426.04,
                176.565,
                0.600172,
                427.956,
                258.742,
                0.796784,
                427.967,
                331.13,
                0.74118,
                397.636,
                177.571,
                0.542582,
                409.391,
                261.698,
                0.825042,
                418.202,
                331.125,
                0.782132,
                0,
                0,
                0,
                380.086,
                73.8595,
                0.202236,
                411.313,
                68.0002,
                0.158282,
                387.852,
                68.9849,
                0.877784,
                395.712,
                337.98,
                0.699544,
                402.501,
                339.915,
                0.721599,
                423.072,
                337.015,
                0.601844,
                0,
                0,
                0,
                0,
                0,
                0,
                432.85,
                337.968,
                0.633589
            ],
            "face_keypoints_2d": [],
            "hand_left_keypoints_2d": [],
            "hand_right_keypoints_2d": [],
            "pose_keypoints_3d": [],
            "face_keypoints_3d": [],
            "hand_left_keypoints_3d": [],
            "hand_right_keypoints_3d": []
        }
    ]
}