{
    "version": 1.3,
    "people": [
        {
            "person_id": [
                -1
            ],
            "pose_keypoints_2d": [
                386.857,
                74.8385,
                0.0557209,
                410.383,
                97.3061,
                0.880348,
                434.831,
                97.3667,
                0.831477,
                442.62,
                150.146,
                0.811777,
                439.686,
                185.386,
                0.651301,
                383.955,
                96.3325,
                0.754344,
                371.244,
                144.261,
                0.875449,
                359.495,
                189.281,
                0.744025,
                414.289,
                178.523,
                0.57426,
                427.041,
                176.579,
                0.589884,
                429.94,
                257.768,
                0.758143,
                429.944,
                330.157,
                0.703941,
                400.568,
                180.477,
                0.534506,
                410.366,
                261.665,
                0.860416,
                420.129,
                331.118,
                0.768957,
                0,
                0,
                0,
                385.908,
                72.9056,
                0.184306,
                412.324,
                67.9865,
                0.212238,
                391.781,
                68.9594,
                0.835117,
                399.621,
                337.01,
                0.706298,
                403.56,
                339.888,
                0.762628,
                426.019,
                337.96,
                0.651048,
                409.406,
                333.097,
                0.0539277,
                0,
                0,
                0,
                433.865,
                336.04,
                0.605708
            ],
            "face_keypoints_2d": [],
            "hand_left_keypoints_2d": [],
            "hand_right_keypoints_2d": [],
            "pose_keypoints_3d": [],
            "face_keypoints_3d": [],
            "hand_left_keypoints_3d": [],
            "hand_right_keypoints_3d": []
        }
    ]
}