{
    "version": 1.3,
    "people": [
        {
            "person_id": [
                -1
            ],
            "pose_keypoints_2d": [
                0,
                0,
                0,
                433.824,
                88.5009,
                0.862588,
                456.341,
                88.5403,
                0.799419,
                467.108,
                59.1862,
                0.686472,
                475.922,
                37.6828,
                0.798296,
                410.373,
                86.5957,
                0.734924,
                374.182,
                46.496,
                0.752211,
                344.827,
                11.2761,
                0.769462,
                432.86,
                174.622,
                0.546962,
                446.549,
                172.673,
                0.521177,
                446.554,
                258.751,
                0.74447,
                447.526,
                332.088,
                0.706095,
                418.171,
                175.601,
                0.535903,
                426.986,
                259.728,
                0.81667,
                435.827,
                330.155,
                0.737893,
                0,
                0,
                0,
                411.319,
                56.2568,
                0.10502,
                440.664,
                60.1762,
                0.244566,
                418.174,
                59.1954,
                0.919329,
                416.215,
                336.037,
                0.735444,
                420.135,
                338.964,
                0.774774,
                442.643,
                336.987,
                0.571478,
                425.031,
                336.018,
                0.0631691,
                0,
                0,
                0,
                450.481,
                337.985,
                0.609435
            ],
            "face_keypoints_2d": [],
            "hand_left_keypoints_2d": [],
            "hand_right_keypoints_2d": [],
            "pose_keypoints_3d": [],
            "face_keypoints_3d": [],
            "hand_left_keypoints_3d": [],
            "hand_right_keypoints_3d": []
        }
    ]
}