{
    "version": 1.3,
    "people": [
        {
            "person_id": [
                -1
            ],
            "pose_keypoints_2d": [
                345.786,
                197.104,
                0.0767306,
                343.866,
                192.209,
                0.874219,
                335.066,
                192.265,
                0.820399,
                332.059,
                204.923,
                0.780886,
                328.193,
                213.728,
                0.567179,
                353.625,
                191.268,
                0.832634,
                357.539,
                199.043,
                0.569456,
                354.599,
                206.867,
                0.395036,
                347.721,
                210.807,
                0.846336,
                340.924,
                210.822,
                0.832044,
                342.866,
                228.396,
                0.828485,
                346.759,
                246.991,
                0.900655,
                350.72,
                209.834,
                0.794484,
                355.547,
                227.423,
                0.852709,
                356.575,
                246.972,
                0.88289,
                340.003,
                190.279,
                0.0555845,
                346.8,
                192.247,
                0.0625305,
                340.009,
                185.407,
                0.0735301,
                348.717,
                193.205,
                0.0935685,
                356.597,
                251.88,
                0.671341,
                360.465,
                248.968,
                0.65165,
                356.541,
                247.98,
                0.6871,
                347.727,
                251.913,
                0.816684,
                342.876,
                250.907,
                0.764378,
                347.739,
                247.982,
                0.763505
            ],
            "face_keypoints_2d": [],
            "hand_left_keypoints_2d": [],
            "hand_right_keypoints_2d": [],
            "pose_keypoints_3d": [],
            "face_keypoints_3d": [],
            "hand_left_keypoints_3d": [],
            "hand_right_keypoints_3d": []
        }
    ]
}