{
    "version": 1.3,
    "people": [
        {
            "person_id": [
                -1
            ],
            "pose_keypoints_2d": [
                333.053,
                143.322,
                0.913738,
                333.062,
                153.128,
                0.95978,
                324.307,
                153.139,
                0.897167,
                311.564,
                148.194,
                0.513583,
                298.854,
                144.322,
                0.279411,
                340.938,
                153.103,
                0.918129,
                355.553,
                146.273,
                0.792492,
                368.294,
                142.322,
                0.697086,
                333.069,
                184.425,
                0.899044,
                326.253,
                184.425,
                0.861571,
                326.26,
                213.736,
                0.876436,
                325.299,
                238.169,
                0.884558,
                339.909,
                184.43,
                0.870744,
                339.905,
                213.727,
                0.87723,
                338.965,
                238.175,
                0.863595,
                332.058,
                141.354,
                0.869069,
                333.138,
                140.394,
                0.835603,
                326.236,
                144.309,
                0.819525,
                337.978,
                144.274,
                0.503353,
                339.898,
                242.126,
                0.627345,
                340.954,
                240.164,
                0.677169,
                337,
                239.147,
                0.686801,
                327.222,
                242.122,
                0.627078,
                324.284,
                240.195,
                0.666274,
                327.205,
                239.152,
                0.702571
            ],
            "face_keypoints_2d": [],
            "hand_left_keypoints_2d": [],
            "hand_right_keypoints_2d": [],
            "pose_keypoints_3d": [],
            "face_keypoints_3d": [],
            "hand_left_keypoints_3d": [],
            "hand_right_keypoints_3d": []
        }
    ]
}