{
    "version": 1.3,
    "people": [
        {
            "person_id": [
                -1
            ],
            "pose_keypoints_2d": [
                394.759,
                72.8765,
                0.0514709,
                423.071,
                97.3334,
                0.815565,
                448.502,
                97.3434,
                0.797224,
                451.444,
                148.221,
                0.790463,
                448.509,
                183.435,
                0.635146,
                396.664,
                97.3172,
                0.79726,
                385.918,
                145.245,
                0.869295,
                373.223,
                189.3,
                0.779016,
                426.01,
                180.48,
                0.585509,
                440.694,
                178.53,
                0.562706,
                439.7,
                259.712,
                0.75536,
                438.748,
                331.101,
                0.692909,
                410.396,
                182.436,
                0.563106,
                419.13,
                261.652,
                0.833217,
                427.963,
                329.184,
                0.755516,
                0,
                0,
                0,
                395.681,
                67.039,
                0.192547,
                426.037,
                67.0075,
                0.278349,
                402.57,
                66.0752,
                0.952173,
                408.403,
                337.01,
                0.739237,
                412.316,
                338.97,
                0.777774,
                433.833,
                335.057,
                0.652324,
                417.219,
                334.051,
                0.0568183,
                0,
                0,
                0,
                441.704,
                336.044,
                0.621083
            ],
            "face_keypoints_2d": [],
            "hand_left_keypoints_2d": [],
            "hand_right_keypoints_2d": [],
            "pose_keypoints_3d": [],
            "face_keypoints_3d": [],
            "hand_left_keypoints_3d": [],
            "hand_right_keypoints_3d": []
        }
    ]
}