{
    "version": 1.3,
    "people": [
        {
            "person_id": [
                -1
            ],
            "pose_keypoints_2d": [
                0,
                0,
                0,
                428.95,
                97.322,
                0.832204,
                455.357,
                98.2873,
                0.780124,
                458.299,
                145.319,
                0.812535,
                462.199,
                191.24,
                0.733308,
                403.5,
                96.3584,
                0.770196,
                386.93,
                144.295,
                0.845942,
                372.219,
                191.24,
                0.825653,
                431.88,
                177.558,
                0.538609,
                445.583,
                176.574,
                0.539683,
                442.683,
                259.708,
                0.814036,
                442.671,
                331.117,
                0.768652,
                417.188,
                178.53,
                0.534849,
                425.982,
                259.719,
                0.804154,
                432.862,
                328.19,
                0.735807,
                0,
                0,
                0,
                404.529,
                59.2293,
                0.175952,
                434.839,
                66.0217,
                0.423192,
                411.402,
                60.1644,
                0.882396,
                410.395,
                335.068,
                0.710424,
                417.185,
                338.936,
                0.697903,
                435.806,
                334.091,
                0.615455,
                0,
                0,
                0,
                0,
                0,
                0,
                447.534,
                336.023,
                0.681203
            ],
            "face_keypoints_2d": [],
            "hand_left_keypoints_2d": [],
            "hand_right_keypoints_2d": [],
            "pose_keypoints_3d": [],
            "face_keypoints_3d": [],
            "hand_left_keypoints_3d": [],
            "hand_right_keypoints_3d": []
        }
    ]
}