{
    "version": 1.3,
    "people": [
        {
            "person_id": [
                -1
            ],
            "pose_keypoints_2d": [
                0,
                0,
                0,
                369.282,
                100.267,
                0.802755,
                394.72,
                101.254,
                0.776156,
                412.322,
                151.129,
                0.823686,
                417.177,
                190.253,
                0.7634,
                340.903,
                100.283,
                0.791433,
                325.242,
                150.161,
                0.875366,
                316.461,
                196.124,
                0.766198,
                379.092,
                179.507,
                0.60758,
                394.744,
                176.586,
                0.599937,
                402.55,
                255.84,
                0.829807,
                416.217,
                328.192,
                0.727869,
                364.358,
                182.426,
                0.594184,
                369.285,
                268.508,
                0.752679,
                373.193,
                333.132,
                0.798562,
                0,
                0,
                0,
                0,
                0,
                0,
                370.225,
                77.7897,
                0.470702,
                346.798,
                81.6562,
                0.892585,
                354.597,
                340.925,
                0.719252,
                357.536,
                341.909,
                0.738976,
                379.029,
                340.892,
                0.823233,
                403.504,
                338.933,
                0.600011,
                405.473,
                336.041,
                0.476613,
                418.182,
                334.063,
                0.734571
            ],
            "face_keypoints_2d": [],
            "hand_left_keypoints_2d": [],
            "hand_right_keypoints_2d": [],
            "pose_keypoints_3d": [],
            "face_keypoints_3d": [],
            "hand_left_keypoints_3d": [],
            "hand_right_keypoints_3d": []
        }
    ]
}