{
    "version": 1.3,
    "people": [
        {
            "person_id": [
                -1
            ],
            "pose_keypoints_2d": [
                309.66,
                190.263,
                0.340491,
                308.602,
                193.235,
                0.848035,
                302.77,
                193.194,
                0.866261,
                300.817,
                205.891,
                0.898048,
                309.634,
                207.869,
                0.886289,
                310.589,
                193.245,
                0.793178,
                315.489,
                204.926,
                0.447267,
                317.417,
                207.9,
                0.477118,
                308.607,
                214.705,
                0.896944,
                303.756,
                214.697,
                0.847838,
                303.749,
                230.418,
                0.87763,
                294.965,
                246.975,
                0.841668,
                309.668,
                214.706,
                0.868193,
                311.592,
                231.329,
                0.851281,
                315.484,
                247.032,
                0.884893,
                309.601,
                188.302,
                0.321456,
                310.589,
                188.314,
                0.186058,
                308.576,
                187.344,
                0.45984,
                0,
                0,
                0,
                318.429,
                249.96,
                0.655431,
                319.377,
                248.967,
                0.663952,
                312.549,
                248.964,
                0.677334,
                300.774,
                250.911,
                0.627362,
                294.965,
                248.985,
                0.62232,
                294,
                247.032,
                0.709927
            ],
            "face_keypoints_2d": [],
            "hand_left_keypoints_2d": [],
            "hand_right_keypoints_2d": [],
            "pose_keypoints_3d": [],
            "face_keypoints_3d": [],
            "hand_left_keypoints_3d": [],
            "hand_right_keypoints_3d": []
        }
    ]
}