{
    "version": 1.3,
    "people": [
        {
            "person_id": [
                -1
            ],
            "pose_keypoints_2d": [
                0,
                0,
                0,
                371.245,
                120.773,
                0.914337,
                394.708,
                119.81,
                0.830172,
                410.365,
                152.101,
                0.889199,
                419.134,
                185.416,
                0.819974,
                347.742,
                120.858,
                0.868253,
                341.916,
                162.897,
                0.827523,
                340.923,
                199.108,
                0.804828,
                381.06,
                184.422,
                0.65801,
                395.67,
                183.43,
                0.683999,
                390.79,
                245.025,
                0.809306,
                402.491,
                298.844,
                0.771184,
                370.241,
                187.333,
                0.637667,
                372.25,
                246.062,
                0.848632,
                388.879,
                301.808,
                0.787261,
                0,
                0,
                0,
                0,
                0,
                0,
                373.223,
                96.3702,
                0.754944,
                354.614,
                97.2996,
                0.911172,
                379.067,
                318.414,
                0.73739,
                381.046,
                318.396,
                0.749555,
                395.673,
                308.626,
                0.791558,
                399.618,
                315.457,
                0.162295,
                403.528,
                310.588,
                0.147983,
                403.558,
                304.716,
                0.734293
            ],
            "face_keypoints_2d": [],
            "hand_left_keypoints_2d": [],
            "hand_right_keypoints_2d": [],
            "pose_keypoints_3d": [],
            "face_keypoints_3d": [],
            "hand_left_keypoints_3d": [],
            "hand_right_keypoints_3d": []
        }
    ]
}