{
    "version": 1.3,
    "people": [
        {
            "person_id": [
                -1
            ],
            "pose_keypoints_2d": [
                0,
                0,
                0,
                410.315,
                96.3788,
                0.843122,
                435.822,
                97.3511,
                0.794684,
                443.641,
                155.057,
                0.768356,
                440.707,
                199.073,
                0.693132,
                380.02,
                93.4394,
                0.777301,
                364.428,
                145.257,
                0.905973,
                353.631,
                194.188,
                0.708442,
                410.338,
                182.451,
                0.569634,
                426.042,
                180.493,
                0.566662,
                436.767,
                271.472,
                0.754486,
                442.665,
                348.78,
                0.720441,
                392.772,
                183.407,
                0.530623,
                372.237,
                264.629,
                0.755687,
                356.574,
                331.118,
                0.807999,
                0,
                0,
                0,
                380.087,
                73.8415,
                0.172279,
                411.345,
                67.0713,
                0.242959,
                387.844,
                68.9632,
                0.878236,
                337.973,
                339.968,
                0.742061,
                341.921,
                340.935,
                0.760179,
                361.441,
                337.963,
                0.685471,
                425.998,
                357.549,
                0.193737,
                426.992,
                357.547,
                0.173071,
                446.548,
                357.56,
                0.491375
            ],
            "face_keypoints_2d": [],
            "hand_left_keypoints_2d": [],
            "hand_right_keypoints_2d": [],
            "pose_keypoints_3d": [],
            "face_keypoints_3d": [],
            "hand_left_keypoints_3d": [],
            "hand_right_keypoints_3d": []
        }
    ]
}