{
    "version": 1.3,
    "people": [
        {
            "person_id": [
                -1
            ],
            "pose_keypoints_2d": [
                332.09,
                142.323,
                0.864832,
                331.126,
                153.076,
                0.916167,
                322.316,
                153.103,
                0.838783,
                309.613,
                143.295,
                0.682016,
                294.943,
                128.659,
                0.700309,
                339.897,
                152.138,
                0.907728,
                349.73,
                144.304,
                0.825582,
                361.45,
                135.496,
                0.657933,
                332.078,
                184.409,
                0.864927,
                325.221,
                184.417,
                0.874434,
                324.29,
                211.792,
                0.840853,
                324.236,
                235.253,
                0.795,
                337.994,
                184.406,
                0.807725,
                338.965,
                210.821,
                0.814608,
                337.971,
                236.229,
                0.778131,
                329.158,
                139.397,
                0.833231,
                333.052,
                138.454,
                0.845655,
                324.317,
                143.329,
                0.843467,
                335.06,
                143.295,
                0.201358,
                339.911,
                240.146,
                0.616572,
                341.894,
                239.165,
                0.66622,
                335.038,
                238.192,
                0.632038,
                324.316,
                240.148,
                0.689258,
                319.404,
                239.18,
                0.681521,
                324.284,
                237.242,
                0.673528
            ],
            "face_keypoints_2d": [],
            "hand_left_keypoints_2d": [],
            "hand_right_keypoints_2d": [],
            "pose_keypoints_3d": [],
            "face_keypoints_3d": [],
            "hand_left_keypoints_3d": [],
            "hand_right_keypoints_3d": []
        }
    ]
}