{
    "version": 1.3,
    "people": [
        {
            "person_id": [
                -1
            ],
            "pose_keypoints_2d": [
                0,
                0,
                0,
                425.969,
                97.3093,
                0.858037,
                449.519,
                97.3621,
                0.846502,
                455.339,
                150.164,
                0.771478,
                448.504,
                185.388,
                0.639916,
                397.672,
                96.3622,
                0.755948,
                386.896,
                145.252,
                0.878908,
                377.083,
                189.292,
                0.738533,
                427.006,
                178.541,
                0.578646,
                441.677,
                177.545,
                0.565331,
                441.66,
                261.667,
                0.841956,
                441.639,
                331.118,
                0.752285,
                412.335,
                180.488,
                0.533564,
                420.185,
                260.684,
                0.767989,
                428.978,
                328.21,
                0.736475,
                0,
                0,
                0,
                398.619,
                66.0407,
                0.172902,
                427.989,
                66.0522,
                0.235669,
                405.463,
                65.0754,
                0.863373,
                409.397,
                336.987,
                0.752172,
                413.311,
                338.955,
                0.759893,
                434.824,
                335.055,
                0.613372,
                0,
                0,
                0,
                0,
                0,
                0,
                442.697,
                337.97,
                0.637807
            ],
            "face_keypoints_2d": [],
            "hand_left_keypoints_2d": [],
            "hand_right_keypoints_2d": [],
            "pose_keypoints_3d": [],
            "face_keypoints_3d": [],
            "hand_left_keypoints_3d": [],
            "hand_right_keypoints_3d": []
        }
    ]
}