{
    "version": 1.3,
    "people": [
        {
            "person_id": [
                -1
            ],
            "pose_keypoints_2d": [
                411.384,
                66.0474,
                0.127268,
                435.785,
                97.322,
                0.850499,
                460.249,
                97.3764,
                0.763996,
                474.91,
                145.312,
                0.800308,
                489.597,
                184.446,
                0.825655,
                411.34,
                96.341,
                0.764574,
                381.025,
                140.398,
                0.762739,
                361.449,
                177.577,
                0.717618,
                438.718,
                177.551,
                0.532568,
                451.478,
                175.611,
                0.539842,
                450.483,
                259.721,
                0.805796,
                450.502,
                330.155,
                0.741769,
                424.054,
                179.511,
                0.519415,
                433.807,
                259.729,
                0.808934,
                441.612,
                329.166,
                0.744542,
                0,
                0,
                0,
                412.366,
                60.1626,
                0.281489,
                442.697,
                66.0265,
                0.146757,
                421.118,
                60.1903,
                0.841203,
                419.173,
                337.012,
                0.718256,
                425.992,
                339.904,
                0.728759,
                444.616,
                335.041,
                0.584507,
                0,
                0,
                0,
                0,
                0,
                0,
                456.316,
                335.049,
                0.653432
            ],
            "face_keypoints_2d": [],
            "hand_left_keypoints_2d": [],
            "hand_right_keypoints_2d": [],
            "pose_keypoints_3d": [],
            "face_keypoints_3d": [],
            "hand_left_keypoints_3d": [],
            "hand_right_keypoints_3d": []
        }
    ]
}