{
    "version": 1.3,
    "people": [
        {
            "person_id": [
                -1
            ],
            "pose_keypoints_2d": [
                0,
                0,
                0,
                419.197,
                97.3403,
                0.872874,
                444.589,
                97.3517,
                0.801329,
                449.496,
                152.088,
                0.84869,
                445.565,
                185.405,
                0.592503,
                394.698,
                97.3103,
                0.796214,
                380.018,
                144.319,
                0.902313,
                366.371,
                191.208,
                0.789727,
                423.084,
                177.563,
                0.554555,
                435.812,
                176.574,
                0.56572,
                435.807,
                257.767,
                0.772501,
                435.807,
                330.156,
                0.725442,
                409.363,
                179.508,
                0.539835,
                418.182,
                261.632,
                0.835534,
                426.041,
                328.193,
                0.757198,
                0,
                0,
                0,
                394.7,
                69.965,
                0.170243,
                422.107,
                67.0232,
                0.248832,
                400.592,
                67.0342,
                0.900313,
                404.517,
                336.988,
                0.688261,
                410.38,
                338.955,
                0.725687,
                430.904,
                334.099,
                0.611727,
                0,
                0,
                0,
                0,
                0,
                0,
                440.696,
                336.042,
                0.672706
            ],
            "face_keypoints_2d": [],
            "hand_left_keypoints_2d": [],
            "hand_right_keypoints_2d": [],
            "pose_keypoints_3d": [],
            "face_keypoints_3d": [],
            "hand_left_keypoints_3d": [],
            "hand_right_keypoints_3d": []
        }
    ]
}