{
    "version": 1.3,
    "people": [
        {
            "person_id": [
                -1
            ],
            "pose_keypoints_2d": [
                0,
                0,
                0,
                384.914,
                98.3159,
                0.850275,
                409.364,
                99.2922,
                0.783786,
                417.193,
                151.152,
                0.738873,
                416.215,
                186.346,
                0.581057,
                357.549,
                98.2913,
                0.831546,
                347.73,
                146.245,
                0.842945,
                337.01,
                193.21,
                0.762002,
                390.798,
                177.554,
                0.582536,
                403.551,
                176.572,
                0.597368,
                407.422,
                258.747,
                0.755459,
                410.339,
                329.164,
                0.764944,
                377.115,
                178.532,
                0.548303,
                386.891,
                261.668,
                0.860682,
                397.639,
                331.141,
                0.757163,
                0,
                0,
                0,
                0,
                0,
                0,
                385.898,
                73.8745,
                0.487345,
                363.366,
                75.8045,
                0.889216,
                378.066,
                339.954,
                0.821851,
                382.989,
                340.934,
                0.776747,
                403.533,
                337.983,
                0.686642,
                0,
                0,
                0,
                0,
                0,
                0,
                412.342,
                335.055,
                0.666905
            ],
            "face_keypoints_2d": [],
            "hand_left_keypoints_2d": [],
            "hand_right_keypoints_2d": [],
            "pose_keypoints_3d": [],
            "face_keypoints_3d": [],
            "hand_left_keypoints_3d": [],
            "hand_right_keypoints_3d": []
        }
    ]
}