{
    "version": 1.3,
    "people": [
        {
            "person_id": [
                -1
            ],
            "pose_keypoints_2d": [
                333.052,
                152.114,
                0.92999,
                333.077,
                160.93,
                0.938998,
                325.248,
                160.945,
                0.913082,
                327.223,
                176.545,
                0.630209,
                336.008,
                176.592,
                0.332146,
                340.931,
                160.914,
                0.886306,
                340.91,
                175.639,
                0.544,
                333.078,
                175.59,
                0.309948,
                333.116,
                189.282,
                0.840077,
                328.193,
                189.278,
                0.78131,
                326.273,
                214.684,
                0.868705,
                325.268,
                238.205,
                0.886454,
                339.925,
                189.289,
                0.840351,
                338.957,
                214.712,
                0.909773,
                339.906,
                238.194,
                0.919756,
                332.063,
                150.17,
                0.863225,
                334.052,
                150.162,
                0.845269,
                327.203,
                152.08,
                0.616512,
                338.921,
                151.153,
                0.588288,
                339.958,
                241.153,
                0.663389,
                341.919,
                239.227,
                0.694741,
                338.943,
                239.179,
                0.7285,
                326.272,
                242.119,
                0.612667,
                324.255,
                241.139,
                0.618392,
                326.257,
                239.2,
                0.655124
            ],
            "face_keypoints_2d": [],
            "hand_left_keypoints_2d": [],
            "hand_right_keypoints_2d": [],
            "pose_keypoints_3d": [],
            "face_keypoints_3d": [],
            "hand_left_keypoints_3d": [],
            "hand_right_keypoints_3d": []
        }
    ]
}