{
    "version": 1.3,
    "people": [
        {
            "person_id": [
                -1
            ],
            "pose_keypoints_2d": [
                0,
                0,
                0,
                338.948,
                159.964,
                0.902656,
                356.574,
                159.963,
                0.889611,
                367.34,
                182.459,
                0.814544,
                371.226,
                205.894,
                0.859444,
                318.428,
                159.99,
                0.887237,
                311.594,
                189.298,
                0.789454,
                323.308,
                199.039,
                0.269563,
                339.977,
                202.02,
                0.804261,
                349.712,
                202.004,
                0.739361,
                340.96,
                240.154,
                0.835843,
                337.956,
                277.296,
                0.797832,
                332.051,
                202.998,
                0.764858,
                336.044,
                240.158,
                0.783136,
                351.663,
                259.707,
                0.663153,
                0,
                0,
                0,
                0,
                0,
                0,
                347.715,
                141.372,
                0.778313,
                331.147,
                140.388,
                0.781453,
                357.542,
                275.354,
                0.603195,
                356.605,
                271.47,
                0.65375,
                354.6,
                257.754,
                0.418511,
                333.064,
                279.309,
                0.671686,
                337.011,
                280.254,
                0.602137,
                336.034,
                280.25,
                0.727265
            ],
            "face_keypoints_2d": [],
            "hand_left_keypoints_2d": [],
            "hand_right_keypoints_2d": [],
            "pose_keypoints_3d": [],
            "face_keypoints_3d": [],
            "hand_left_keypoints_3d": [],
            "hand_right_keypoints_3d": []
        }
    ]
}