{
    "version": 1.3,
    "people": [
        {
            "person_id": [
                -1
            ],
            "pose_keypoints_2d": [
                380.064,
                75.8162,
                0.0733542,
                407.439,
                97.3269,
                0.81531,
                432.87,
                98.2929,
                0.794726,
                434.877,
                152.131,
                0.821646,
                432.848,
                190.28,
                0.591488,
                380.08,
                96.3245,
                0.777312,
                369.27,
                144.262,
                0.847654,
                356.561,
                189.294,
                0.806152,
                411.315,
                177.55,
                0.6198,
                425.978,
                176.563,
                0.584437,
                427.025,
                258.753,
                0.813561,
                427.013,
                330.145,
                0.747113,
                396.66,
                178.539,
                0.557555,
                409.357,
                261.704,
                0.808367,
                418.143,
                329.164,
                0.745101,
                0,
                0,
                0,
                380.034,
                73.847,
                0.195262,
                410.333,
                68.0294,
                0.161746,
                386.912,
                68.9731,
                0.897468,
                395.705,
                337.965,
                0.716885,
                402.507,
                339.898,
                0.73125,
                421.127,
                335.063,
                0.607455,
                0,
                0,
                0,
                0,
                0,
                0,
                431.863,
                336.026,
                0.622433
            ],
            "face_keypoints_2d": [],
            "hand_left_keypoints_2d": [],
            "hand_right_keypoints_2d": [],
            "pose_keypoints_3d": [],
            "face_keypoints_3d": [],
            "hand_left_keypoints_3d": [],
            "hand_right_keypoints_3d": []
        }
    ]
}