{
    "version": 1.3,
    "people": [
        {
            "person_id": [
                -1
            ],
            "pose_keypoints_2d": [
                411.411,
                65.9843,
                0.0613129,
                435.822,
                97.3195,
                0.850106,
                460.272,
                97.3535,
                0.780074,
                471.011,
                150.155,
                0.774029,
                477.867,
                191.255,
                0.793569,
                411.371,
                96.3416,
                0.769611,
                393.749,
                143.323,
                0.782858,
                374.187,
                190.264,
                0.762136,
                437.765,
                177.545,
                0.530835,
                452.412,
                176.559,
                0.544447,
                450.492,
                259.733,
                0.808252,
                451.439,
                331.141,
                0.741982,
                424.042,
                178.536,
                0.518354,
                433.807,
                259.704,
                0.809305,
                441.635,
                330.133,
                0.749707,
                0,
                0,
                0,
                415.27,
                59.208,
                0.202884,
                443.655,
                66.0041,
                0.225986,
                421.142,
                60.1918,
                0.841671,
                419.179,
                336.988,
                0.711362,
                425.993,
                339.894,
                0.729047,
                445.57,
                335.066,
                0.577902,
                0,
                0,
                0,
                0,
                0,
                0,
                456.333,
                337,
                0.67
            ],
            "face_keypoints_2d": [],
            "hand_left_keypoints_2d": [],
            "hand_right_keypoints_2d": [],
            "pose_keypoints_3d": [],
            "face_keypoints_3d": [],
            "hand_left_keypoints_3d": [],
            "hand_right_keypoints_3d": []
        }
    ]
}