{
    "version": 1.3,
    "people": [
        {
            "person_id": [
                -1
            ],
            "pose_keypoints_2d": [
                410.328,
                63.0981,
                0.0525571,
                430.914,
                95.3843,
                0.76321,
                456.332,
                95.3799,
                0.766907,
                0,
                0,
                0,
                0,
                0,
                0,
                403.527,
                96.3477,
                0.737488,
                383.962,
                144.318,
                0.737821,
                363.386,
                185.401,
                0.802604,
                433.842,
                175.612,
                0.587594,
                449.451,
                174.611,
                0.541233,
                443.642,
                257.784,
                0.759257,
                442.694,
                332.085,
                0.737938,
                418.211,
                177.55,
                0.567514,
                426.044,
                258.733,
                0.798639,
                433.847,
                330.139,
                0.748945,
                0,
                0,
                0,
                411.356,
                58.21,
                0.217448,
                441.621,
                65.0726,
                0.202197,
                419.133,
                59.1981,
                0.931882,
                411.323,
                335.054,
                0.737559,
                417.218,
                338.952,
                0.714804,
                439.698,
                335.07,
                0.566569,
                0,
                0,
                0,
                0,
                0,
                0,
                448.522,
                337.968,
                0.65605
            ],
            "face_keypoints_2d": [],
            "hand_left_keypoints_2d": [],
            "hand_right_keypoints_2d": [],
            "pose_keypoints_3d": [],
            "face_keypoints_3d": [],
            "hand_left_keypoints_3d": [],
            "hand_right_keypoints_3d": []
        }
    ]
}