{
    "version": 1.3,
    "people": [
        {
            "person_id": [
                -1
            ],
            "pose_keypoints_2d": [
                333.087,
                162.871,
                0.231279,
                333.044,
                168.799,
                0.94182,
                323.317,
                168.781,
                0.902357,
                310.605,
                179.508,
                0.77378,
                302.759,
                185.411,
                0.588585,
                341.904,
                169.719,
                0.871729,
                354.581,
                176.622,
                0.824436,
                363.377,
                183.434,
                0.813594,
                332.09,
                196.127,
                0.850488,
                325.245,
                195.179,
                0.830752,
                325.296,
                215.701,
                0.888572,
                326.232,
                238.2,
                0.824216,
                337.985,
                196.142,
                0.806356,
                338.945,
                215.733,
                0.862394,
                338.922,
                238.204,
                0.865047,
                332.137,
                160.939,
                0.208749,
                334.082,
                160.958,
                0.192827,
                330.165,
                160.915,
                0.300849,
                337.963,
                160.954,
                0.264342,
                339.905,
                242.103,
                0.598915,
                340.935,
                240.152,
                0.66373,
                336.986,
                239.181,
                0.630639,
                331.127,
                242.098,
                0.68283,
                325.282,
                241.131,
                0.649246,
                327.208,
                239.185,
                0.631971
            ],
            "face_keypoints_2d": [],
            "hand_left_keypoints_2d": [],
            "hand_right_keypoints_2d": [],
            "pose_keypoints_3d": [],
            "face_keypoints_3d": [],
            "hand_left_keypoints_3d": [],
            "hand_right_keypoints_3d": []
        }
    ]
}