{
    "version": 1.3,
    "people": [
        {
            "person_id": [
                -1
            ],
            "pose_keypoints_2d": [
                393.755,
                74.8169,
                0.0750845,
                418.23,
                96.3256,
                0.858473,
                442.693,
                97.324,
                0.819586,
                449.49,
                146.281,
                0.832786,
                444.59,
                184.407,
                0.696279,
                392.755,
                93.4431,
                0.739226,
                380.001,
                143.335,
                0.874871,
                366.368,
                186.369,
                0.726885,
                421.133,
                176.563,
                0.58516,
                434.826,
                175.589,
                0.603142,
                434.851,
                256.794,
                0.8015,
                435.79,
                328.2,
                0.739461,
                407.437,
                176.594,
                0.534659,
                418.145,
                260.715,
                0.815111,
                425.987,
                328.194,
                0.75558,
                0,
                0,
                0,
                393.707,
                70.9437,
                0.198429,
                420.178,
                67.0475,
                0.171206,
                397.663,
                67.0539,
                0.872188,
                403.557,
                337.004,
                0.695498,
                410.346,
                338.973,
                0.72714,
                428.958,
                335.031,
                0.641104,
                0,
                0,
                0,
                0,
                0,
                0,
                440.659,
                335.035,
                0.669785
            ],
            "face_keypoints_2d": [],
            "hand_left_keypoints_2d": [],
            "hand_right_keypoints_2d": [],
            "pose_keypoints_3d": [],
            "face_keypoints_3d": [],
            "hand_left_keypoints_3d": [],
            "hand_right_keypoints_3d": []
        }
    ]
}