{
    "version": 1.3,
    "people": [
        {
            "person_id": [
                -1
            ],
            "pose_keypoints_2d": [
                0,
                0,
                0,
                332.097,
                154.108,
                0.893452,
                348.75,
                153.14,
                0.897809,
                362.414,
                181.454,
                0.799158,
                357.558,
                207.856,
                0.734345,
                313.513,
                157.976,
                0.799065,
                308.676,
                186.347,
                0.8759,
                308.6,
                208.841,
                0.817704,
                339.901,
                202.987,
                0.749893,
                348.772,
                201.044,
                0.753098,
                347.765,
                247.974,
                0.885271,
                360.48,
                262.674,
                0.749179,
                328.182,
                204.936,
                0.699033,
                325.24,
                248.972,
                0.857331,
                337.003,
                290.064,
                0.784472,
                0,
                0,
                0,
                0,
                0,
                0,
                334.099,
                136.489,
                0.74625,
                317.474,
                136.504,
                0.90464,
                336.015,
                292.979,
                0.485058,
                333.081,
                293.947,
                0.677004,
                339.905,
                293.966,
                0.850334,
                363.416,
                283.199,
                0.782474,
                366.335,
                280.266,
                0.692126,
                0,
                0,
                0
            ],
            "face_keypoints_2d": [],
            "hand_left_keypoints_2d": [],
            "hand_right_keypoints_2d": [],
            "pose_keypoints_3d": [],
            "face_keypoints_3d": [],
            "hand_left_keypoints_3d": [],
            "hand_right_keypoints_3d": []
        }
    ]
}