{
    "version": 1.3,
    "people": [
        {
            "person_id": [
                -1
            ],
            "pose_keypoints_2d": [
                266.576,
                193.214,
                0.214765,
                262.661,
                200.061,
                0.780694,
                261.69,
                200.08,
                0.874102,
                263.619,
                213.73,
                0.853752,
                273.436,
                215.674,
                0.823839,
                263.674,
                200.018,
                0.735932,
                269.468,
                208.887,
                0.205954,
                277.293,
                214.709,
                0.202979,
                267.535,
                221.568,
                0.753441,
                264.607,
                221.569,
                0.814681,
                269.481,
                238.196,
                0.888384,
                269.455,
                254.795,
                0.806938,
                269.463,
                221.537,
                0.759562,
                269.524,
                238.196,
                0.835434,
                262.69,
                249.95,
                0.5667,
                264.617,
                192.241,
                0.209555,
                0,
                0,
                0,
                262.682,
                192.267,
                0.455236,
                0,
                0,
                0,
                263.65,
                253.859,
                0.299924,
                265.605,
                253.817,
                0.274573,
                260.701,
                250.916,
                0.409701,
                271.493,
                255.844,
                0.543251,
                269.533,
                256.783,
                0.577959,
                266.58,
                254.869,
                0.650747
            ],
            "face_keypoints_2d": [],
            "hand_left_keypoints_2d": [],
            "hand_right_keypoints_2d": [],
            "pose_keypoints_3d": [],
            "face_keypoints_3d": [],
            "hand_left_keypoints_3d": [],
            "hand_right_keypoints_3d": []
        }
    ]
}