{
    "version": 1.3,
    "people": [
        {
            "person_id": [
                -1
            ],
            "pose_keypoints_2d": [
                332.117,
                183.418,
                0.517089,
                332.148,
                181.482,
                0.892148,
                323.311,
                181.476,
                0.838451,
                317.43,
                192.265,
                0.863352,
                317.421,
                206.881,
                0.598716,
                340.972,
                181.441,
                0.854844,
                348.791,
                189.308,
                0.786071,
                348.71,
                197.13,
                0.606664,
                332.125,
                200.042,
                0.919871,
                325.285,
                200.031,
                0.873588,
                326.27,
                220.572,
                0.86475,
                324.3,
                240.148,
                0.88338,
                338.948,
                200.057,
                0.869774,
                339.878,
                221.566,
                0.917498,
                334.094,
                240.185,
                0.854336,
                331.148,
                182.409,
                0.40905,
                333.107,
                182.424,
                0.441928,
                326.259,
                178.526,
                0.358425,
                337.967,
                178.524,
                0.4373,
                338.924,
                246.039,
                0.707615,
                339.936,
                245.972,
                0.746903,
                333.088,
                244.058,
                0.675717,
                326.249,
                246.001,
                0.732468,
                324.251,
                245.067,
                0.725345,
                324.303,
                243.091,
                0.689453
            ],
            "face_keypoints_2d": [],
            "hand_left_keypoints_2d": [],
            "hand_right_keypoints_2d": [],
            "pose_keypoints_3d": [],
            "face_keypoints_3d": [],
            "hand_left_keypoints_3d": [],
            "hand_right_keypoints_3d": []
        }
    ]
}