{
    "version": 1.3,
    "people": [
        {
            "person_id": [
                -1
            ],
            "pose_keypoints_2d": [
                0,
                0,
                0,
                372.19,
                94.4218,
                0.844223,
                407.425,
                92.4679,
                0.714019,
                422.117,
                149.179,
                0.734549,
                425.033,
                200.068,
                0.755976,
                334.077,
                96.3508,
                0.715456,
                316.467,
                152.086,
                0.837067,
                299.833,
                204.945,
                0.768376,
                378.095,
                186.358,
                0.519922,
                396.666,
                185.379,
                0.510831,
                414.267,
                280.269,
                0.753719,
                427.043,
                357.568,
                0.725789,
                356.544,
                187.34,
                0.507745,
                339.925,
                278.326,
                0.803976,
                320.381,
                357.561,
                0.702351,
                0,
                0,
                0,
                0,
                0,
                0,
                379.102,
                64.0884,
                0.789367,
                347.797,
                64.0587,
                0.873382,
                317.432,
                357.59,
                0.0899875,
                0,
                0,
                0,
                317.452,
                357.57,
                0.457216,
                426.026,
                357.579,
                0.15197,
                427.02,
                357.583,
                0.139132,
                428.954,
                357.58,
                0.36888
            ],
            "face_keypoints_2d": [],
            "hand_left_keypoints_2d": [],
            "hand_right_keypoints_2d": [],
            "pose_keypoints_3d": [],
            "face_keypoints_3d": [],
            "hand_left_keypoints_3d": [],
            "hand_right_keypoints_3d": []
        }
    ]
}