{
    "version": 1.3,
    "people": [
        {
            "person_id": [
                -1
            ],
            "pose_keypoints_2d": [
                284.165,
                193.242,
                0.430694,
                280.262,
                200.044,
                0.713418,
                278.358,
                200.032,
                0.876634,
                282.219,
                208.891,
                0.799281,
                292.936,
                215.728,
                0.85467,
                284.161,
                200.031,
                0.702963,
                285.193,
                208.847,
                0.107419,
                0,
                0,
                0,
                285.111,
                218.65,
                0.828802,
                282.206,
                218.648,
                0.790469,
                283.181,
                235.28,
                0.71944,
                279.315,
                253.818,
                0.744655,
                286.128,
                217.676,
                0.811596,
                292.947,
                235.264,
                0.760603,
                291.991,
                253.811,
                0.707711,
                282.219,
                192.262,
                0.44769,
                284.158,
                192.265,
                0.209585,
                279.283,
                194.171,
                0.534335,
                0,
                0,
                0,
                293.991,
                254.821,
                0.439863,
                294.011,
                253.886,
                0.485399,
                289.069,
                253.866,
                0.565746,
                284.19,
                254.829,
                0.535983,
                279.318,
                254.83,
                0.513107,
                279.321,
                253.875,
                0.633334
            ],
            "face_keypoints_2d": [],
            "hand_left_keypoints_2d": [],
            "hand_right_keypoints_2d": [],
            "pose_keypoints_3d": [],
            "face_keypoints_3d": [],
            "hand_left_keypoints_3d": [],
            "hand_right_keypoints_3d": []
        }
    ]
}