{
    "version": 1.3,
    "people": [
        {
            "person_id": [
                -1
            ],
            "pose_keypoints_2d": [
                333.067,
                168.755,
                0.710574,
                332.134,
                174.599,
                0.921021,
                322.338,
                174.587,
                0.863639,
                312.561,
                184.408,
                0.84038,
                309.653,
                196.144,
                0.667014,
                341.88,
                174.587,
                0.866779,
                350.714,
                183.466,
                0.8396,
                356.606,
                192.223,
                0.805181,
                331.135,
                199.033,
                0.901853,
                324.301,
                199.021,
                0.896068,
                325.266,
                216.669,
                0.912245,
                324.287,
                239.138,
                0.898015,
                336.038,
                199.058,
                0.859332,
                338.95,
                218.627,
                0.863116,
                336.998,
                239.179,
                0.850389,
                332.092,
                167.754,
                0.652108,
                333.146,
                167.754,
                0.635656,
                329.163,
                166.793,
                0.508715,
                336.996,
                167.721,
                0.45498,
                338.939,
                245.03,
                0.660734,
                340.875,
                243.089,
                0.709483,
                335.03,
                241.119,
                0.618238,
                326.256,
                244.066,
                0.718868,
                323.321,
                243.101,
                0.707553,
                324.302,
                240.142,
                0.658425
            ],
            "face_keypoints_2d": [],
            "hand_left_keypoints_2d": [],
            "hand_right_keypoints_2d": [],
            "pose_keypoints_3d": [],
            "face_keypoints_3d": [],
            "hand_left_keypoints_3d": [],
            "hand_right_keypoints_3d": []
        }
    ]
}