{
    "version": 1.3,
    "people": [
        {
            "person_id": [
                -1
            ],
            "pose_keypoints_2d": [
                410.391,
                65.0447,
                0.0894408,
                435.792,
                90.4593,
                0.879107,
                458.335,
                90.4805,
                0.828529,
                486.669,
                82.699,
                0.706195,
                512.079,
                73.8217,
                0.793977,
                412.314,
                89.5313,
                0.809993,
                371.198,
                67.0553,
                0.757893,
                333.072,
                48.4323,
                0.717008,
                434.835,
                174.629,
                0.57504,
                449.509,
                172.667,
                0.55807,
                449.519,
                261.683,
                0.839154,
                449.527,
                331.133,
                0.769102,
                420.156,
                175.604,
                0.531206,
                430.899,
                260.67,
                0.749215,
                437.752,
                330.143,
                0.722447,
                0,
                0,
                0,
                412.337,
                59.1654,
                0.250355,
                441.669,
                65.04,
                0.138318,
                420.164,
                60.1814,
                0.85666,
                417.226,
                337.974,
                0.729662,
                421.138,
                339.901,
                0.750478,
                442.674,
                336.031,
                0.585458,
                0,
                0,
                0,
                0,
                0,
                0,
                452.442,
                337.013,
                0.646713
            ],
            "face_keypoints_2d": [],
            "hand_left_keypoints_2d": [],
            "hand_right_keypoints_2d": [],
            "pose_keypoints_3d": [],
            "face_keypoints_3d": [],
            "hand_left_keypoints_3d": [],
            "hand_right_keypoints_3d": []
        }
    ]
}