{
    "version": 1.3,
    "people": [
        {
            "person_id": [
                -1
            ],
            "pose_keypoints_2d": [
                0,
                0,
                0,
                432.837,
                85.5864,
                0.786656,
                452.444,
                88.5472,
                0.793056,
                440.702,
                45.5071,
                0.729623,
                427.999,
                13.2389,
                0.825905,
                410.34,
                82.6582,
                0.805113,
                390.788,
                36.6799,
                0.759269,
                381.035,
                2.91435,
                0.569884,
                432.849,
                172.655,
                0.539724,
                446.546,
                170.696,
                0.521078,
                446.542,
                257.752,
                0.739403,
                447.516,
                332.071,
                0.719989,
                418.145,
                173.644,
                0.526808,
                426.974,
                258.726,
                0.797571,
                435.788,
                330.168,
                0.747887,
                0,
                0,
                0,
                0,
                0,
                0,
                441.678,
                65.0715,
                0.4559,
                419.135,
                59.1483,
                0.950614,
                416.229,
                336.025,
                0.720387,
                420.153,
                338.958,
                0.754184,
                441.679,
                336.998,
                0.588995,
                425.06,
                335.05,
                0.0619145,
                0,
                0,
                0,
                450.46,
                337.963,
                0.653398
            ],
            "face_keypoints_2d": [],
            "hand_left_keypoints_2d": [],
            "hand_right_keypoints_2d": [],
            "pose_keypoints_3d": [],
            "face_keypoints_3d": [],
            "hand_left_keypoints_3d": [],
            "hand_right_keypoints_3d": []
        }
    ]
}