{
    "version": 1.3,
    "people": [
        {
            "person_id": [
                -1
            ],
            "pose_keypoints_2d": [
                0,
                0,
                0,
                349.7,
                152.141,
                0.903025,
                372.203,
                152.136,
                0.851062,
                386.932,
                184.381,
                0.876571,
                387.86,
                213.748,
                0.796799,
                326.274,
                152.149,
                0.857242,
                324.285,
                189.271,
                0.852093,
                324.3,
                219.606,
                0.759983,
                363.37,
                204.942,
                0.700901,
                372.259,
                201.999,
                0.669709,
                360.488,
                256.784,
                0.720935,
                362.398,
                302.766,
                0.79388,
                350.698,
                205.937,
                0.665372,
                360.481,
                260.703,
                0.770029,
                386.878,
                288.081,
                0.824796,
                0,
                0,
                0,
                0,
                0,
                0,
                355.567,
                130.588,
                0.836555,
                337.01,
                129.657,
                0.828218,
                398.636,
                315.487,
                0.73005,
                400.598,
                311.553,
                0.655677,
                391.787,
                287.103,
                0.625186,
                349.726,
                306.655,
                0.561864,
                353.619,
                303.755,
                0.499776,
                363.408,
                308.644,
                0.798699
            ],
            "face_keypoints_2d": [],
            "hand_left_keypoints_2d": [],
            "hand_right_keypoints_2d": [],
            "pose_keypoints_3d": [],
            "face_keypoints_3d": [],
            "hand_left_keypoints_3d": [],
            "hand_right_keypoints_3d": []
        }
    ]
}