{
    "version": 1.3,
    "people": [
        {
            "person_id": [
                -1
            ],
            "pose_keypoints_2d": [
                0,
                0,
                0,
                370.227,
                120.854,
                0.889359,
                390.819,
                120.775,
                0.796348,
                409.369,
                153.064,
                0.853253,
                419.189,
                190.263,
                0.828268,
                346.752,
                121.836,
                0.822679,
                340.891,
                164.831,
                0.865976,
                339.929,
                201.061,
                0.757005,
                380.08,
                184.418,
                0.673348,
                394.704,
                183.422,
                0.657463,
                386.913,
                246.969,
                0.880543,
                387.892,
                297.877,
                0.73716,
                369.26,
                186.362,
                0.620111,
                372.197,
                249.926,
                0.818972,
                392.754,
                303.741,
                0.782476,
                0,
                0,
                0,
                347.79,
                98.2936,
                0.076734,
                371.228,
                98.309,
                0.401446,
                353.642,
                98.3207,
                0.897493,
                379.086,
                318.428,
                0.764628,
                382.005,
                318.398,
                0.766696,
                396.668,
                309.592,
                0.804655,
                375.148,
                316.477,
                0.136821,
                379.096,
                313.499,
                0.185361,
                391.79,
                301.814,
                0.230713
            ],
            "face_keypoints_2d": [],
            "hand_left_keypoints_2d": [],
            "hand_right_keypoints_2d": [],
            "pose_keypoints_3d": [],
            "face_keypoints_3d": [],
            "hand_left_keypoints_3d": [],
            "hand_right_keypoints_3d": []
        }
    ]
}