{
    "version": 1.3,
    "people": [
        {
            "person_id": [
                -1
            ],
            "pose_keypoints_2d": [
                337.952,
                186.359,
                0.578467,
                337.963,
                184.421,
                0.895723,
                324.304,
                188.31,
                0.786505,
                324.336,
                203.975,
                0.894247,
                325.239,
                221.568,
                0.758793,
                347.72,
                182.443,
                0.887011,
                361.435,
                175.642,
                0.829511,
                372.205,
                171.674,
                0.657487,
                339.924,
                206.939,
                0.95299,
                333.099,
                207.869,
                0.907739,
                332.147,
                225.508,
                0.822295,
                0,
                0,
                0,
                345.78,
                206.91,
                0.859419,
                347.755,
                223.583,
                0.883467,
                340.882,
                245.034,
                0.784782,
                332.09,
                184.374,
                0.582914,
                339.879,
                184.41,
                0.580059,
                332.062,
                183.375,
                0.50048,
                340.896,
                183.37,
                0.374026,
                341.881,
                247.029,
                0.619141,
                343.864,
                246.995,
                0.623464,
                339.914,
                245.995,
                0.565828,
                0,
                0,
                0,
                0,
                0,
                0,
                0,
                0,
                0
            ],
            "face_keypoints_2d": [],
            "hand_left_keypoints_2d": [],
            "hand_right_keypoints_2d": [],
            "pose_keypoints_3d": [],
            "face_keypoints_3d": [],
            "hand_left_keypoints_3d": [],
            "hand_right_keypoints_3d": []
        }
    ]
}