{
    "version": 1.3,
    "people": [
        {
            "person_id": [
                -1
            ],
            "pose_keypoints_2d": [
                245.979,
                199.107,
                0.260107,
                244.057,
                204.959,
                0.640267,
                240.166,
                204.924,
                0.763105,
                239.24,
                215.677,
                0.909214,
                251.888,
                215.757,
                0.844368,
                246.03,
                204.923,
                0.663052,
                247.029,
                214.73,
                0.280653,
                253.819,
                216.706,
                0.225942,
                245.971,
                226.455,
                0.805444,
                245.007,
                226.466,
                0.799719,
                247.996,
                242.13,
                0.769225,
                253.879,
                255.852,
                0.738531,
                246.035,
                225.502,
                0.793269,
                240.155,
                243.084,
                0.715189,
                235.263,
                253.882,
                0.546703,
                244.088,
                199.039,
                0.241325,
                245.98,
                198.105,
                0.111704,
                241.148,
                199.028,
                0.385665,
                0,
                0,
                0,
                237.222,
                255.837,
                0.431302,
                238.164,
                254.875,
                0.436626,
                232.359,
                254.833,
                0.504589,
                257.77,
                257.777,
                0.538454,
                254.842,
                259.701,
                0.57325,
                253.871,
                259.699,
                0.612561
            ],
            "face_keypoints_2d": [],
            "hand_left_keypoints_2d": [],
            "hand_right_keypoints_2d": [],
            "pose_keypoints_3d": [],
            "face_keypoints_3d": [],
            "hand_left_keypoints_3d": [],
            "hand_right_keypoints_3d": []
        }
    ]
}