{
    "version": 1.3,
    "people": [
        {
            "person_id": [
                -1
            ],
            "pose_keypoints_2d": [
                0,
                0,
                0,
                403.48,
                120.792,
                0.912234,
                426.019,
                120.789,
                0.859792,
                439.695,
                166.812,
                0.822475,
                434.785,
                196.131,
                0.637536,
                380.05,
                120.824,
                0.828189,
                378.105,
                161.911,
                0.847182,
                375.142,
                200.082,
                0.804838,
                411.392,
                188.304,
                0.644322,
                426.049,
                185.398,
                0.633129,
                441.634,
                254.867,
                0.817882,
                464.171,
                318.425,
                0.771622,
                397.645,
                190.27,
                0.606275,
                381.985,
                251.874,
                0.795236,
                386.911,
                310.61,
                0.828615,
                0,
                0,
                0,
                380.015,
                93.4418,
                0.121557,
                406.456,
                96.3593,
                0.446493,
                385.901,
                93.44,
                0.86745,
                371.221,
                315.5,
                0.761184,
                373.19,
                316.497,
                0.809467,
                389.836,
                317.435,
                0.82369,
                448.49,
                334.098,
                0.71314,
                449.482,
                333.071,
                0.689426,
                468.108,
                325.265,
                0.727835
            ],
            "face_keypoints_2d": [],
            "hand_left_keypoints_2d": [],
            "hand_right_keypoints_2d": [],
            "pose_keypoints_3d": [],
            "face_keypoints_3d": [],
            "hand_left_keypoints_3d": [],
            "hand_right_keypoints_3d": []
        }
    ]
}