{
    "version": 1.3,
    "people": [
        {
            "person_id": [
                -1
            ],
            "pose_keypoints_2d": [
                411.39,
                66.0331,
                0.0798279,
                435.783,
                97.3569,
                0.870699,
                462.198,
                98.3156,
                0.776831,
                469.061,
                153.073,
                0.747007,
                472.918,
                192.214,
                0.80038,
                410.368,
                96.3822,
                0.773189,
                395.703,
                145.294,
                0.835181,
                381.05,
                190.277,
                0.743763,
                438.721,
                177.561,
                0.540601,
                452.429,
                176.572,
                0.541628,
                450.497,
                259.734,
                0.813723,
                451.437,
                331.13,
                0.734419,
                424.055,
                179.516,
                0.529813,
                433.813,
                259.702,
                0.813173,
                441.645,
                330.13,
                0.754417,
                0,
                0,
                0,
                414.29,
                59.2381,
                0.217073,
                443.651,
                66.0641,
                0.243852,
                421.128,
                61.1419,
                0.826736,
                419.148,
                336.029,
                0.726657,
                425.051,
                339.886,
                0.729002,
                445.589,
                335.068,
                0.580676,
                0,
                0,
                0,
                0,
                0,
                0,
                456.336,
                336.996,
                0.657343
            ],
            "face_keypoints_2d": [],
            "hand_left_keypoints_2d": [],
            "hand_right_keypoints_2d": [],
            "pose_keypoints_3d": [],
            "face_keypoints_3d": [],
            "hand_left_keypoints_3d": [],
            "hand_right_keypoints_3d": []
        }
    ]
}