{
    "version": 1.3,
    "people": [
        {
            "person_id": [
                -1
            ],
            "pose_keypoints_2d": [
                0,
                0,
                0,
                354.6,
                148.197,
                0.838748,
                375.17,
                147.225,
                0.795586,
                394.708,
                176.544,
                0.865969,
                402.528,
                208.857,
                0.836649,
                332.067,
                149.19,
                0.803052,
                325.263,
                188.312,
                0.86065,
                325.267,
                219.626,
                0.795146,
                367.324,
                205.898,
                0.665541,
                379.055,
                202.011,
                0.672497,
                356.615,
                253.837,
                0.826362,
                356.537,
                301.827,
                0.854268,
                356.57,
                206.913,
                0.683872,
                372.207,
                254.864,
                0.853642,
                396.676,
                295.919,
                0.780604,
                0,
                0,
                0,
                333.075,
                127.623,
                0.0594685,
                357.549,
                128.604,
                0.55188,
                339.937,
                128.592,
                0.939405,
                401.549,
                319.396,
                0.725107,
                406.455,
                316.479,
                0.698375,
                402.545,
                297.862,
                0.642894,
                345.81,
                304.713,
                0.606524,
                346.775,
                302.76,
                0.616613,
                357.58,
                308.614,
                0.759851
            ],
            "face_keypoints_2d": [],
            "hand_left_keypoints_2d": [],
            "hand_right_keypoints_2d": [],
            "pose_keypoints_3d": [],
            "face_keypoints_3d": [],
            "hand_left_keypoints_3d": [],
            "hand_right_keypoints_3d": []
        }
    ]
}