{
    "version": 1.3,
    "people": [
        {
            "person_id": [
                -1
            ],
            "pose_keypoints_2d": [
                0,
                0,
                0,
                429.94,
                96.3471,
                0.76486,
                455.372,
                97.289,
                0.756928,
                456.314,
                130.61,
                0.0584946,
                0,
                0,
                0,
                403.524,
                96.3377,
                0.721864,
                386.861,
                146.238,
                0.82477,
                371.245,
                192.275,
                0.767246,
                433.811,
                175.614,
                0.582701,
                448.483,
                174.621,
                0.53599,
                443.622,
                257.778,
                0.776257,
                443.624,
                331.14,
                0.742044,
                418.194,
                176.593,
                0.564952,
                426.037,
                258.728,
                0.803234,
                433.821,
                329.182,
                0.738853,
                0,
                0,
                0,
                410.409,
                58.2191,
                0.207353,
                440.68,
                66.0113,
                0.209738,
                418.158,
                59.2225,
                0.903228,
                411.331,
                335.064,
                0.721627,
                417.23,
                338.954,
                0.707695,
                437.766,
                335.054,
                0.571631,
                0,
                0,
                0,
                0,
                0,
                0,
                448.533,
                336.995,
                0.675558
            ],
            "face_keypoints_2d": [],
            "hand_left_keypoints_2d": [],
            "hand_right_keypoints_2d": [],
            "pose_keypoints_3d": [],
            "face_keypoints_3d": [],
            "hand_left_keypoints_3d": [],
            "hand_right_keypoints_3d": []
        }
    ]
}