{
    "version": 1.3,
    "people": [
        {
            "person_id": [
                -1
            ],
            "pose_keypoints_2d": [
                410.397,
                67.9782,
                0.0683465,
                434.812,
                98.3316,
                0.892857,
                459.286,
                99.3153,
                0.781125,
                467.1,
                153.121,
                0.743661,
                463.202,
                191.277,
                0.700043,
                409.391,
                97.3757,
                0.787188,
                395.735,
                150.148,
                0.815098,
                387.843,
                190.269,
                0.769952,
                435.832,
                181.478,
                0.560735,
                450.502,
                180.49,
                0.563175,
                450.503,
                261.677,
                0.837256,
                451.489,
                327.208,
                0.742552,
                422.114,
                182.452,
                0.521705,
                426.007,
                258.737,
                0.801672,
                441.627,
                327.234,
                0.749499,
                0,
                0,
                0,
                411.39,
                65.0359,
                0.212414,
                441.649,
                68.0331,
                0.241525,
                419.146,
                66.0276,
                0.923697,
                418.226,
                336.015,
                0.738805,
                425.006,
                338.951,
                0.747612,
                447.525,
                334.079,
                0.586852,
                0,
                0,
                0,
                0,
                0,
                0,
                457.29,
                333.109,
                0.709155
            ],
            "face_keypoints_2d": [],
            "hand_left_keypoints_2d": [],
            "hand_right_keypoints_2d": [],
            "pose_keypoints_3d": [],
            "face_keypoints_3d": [],
            "hand_left_keypoints_3d": [],
            "hand_right_keypoints_3d": []
        }
    ]
}