{
    "version": 1.3,
    "people": [
        {
            "person_id": [
                -1
            ],
            "pose_keypoints_2d": [
                410.409,
                64.0884,
                0.118621,
                438.718,
                90.5358,
                0.829159,
                462.22,
                94.413,
                0.72824,
                494.47,
                92.4511,
                0.721892,
                525.799,
                89.5043,
                0.663234,
                413.304,
                90.4542,
                0.799369,
                365.382,
                74.8473,
                0.767883,
                318.451,
                61.1499,
                0.731107,
                434.866,
                175.608,
                0.557017,
                449.525,
                174.612,
                0.546288,
                449.522,
                261.636,
                0.822341,
                449.525,
                332.074,
                0.767325,
                421.12,
                176.589,
                0.50578,
                430.912,
                260.67,
                0.746055,
                437.758,
                330.139,
                0.718233,
                0,
                0,
                0,
                412.315,
                59.1634,
                0.331411,
                441.694,
                65.0721,
                0.10431,
                420.162,
                60.1756,
                0.861414,
                417.228,
                338.92,
                0.725645,
                421.137,
                339.914,
                0.741382,
                442.675,
                336.028,
                0.575301,
                0,
                0,
                0,
                0,
                0,
                0,
                452.431,
                337.974,
                0.643433
            ],
            "face_keypoints_2d": [],
            "hand_left_keypoints_2d": [],
            "hand_right_keypoints_2d": [],
            "pose_keypoints_3d": [],
            "face_keypoints_3d": [],
            "hand_left_keypoints_3d": [],
            "hand_right_keypoints_3d": []
        }
    ]
}