{
    "version": 1.3,
    "people": [
        {
            "person_id": [
                -1
            ],
            "pose_keypoints_2d": [
                271.481,
                195.153,
                0.280333,
                270.426,
                201.011,
                0.72939,
                269.498,
                201.029,
                0.822993,
                270.524,
                211.784,
                0.809155,
                280.26,
                215.762,
                0.721426,
                270.505,
                200.077,
                0.725338,
                272.465,
                208.894,
                0.111313,
                280.253,
                215.725,
                0.050569,
                272.425,
                220.612,
                0.713832,
                271.444,
                220.6,
                0.819005,
                273.41,
                238.21,
                0.752509,
                270.492,
                253.801,
                0.665142,
                274.399,
                220.594,
                0.650281,
                277.287,
                238.187,
                0.680388,
                270.521,
                252.851,
                0.507448,
                270.544,
                193.211,
                0.300733,
                271.47,
                193.227,
                0.0796489,
                270.441,
                194.187,
                0.482253,
                0,
                0,
                0,
                272.452,
                254.795,
                0.264288,
                273.407,
                253.876,
                0.251708,
                270.463,
                253.817,
                0.400164,
                273.419,
                254.823,
                0.444765,
                270.529,
                254.832,
                0.447526,
                270.462,
                253.88,
                0.529248
            ],
            "face_keypoints_2d": [],
            "hand_left_keypoints_2d": [],
            "hand_right_keypoints_2d": [],
            "pose_keypoints_3d": [],
            "face_keypoints_3d": [],
            "hand_left_keypoints_3d": [],
            "hand_right_keypoints_3d": []
        }
    ]
}