{
    "version": 1.3,
    "people": [
        {
            "person_id": [
                -1
            ],
            "pose_keypoints_2d": [
                0,
                0,
                0,
                345.8,
                153.152,
                0.866718,
                364.371,
                154.064,
                0.863357,
                375.139,
                176.612,
                0.762934,
                372.188,
                199.037,
                0.659128,
                325.259,
                153.147,
                0.873125,
                317.444,
                181.451,
                0.814521,
                317.444,
                207.842,
                0.867273,
                352.666,
                202.027,
                0.666294,
                364.373,
                201.057,
                0.726477,
                363.431,
                257.775,
                0.867391,
                374.16,
                303.731,
                0.763079,
                340.884,
                203.952,
                0.690046,
                332.139,
                252.866,
                0.869427,
                352.664,
                278.35,
                0.827794,
                0,
                0,
                0,
                0,
                0,
                0,
                348.774,
                136.467,
                0.484277,
                332.144,
                135.462,
                0.88278,
                356.532,
                305.7,
                0.664605,
                352.661,
                302.761,
                0.505175,
                357.568,
                279.28,
                0.871705,
                364.382,
                310.571,
                0.441669,
                370.253,
                309.578,
                0.437987,
                378.05,
                309.615,
                0.717268
            ],
            "face_keypoints_2d": [],
            "hand_left_keypoints_2d": [],
            "hand_right_keypoints_2d": [],
            "pose_keypoints_3d": [],
            "face_keypoints_3d": [],
            "hand_left_keypoints_3d": [],
            "hand_right_keypoints_3d": []
        }
    ]
}