{
    "version": 1.3,
    "people": [
        {
            "person_id": [
                -1
            ],
            "pose_keypoints_2d": [
                0,
                0,
                0,
                426.011,
                96.3811,
                0.859536,
                450.457,
                97.3167,
                0.838885,
                456.337,
                147.254,
                0.781172,
                449.477,
                185.397,
                0.637666,
                399.623,
                96.3512,
                0.755786,
                386.924,
                145.244,
                0.890957,
                378.062,
                186.353,
                0.785837,
                427.025,
                178.534,
                0.57121,
                441.697,
                176.587,
                0.563939,
                441.684,
                260.694,
                0.822592,
                441.666,
                330.168,
                0.748712,
                412.345,
                180.477,
                0.521024,
                421.136,
                260.712,
                0.76303,
                430.89,
                328.189,
                0.733676,
                0,
                0,
                0,
                400.564,
                66.0473,
                0.174567,
                428.966,
                66.0159,
                0.241077,
                406.458,
                65.0515,
                0.843907,
                410.319,
                336.981,
                0.746355,
                413.318,
                338.949,
                0.748981,
                434.847,
                335.04,
                0.615037,
                0,
                0,
                0,
                0,
                0,
                0,
                443.635,
                337.009,
                0.623991
            ],
            "face_keypoints_2d": [],
            "hand_left_keypoints_2d": [],
            "hand_right_keypoints_2d": [],
            "pose_keypoints_3d": [],
            "face_keypoints_3d": [],
            "hand_left_keypoints_3d": [],
            "hand_right_keypoints_3d": []
        }
    ]
}