{
    "version": 1.3,
    "people": [
        {
            "person_id": [
                -1
            ],
            "pose_keypoints_2d": [
                331.105,
                162.902,
                0.455195,
                333.074,
                168.772,
                0.942407,
                323.322,
                168.745,
                0.909772,
                311.568,
                176.564,
                0.808072,
                302.756,
                183.458,
                0.725151,
                343.837,
                168.803,
                0.858157,
                356.532,
                176.603,
                0.845048,
                365.363,
                183.411,
                0.804969,
                332.123,
                198.068,
                0.893305,
                325.274,
                197.131,
                0.868596,
                326.233,
                215.729,
                0.888999,
                325.298,
                238.217,
                0.882771,
                338.943,
                198.081,
                0.853313,
                338.921,
                215.754,
                0.857306,
                337.971,
                238.211,
                0.870109,
                329.177,
                160.944,
                0.39968,
                332.125,
                160.977,
                0.460659,
                328.187,
                160.911,
                0.170634,
                336.024,
                160.951,
                0.485653,
                338.964,
                242.122,
                0.629457,
                340.908,
                240.166,
                0.704354,
                336.014,
                239.182,
                0.668531,
                330.14,
                242.122,
                0.682906,
                325.252,
                241.152,
                0.680023,
                326.265,
                239.202,
                0.660238
            ],
            "face_keypoints_2d": [],
            "hand_left_keypoints_2d": [],
            "hand_right_keypoints_2d": [],
            "pose_keypoints_3d": [],
            "face_keypoints_3d": [],
            "hand_left_keypoints_3d": [],
            "hand_right_keypoints_3d": []
        }
    ]
}