{
    "version": 1.3,
    "people": [
        {
            "person_id": [
                -1
            ],
            "pose_keypoints_2d": [
                0,
                0,
                0,
                410.335,
                97.2923,
                0.853576,
                434.784,
                97.3598,
                0.829517,
                441.667,
                152.129,
                0.854408,
                436.777,
                185.389,
                0.603554,
                382.02,
                96.3282,
                0.748294,
                371.212,
                144.277,
                0.873741,
                357.575,
                190.238,
                0.758806,
                412.358,
                177.549,
                0.588179,
                426.987,
                176.575,
                0.598752,
                428.965,
                259.727,
                0.772641,
                428.003,
                332.091,
                0.728326,
                398.625,
                178.537,
                0.530962,
                410.354,
                261.662,
                0.852769,
                419.19,
                331.11,
                0.761223,
                0,
                0,
                0,
                384.91,
                73.8305,
                0.145935,
                411.386,
                67.9895,
                0.215036,
                389.823,
                69.9419,
                0.825268,
                398.645,
                337.001,
                0.684114,
                403.527,
                338.972,
                0.740489,
                425.033,
                337.959,
                0.599451,
                410.296,
                334.06,
                0.0649138,
                0,
                0,
                0,
                432.875,
                338.941,
                0.616839
            ],
            "face_keypoints_2d": [],
            "hand_left_keypoints_2d": [],
            "hand_right_keypoints_2d": [],
            "pose_keypoints_3d": [],
            "face_keypoints_3d": [],
            "hand_left_keypoints_3d": [],
            "hand_right_keypoints_3d": []
        }
    ]
}