{
    "version": 1.3,
    "people": [
        {
            "person_id": [
                -1
            ],
            "pose_keypoints_2d": [
                0,
                0,
                0,
                331.099,
                161.894,
                0.880783,
                341.923,
                161.918,
                0.859098,
                362.416,
                174.583,
                0.793386,
                378.068,
                183.403,
                0.868836,
                316.468,
                160.94,
                0.908725,
                300.799,
                170.734,
                0.69524,
                292.998,
                177.576,
                0.404562,
                329.16,
                202.024,
                0.735777,
                337.971,
                203.959,
                0.729914,
                338.924,
                226.478,
                0.607122,
                338.941,
                248.007,
                0.55432,
                319.401,
                201.995,
                0.754379,
                323.286,
                223.527,
                0.597193,
                324.254,
                245.048,
                0.547656,
                0,
                0,
                0,
                0,
                0,
                0,
                335.03,
                148.21,
                0.69888,
                324.285,
                148.217,
                0.86532,
                324.301,
                246.025,
                0.351171,
                324.245,
                245.999,
                0.368657,
                324.257,
                247.002,
                0.511097,
                346.781,
                250.922,
                0.311402,
                343.855,
                252.89,
                0.366346,
                336.989,
                252.845,
                0.492654
            ],
            "face_keypoints_2d": [],
            "hand_left_keypoints_2d": [],
            "hand_right_keypoints_2d": [],
            "pose_keypoints_3d": [],
            "face_keypoints_3d": [],
            "hand_left_keypoints_3d": [],
            "hand_right_keypoints_3d": []
        }
    ]
}