{
    "version": 1.3,
    "people": [
        {
            "person_id": [
                -1
            ],
            "pose_keypoints_2d": [
                333.127,
                168.741,
                0.678365,
                332.12,
                174.628,
                0.937235,
                323.273,
                174.634,
                0.886283,
                312.545,
                184.441,
                0.835133,
                310.606,
                197.121,
                0.690723,
                340.943,
                174.617,
                0.898716,
                349.707,
                183.462,
                0.837208,
                356.572,
                192.217,
                0.769779,
                328.212,
                198.096,
                0.859833,
                324.239,
                198.068,
                0.859008,
                325.313,
                216.681,
                0.890074,
                324.286,
                239.19,
                0.867487,
                333.124,
                199.032,
                0.904127,
                336.991,
                219.624,
                0.754206,
                334.062,
                240.143,
                0.760773,
                332.153,
                167.752,
                0.663956,
                335.031,
                167.753,
                0.567568,
                330.143,
                166.793,
                0.587536,
                337.01,
                167.715,
                0.283004,
                338.937,
                245.975,
                0.56381,
                339.935,
                244.077,
                0.609684,
                333.09,
                242.13,
                0.513135,
                329.176,
                245.048,
                0.637598,
                324.304,
                245.032,
                0.638497,
                324.266,
                241.12,
                0.635555
            ],
            "face_keypoints_2d": [],
            "hand_left_keypoints_2d": [],
            "hand_right_keypoints_2d": [],
            "pose_keypoints_3d": [],
            "face_keypoints_3d": [],
            "hand_left_keypoints_3d": [],
            "hand_right_keypoints_3d": []
        }
    ]
}