{
    "version": 1.3,
    "people": [
        {
            "person_id": [
                -1
            ],
            "pose_keypoints_2d": [
                0,
                0,
                0,
                340.959,
                164.828,
                0.861278,
                359.486,
                165.809,
                0.81776,
                370.254,
                189.298,
                0.815057,
                366.343,
                205.922,
                0.680348,
                325.243,
                163.854,
                0.872728,
                311.58,
                190.267,
                0.825543,
                310.59,
                214.731,
                0.839399,
                340.926,
                207.896,
                0.80095,
                352.654,
                207.903,
                0.721436,
                348.755,
                252.883,
                0.81708,
                346.753,
                290.064,
                0.796933,
                332.052,
                207.89,
                0.772034,
                330.129,
                247.988,
                0.684094,
                332.127,
                254.841,
                0.0794897,
                0,
                0,
                0,
                0,
                0,
                0,
                349.699,
                145.238,
                0.841117,
                334.078,
                145.24,
                0.847813,
                0,
                0,
                0,
                0,
                0,
                0,
                332.085,
                255.805,
                0.0802229,
                343.846,
                293.958,
                0.583969,
                347.767,
                293.979,
                0.646224,
                343.863,
                293.942,
                0.777833
            ],
            "face_keypoints_2d": [],
            "hand_left_keypoints_2d": [],
            "hand_right_keypoints_2d": [],
            "pose_keypoints_3d": [],
            "face_keypoints_3d": [],
            "hand_left_keypoints_3d": [],
            "hand_right_keypoints_3d": []
        }
    ]
}