{
    "version": 1.3,
    "people": [
        {
            "person_id": [
                -1
            ],
            "pose_keypoints_2d": [
                0,
                0,
                0,
                430.901,
                84.6349,
                0.770105,
                451.438,
                88.5293,
                0.8246,
                440.662,
                46.4701,
                0.739364,
                427.957,
                13.2542,
                0.852341,
                409.391,
                82.6789,
                0.789666,
                389.808,
                35.7531,
                0.769612,
                381.033,
                2.91609,
                0.508595,
                431.865,
                170.717,
                0.532613,
                444.595,
                169.719,
                0.545728,
                444.62,
                258.732,
                0.744927,
                446.56,
                331.143,
                0.71179,
                417.185,
                172.656,
                0.512902,
                426.965,
                258.743,
                0.804323,
                434.872,
                329.162,
                0.733042,
                0,
                0,
                0,
                413.273,
                51.3655,
                0.0696486,
                440.7,
                66.005,
                0.472938,
                418.187,
                58.2372,
                0.94265,
                416.22,
                335.05,
                0.721545,
                420.139,
                337.996,
                0.742534,
                441.668,
                335.047,
                0.562067,
                425.038,
                334.074,
                0.0617679,
                0,
                0,
                0,
                450.443,
                337.008,
                0.64184
            ],
            "face_keypoints_2d": [],
            "hand_left_keypoints_2d": [],
            "hand_right_keypoints_2d": [],
            "pose_keypoints_3d": [],
            "face_keypoints_3d": [],
            "hand_left_keypoints_3d": [],
            "hand_right_keypoints_3d": []
        }
    ]
}