{
    "version": 1.3,
    "people": [
        {
            "person_id": [
                -1
            ],
            "pose_keypoints_2d": [
                0,
                0,
                0,
                429.918,
                85.6041,
                0.765784,
                450.517,
                89.4716,
                0.816704,
                439.704,
                47.4506,
                0.70615,
                427.01,
                12.2581,
                0.878964,
                407.439,
                82.6785,
                0.774995,
                391.777,
                35.7564,
                0.792647,
                0,
                0,
                0,
                428.94,
                174.606,
                0.550647,
                442.662,
                171.68,
                0.575243,
                443.623,
                259.721,
                0.788544,
                446.553,
                330.157,
                0.721242,
                413.325,
                175.588,
                0.524792,
                426.044,
                257.785,
                0.815824,
                434.813,
                328.205,
                0.754936,
                0,
                0,
                0,
                0,
                0,
                0,
                440.652,
                66.0257,
                0.429886,
                418.143,
                58.2157,
                0.930955,
                415.241,
                335.032,
                0.722808,
                419.192,
                337.977,
                0.751649,
                440.705,
                334.096,
                0.585962,
                0,
                0,
                0,
                0,
                0,
                0,
                450.443,
                335.06,
                0.679616
            ],
            "face_keypoints_2d": [],
            "hand_left_keypoints_2d": [],
            "hand_right_keypoints_2d": [],
            "pose_keypoints_3d": [],
            "face_keypoints_3d": [],
            "hand_left_keypoints_3d": [],
            "hand_right_keypoints_3d": []
        }
    ]
}