{
    "version": 1.3,
    "people": [
        {
            "person_id": [
                -1
            ],
            "pose_keypoints_2d": [
                0,
                0,
                0,
                429.934,
                97.3398,
                0.831265,
                456.36,
                98.3077,
                0.810503,
                458.306,
                148.202,
                0.778743,
                462.223,
                191.233,
                0.744734,
                403.493,
                96.3583,
                0.759641,
                386.931,
                144.309,
                0.849577,
                372.19,
                193.226,
                0.657014,
                432.828,
                177.546,
                0.558513,
                446.539,
                175.613,
                0.545359,
                443.606,
                259.718,
                0.79644,
                442.699,
                331.127,
                0.759964,
                417.222,
                177.564,
                0.548185,
                426.005,
                258.744,
                0.8041,
                433.789,
                328.211,
                0.74271,
                0,
                0,
                0,
                410.332,
                59.1633,
                0.156561,
                439.691,
                65.9991,
                0.264327,
                416.212,
                60.1673,
                0.851477,
                410.388,
                335.062,
                0.714837,
                416.25,
                338.943,
                0.697874,
                436.767,
                334.092,
                0.60404,
                0,
                0,
                0,
                0,
                0,
                0,
                448.502,
                336.022,
                0.68744
            ],
            "face_keypoints_2d": [],
            "hand_left_keypoints_2d": [],
            "hand_right_keypoints_2d": [],
            "pose_keypoints_3d": [],
            "face_keypoints_3d": [],
            "hand_left_keypoints_3d": [],
            "hand_right_keypoints_3d": []
        }
    ]
}