{
    "version": 1.3,
    "people": [
        {
            "person_id": [
                -1
            ],
            "pose_keypoints_2d": [
                0,
                0,
                0,
                347.773,
                154.063,
                0.896979,
                368.31,
                154.07,
                0.812503,
                379.095,
                187.348,
                0.83442,
                378.067,
                214.688,
                0.658939,
                326.226,
                154.08,
                0.852607,
                323.284,
                190.251,
                0.823797,
                321.332,
                217.645,
                0.779609,
                356.607,
                207.905,
                0.692318,
                371.185,
                207.862,
                0.671789,
                363.376,
                259.71,
                0.818947,
                371.217,
                302.762,
                0.802606,
                346.764,
                208.88,
                0.656438,
                346.784,
                261.703,
                0.875211,
                370.237,
                279.32,
                0.760516,
                0,
                0,
                0,
                0,
                0,
                0,
                350.685,
                134.504,
                0.367318,
                334.1,
                133.521,
                0.841888,
                378.076,
                301.751,
                0.474802,
                378.089,
                298.83,
                0.486589,
                373.192,
                278.287,
                0.650772,
                359.493,
                308.598,
                0.67129,
                362.441,
                307.635,
                0.527452,
                372.248,
                308.625,
                0.765387
            ],
            "face_keypoints_2d": [],
            "hand_left_keypoints_2d": [],
            "hand_right_keypoints_2d": [],
            "pose_keypoints_3d": [],
            "face_keypoints_3d": [],
            "hand_left_keypoints_3d": [],
            "hand_right_keypoints_3d": []
        }
    ]
}