{
    "version": 1.3,
    "people": [
        {
            "person_id": [
                -1
            ],
            "pose_keypoints_2d": [
                0,
                0,
                0,
                334.071,
                156.024,
                0.866187,
                353.615,
                156.015,
                0.821489,
                362.438,
                184.402,
                0.895618,
                355.542,
                204.949,
                0.570845,
                316.496,
                156.032,
                0.859933,
                311.587,
                183.374,
                0.814383,
                310.597,
                202.985,
                0.781002,
                338.925,
                201.037,
                0.736628,
                348.71,
                200.082,
                0.761335,
                354.614,
                246.977,
                0.729482,
                359.497,
                250.922,
                0.382533,
                326.24,
                202.025,
                0.727696,
                324.284,
                244.079,
                0.845779,
                326.254,
                282.21,
                0.809336,
                0,
                0,
                0,
                0,
                0,
                0,
                339.922,
                136.467,
                0.837801,
                324.274,
                136.509,
                0.949936,
                324.293,
                284.191,
                0.523145,
                323.282,
                285.16,
                0.634196,
                328.217,
                286.105,
                0.813356,
                362.43,
                253.827,
                0.15597,
                353.631,
                253.874,
                0.159309,
                363.437,
                248.954,
                0.306081
            ],
            "face_keypoints_2d": [],
            "hand_left_keypoints_2d": [],
            "hand_right_keypoints_2d": [],
            "pose_keypoints_3d": [],
            "face_keypoints_3d": [],
            "hand_left_keypoints_3d": [],
            "hand_right_keypoints_3d": []
        }
    ]
}