{
    "version": 1.3,
    "people": [
        {
            "person_id": [
                -1
            ],
            "pose_keypoints_2d": [
                411.301,
                65.0711,
                0.114006,
                436.763,
                91.4757,
                0.829107,
                458.328,
                94.4042,
                0.758849,
                489.629,
                102.226,
                0.706815,
                519.932,
                107.114,
                0.754043,
                413.312,
                90.5107,
                0.786327,
                363.452,
                83.6785,
                0.765556,
                318.436,
                79.739,
                0.679334,
                434.86,
                175.613,
                0.577467,
                449.523,
                174.622,
                0.563293,
                450.429,
                261.635,
                0.825024,
                449.532,
                332.074,
                0.767934,
                421.117,
                176.592,
                0.521776,
                431.864,
                260.684,
                0.759203,
                438.722,
                330.151,
                0.722724,
                0,
                0,
                0,
                412.331,
                59.1742,
                0.300294,
                441.683,
                66.0089,
                0.112876,
                420.163,
                60.1845,
                0.858644,
                418.163,
                337.994,
                0.73163,
                422.105,
                339.916,
                0.742312,
                442.69,
                336.984,
                0.584797,
                0,
                0,
                0,
                0,
                0,
                0,
                452.443,
                337.981,
                0.647529
            ],
            "face_keypoints_2d": [],
            "hand_left_keypoints_2d": [],
            "hand_right_keypoints_2d": [],
            "pose_keypoints_3d": [],
            "face_keypoints_3d": [],
            "hand_left_keypoints_3d": [],
            "hand_right_keypoints_3d": []
        }
    ]
}