{
    "version": 1.3,
    "people": [
        {
            "person_id": [
                -1
            ],
            "pose_keypoints_2d": [
                0,
                0,
                0,
                418.149,
                92.4377,
                0.829694,
                442.606,
                95.3903,
                0.809116,
                449.444,
                147.237,
                0.782172,
                442.656,
                184.413,
                0.640062,
                389.814,
                91.4533,
                0.780432,
                379.098,
                140.367,
                0.843717,
                364.436,
                187.321,
                0.738163,
                420.161,
                175.608,
                0.597877,
                434.795,
                174.63,
                0.607423,
                434.834,
                258.734,
                0.810643,
                434.808,
                330.136,
                0.741342,
                406.446,
                176.577,
                0.532353,
                417.22,
                261.657,
                0.812891,
                425.058,
                327.236,
                0.743437,
                0,
                0,
                0,
                391.784,
                73.8199,
                0.0981853,
                419.201,
                67.0308,
                0.314768,
                396.664,
                68.006,
                0.865136,
                403.525,
                337.005,
                0.697358,
                409.398,
                338.964,
                0.711491,
                428.94,
                335.031,
                0.605422,
                0,
                0,
                0,
                0,
                0,
                0,
                438.726,
                336.029,
                0.63043
            ],
            "face_keypoints_2d": [],
            "hand_left_keypoints_2d": [],
            "hand_right_keypoints_2d": [],
            "pose_keypoints_3d": [],
            "face_keypoints_3d": [],
            "hand_left_keypoints_3d": [],
            "hand_right_keypoints_3d": []
        }
    ]
}