{
    "version": 1.3,
    "people": [
        {
            "person_id": [
                -1
            ],
            "pose_keypoints_2d": [
                411.316,
                66.0274,
                0.104293,
                438.75,
                94.3973,
                0.780217,
                459.306,
                96.366,
                0.755174,
                492.524,
                128.662,
                0.819818,
                514.077,
                146.237,
                0.82506,
                416.231,
                91.4808,
                0.736751,
                370.268,
                108.121,
                0.762574,
                331.114,
                124.752,
                0.746689,
                435.834,
                175.6,
                0.568194,
                450.444,
                174.619,
                0.570537,
                450.44,
                259.711,
                0.803796,
                450.455,
                330.166,
                0.746212,
                423.094,
                176.57,
                0.522976,
                432.844,
                260.663,
                0.77863,
                439.727,
                330.138,
                0.726191,
                0,
                0,
                0,
                412.346,
                59.2285,
                0.268211,
                441.708,
                66.0048,
                0.154806,
                420.161,
                60.1909,
                0.854833,
                418.205,
                337.968,
                0.730961,
                424.059,
                339.909,
                0.739739,
                443.646,
                336.022,
                0.595692,
                0,
                0,
                0,
                0,
                0,
                0,
                454.38,
                336.027,
                0.625153
            ],
            "face_keypoints_2d": [],
            "hand_left_keypoints_2d": [],
            "hand_right_keypoints_2d": [],
            "pose_keypoints_3d": [],
            "face_keypoints_3d": [],
            "hand_left_keypoints_3d": [],
            "hand_right_keypoints_3d": []
        }
    ]
}