{
    "version": 1.3,
    "people": [
        {
            "person_id": [
                -1
            ],
            "pose_keypoints_2d": [
                396.674,
                72.8959,
                0.0605099,
                425.035,
                97.3003,
                0.836286,
                449.486,
                97.3528,
                0.834575,
                455.345,
                149.199,
                0.765144,
                449.459,
                185.396,
                0.66336,
                397.656,
                96.3623,
                0.761093,
                386.847,
                144.323,
                0.879605,
                372.215,
                191.27,
                0.790406,
                426.96,
                178.523,
                0.586161,
                441.644,
                176.586,
                0.560995,
                440.691,
                260.692,
                0.792092,
                441.624,
                331.109,
                0.742595,
                411.373,
                179.517,
                0.542814,
                419.225,
                260.693,
                0.793475,
                428.94,
                330.139,
                0.755315,
                0,
                0,
                0,
                396.701,
                67.0195,
                0.205636,
                426.982,
                66.0785,
                0.202289,
                403.572,
                66.0365,
                0.908764,
                409.397,
                337.007,
                0.755886,
                413.317,
                338.974,
                0.769993,
                433.88,
                335.065,
                0.657996,
                0,
                0,
                0,
                0,
                0,
                0,
                442.679,
                337.006,
                0.655624
            ],
            "face_keypoints_2d": [],
            "hand_left_keypoints_2d": [],
            "hand_right_keypoints_2d": [],
            "pose_keypoints_3d": [],
            "face_keypoints_3d": [],
            "hand_left_keypoints_3d": [],
            "hand_right_keypoints_3d": []
        }
    ]
}