{
    "version": 1.3,
    "people": [
        {
            "person_id": [
                -1
            ],
            "pose_keypoints_2d": [
                0,
                0,
                0,
                351.657,
                150.17,
                0.813909,
                372.248,
                148.227,
                0.814557,
                388.843,
                176.562,
                0.881897,
                395.702,
                207.881,
                0.862941,
                330.153,
                151.144,
                0.814526,
                325.235,
                189.282,
                0.869729,
                325.316,
                220.611,
                0.788869,
                364.443,
                202.012,
                0.691537,
                378.054,
                200.077,
                0.668052,
                356.609,
                253.839,
                0.821188,
                357.574,
                301.802,
                0.817696,
                355.587,
                203.976,
                0.668217,
                367.326,
                254.838,
                0.808954,
                394.681,
                292.955,
                0.831451,
                0,
                0,
                0,
                0,
                0,
                0,
                355.629,
                129.602,
                0.8343,
                338.963,
                129.591,
                0.885226,
                403.486,
                320.379,
                0.720095,
                407.428,
                316.491,
                0.661817,
                397.642,
                292.941,
                0.636726,
                346.796,
                305.687,
                0.619399,
                348.72,
                302.8,
                0.587625,
                362.403,
                308.605,
                0.79171
            ],
            "face_keypoints_2d": [],
            "hand_left_keypoints_2d": [],
            "hand_right_keypoints_2d": [],
            "pose_keypoints_3d": [],
            "face_keypoints_3d": [],
            "hand_left_keypoints_3d": [],
            "hand_right_keypoints_3d": []
        }
    ]
}