{
    "version": 1.3,
    "people": [
        {
            "person_id": [
                -1
            ],
            "pose_keypoints_2d": [
                311.573,
                190.25,
                0.462277,
                308.659,
                193.213,
                0.881981,
                303.748,
                192.28,
                0.850116,
                301.748,
                205.88,
                0.885248,
                310.608,
                207.903,
                0.850881,
                312.534,
                193.232,
                0.795049,
                316.486,
                204.929,
                0.65958,
                319.378,
                207.928,
                0.575633,
                309.568,
                214.71,
                0.906485,
                306.677,
                214.703,
                0.859482,
                307.63,
                230.397,
                0.86949,
                298.827,
                246.05,
                0.775133,
                312.529,
                214.717,
                0.817441,
                315.449,
                231.33,
                0.837083,
                316.427,
                246.998,
                0.868733,
                309.668,
                188.294,
                0.446501,
                312.553,
                188.326,
                0.271497,
                308.615,
                187.334,
                0.568056,
                0,
                0,
                0,
                318.399,
                248.016,
                0.594688,
                318.442,
                247.977,
                0.633698,
                314.494,
                247.979,
                0.642513,
                300.822,
                248.97,
                0.573337,
                297.858,
                248.008,
                0.563993,
                295.912,
                246.982,
                0.656674
            ],
            "face_keypoints_2d": [],
            "hand_left_keypoints_2d": [],
            "hand_right_keypoints_2d": [],
            "pose_keypoints_3d": [],
            "face_keypoints_3d": [],
            "hand_left_keypoints_3d": [],
            "hand_right_keypoints_3d": []
        }
    ]
}