{
    "version": 1.3,
    "people": [
        {
            "person_id": [
                -1
            ],
            "pose_keypoints_2d": [
                332.098,
                184.367,
                0.408186,
                333.065,
                183.376,
                0.919396,
                323.302,
                183.386,
                0.878075,
                317.485,
                193.192,
                0.86452,
                317.419,
                205.928,
                0.682975,
                341.889,
                182.431,
                0.86906,
                349.74,
                191.23,
                0.776389,
                348.73,
                200.016,
                0.618257,
                332.129,
                200.103,
                0.902254,
                325.281,
                200.084,
                0.815355,
                326.261,
                220.58,
                0.852709,
                324.31,
                239.235,
                0.873442,
                338.937,
                201.012,
                0.857516,
                338.971,
                221.556,
                0.895095,
                334.078,
                240.158,
                0.855215,
                331.108,
                183.388,
                0.32149,
                333.082,
                183.414,
                0.363159,
                324.296,
                180.475,
                0.286343,
                336.986,
                179.499,
                0.360575,
                337.985,
                246.019,
                0.671608,
                339.925,
                245.046,
                0.720898,
                333.08,
                243.086,
                0.620967,
                328.185,
                246.004,
                0.74735,
                324.285,
                245.063,
                0.743061,
                324.309,
                242.127,
                0.665177
            ],
            "face_keypoints_2d": [],
            "hand_left_keypoints_2d": [],
            "hand_right_keypoints_2d": [],
            "pose_keypoints_3d": [],
            "face_keypoints_3d": [],
            "hand_left_keypoints_3d": [],
            "hand_right_keypoints_3d": []
        }
    ]
}