{
    "version": 1.3,
    "people": [
        {
            "person_id": [
                -1
            ],
            "pose_keypoints_2d": [
                0,
                0,
                0,
                425.03,
                96.3811,
                0.831656,
                449.483,
                97.3172,
                0.838473,
                454.372,
                150.151,
                0.768571,
                449.444,
                185.403,
                0.647183,
                397.646,
                96.3648,
                0.763054,
                386.877,
                144.333,
                0.874576,
                373.199,
                192.201,
                0.74838,
                427.011,
                177.569,
                0.578939,
                441.674,
                176.575,
                0.567129,
                441.63,
                261.642,
                0.820187,
                441.644,
                331.116,
                0.752456,
                412.344,
                179.51,
                0.526796,
                420.164,
                261.632,
                0.792783,
                428.941,
                329.172,
                0.748897,
                0,
                0,
                0,
                396.699,
                66.9961,
                0.156284,
                427.022,
                66.9796,
                0.22485,
                404.497,
                65.9943,
                0.886517,
                409.38,
                336.983,
                0.745777,
                413.301,
                338.958,
                0.764036,
                434.793,
                335.056,
                0.637215,
                0,
                0,
                0,
                0,
                0,
                0,
                442.687,
                337.965,
                0.654483
            ],
            "face_keypoints_2d": [],
            "hand_left_keypoints_2d": [],
            "hand_right_keypoints_2d": [],
            "pose_keypoints_3d": [],
            "face_keypoints_3d": [],
            "hand_left_keypoints_3d": [],
            "hand_right_keypoints_3d": []
        }
    ]
}