{
    "version": 1.3,
    "people": [
        {
            "person_id": [
                -1
            ],
            "pose_keypoints_2d": [
                0,
                0,
                0,
                356.591,
                145.268,
                0.908752,
                379.017,
                144.284,
                0.851042,
                402.546,
                168.732,
                0.919535,
                411.381,
                201.048,
                0.813274,
                334.076,
                147.227,
                0.807933,
                330.146,
                185.39,
                0.805272,
                324.273,
                199.078,
                0.142469,
                372.212,
                201.038,
                0.670855,
                383.949,
                199.093,
                0.62979,
                363.4,
                253.868,
                0.799207,
                354.619,
                293.002,
                0.825483,
                362.436,
                202.993,
                0.626021,
                379.032,
                262.672,
                0.809847,
                403.511,
                303.728,
                0.812318,
                0,
                0,
                0,
                0,
                0,
                0,
                363.366,
                122.77,
                0.452717,
                342.866,
                123.762,
                0.819916,
                394.693,
                324.297,
                0.73383,
                398.632,
                323.299,
                0.69119,
                410.382,
                307.643,
                0.749966,
                350.685,
                300.834,
                0.487485,
                350.716,
                300.792,
                0.497065,
                354.582,
                297.862,
                0.71652
            ],
            "face_keypoints_2d": [],
            "hand_left_keypoints_2d": [],
            "hand_right_keypoints_2d": [],
            "pose_keypoints_3d": [],
            "face_keypoints_3d": [],
            "hand_left_keypoints_3d": [],
            "hand_right_keypoints_3d": []
        }
    ]
}