{
    "version": 1.3,
    "people": [
        {
            "person_id": [
                -1
            ],
            "pose_keypoints_2d": [
                0,
                0,
                0,
                430.903,
                97.3283,
                0.820733,
                457.273,
                98.3181,
                0.808001,
                458.321,
                147.243,
                0.801151,
                463.193,
                191.27,
                0.753925,
                403.525,
                96.3259,
                0.740922,
                386.932,
                144.255,
                0.839816,
                372.22,
                191.236,
                0.785222,
                432.827,
                177.549,
                0.547418,
                446.56,
                176.565,
                0.533774,
                443.611,
                259.723,
                0.794111,
                442.688,
                331.129,
                0.759909,
                417.22,
                177.566,
                0.540029,
                425.998,
                258.739,
                0.798562,
                433.787,
                328.193,
                0.739096,
                0,
                0,
                0,
                409.362,
                59.1596,
                0.185861,
                438.722,
                66.0046,
                0.229799,
                414.283,
                60.1965,
                0.839083,
                410.395,
                335.061,
                0.709403,
                417.189,
                338.942,
                0.692588,
                435.829,
                334.091,
                0.593188,
                0,
                0,
                0,
                0,
                0,
                0,
                448.488,
                336.043,
                0.666636
            ],
            "face_keypoints_2d": [],
            "hand_left_keypoints_2d": [],
            "hand_right_keypoints_2d": [],
            "pose_keypoints_3d": [],
            "face_keypoints_3d": [],
            "hand_left_keypoints_3d": [],
            "hand_right_keypoints_3d": []
        }
    ]
}