{
    "version": 1.3,
    "people": [
        {
            "person_id": [
                -1
            ],
            "pose_keypoints_2d": [
                0,
                0,
                0,
                341.899,
                167.779,
                0.891966,
                361.45,
                167.767,
                0.874275,
                366.363,
                198.112,
                0.84,
                360.462,
                213.736,
                0.574207,
                324.277,
                167.743,
                0.880526,
                309.62,
                190.268,
                0.86559,
                307.621,
                212.765,
                0.812846,
                341.918,
                208.888,
                0.743257,
                354.605,
                210.814,
                0.721143,
                350.686,
                254.859,
                0.798824,
                348.753,
                291.989,
                0.85106,
                333.062,
                208.885,
                0.75721,
                327.221,
                246.988,
                0.656765,
                325.265,
                282.215,
                0.196137,
                0,
                0,
                0,
                0,
                0,
                0,
                351.659,
                149.178,
                0.727818,
                333.143,
                149.175,
                0.807945,
                338.926,
                293.953,
                0.0722542,
                0,
                0,
                0,
                325.283,
                287.133,
                0.129283,
                348.724,
                293.996,
                0.607474,
                351.68,
                294.928,
                0.632421,
                347.791,
                294.005,
                0.805201
            ],
            "face_keypoints_2d": [],
            "hand_left_keypoints_2d": [],
            "hand_right_keypoints_2d": [],
            "pose_keypoints_3d": [],
            "face_keypoints_3d": [],
            "hand_left_keypoints_3d": [],
            "hand_right_keypoints_3d": []
        }
    ]
}