{
    "version": 1.3,
    "people": [
        {
            "person_id": [
                -1
            ],
            "pose_keypoints_2d": [
                0,
                0,
                0,
                381.031,
                119.803,
                0.836555,
                404.497,
                118.854,
                0.794572,
                419.174,
                154.094,
                0.84933,
                420.14,
                193.193,
                0.824819,
                357.531,
                119.843,
                0.814523,
                355.607,
                161.892,
                0.840022,
                354.616,
                200.042,
                0.701635,
                391.767,
                186.35,
                0.602697,
                404.496,
                183.422,
                0.63594,
                411.329,
                245.986,
                0.881692,
                441.666,
                293.003,
                0.783381,
                378.077,
                189.302,
                0.605248,
                379.048,
                252.878,
                0.856041,
                387.904,
                314.481,
                0.815751,
                0,
                0,
                0,
                360.46,
                91.469,
                0.0588214,
                385.883,
                94.4182,
                0.376655,
                364.446,
                92.4359,
                0.880627,
                371.252,
                319.379,
                0.731664,
                373.197,
                321.348,
                0.763509,
                394.675,
                318.452,
                0.74552,
                441.624,
                320.381,
                0.754643,
                442.664,
                318.433,
                0.655552,
                447.536,
                294.936,
                0.569955
            ],
            "face_keypoints_2d": [],
            "hand_left_keypoints_2d": [],
            "hand_right_keypoints_2d": [],
            "pose_keypoints_3d": [],
            "face_keypoints_3d": [],
            "hand_left_keypoints_3d": [],
            "hand_right_keypoints_3d": []
        }
    ]
}