{
    "version": 1.3,
    "people": [
        {
            "person_id": [
                -1
            ],
            "pose_keypoints_2d": [
                0,
                0,
                0,
                430.893,
                84.6497,
                0.763738,
                450.524,
                88.541,
                0.823087,
                440.664,
                46.4755,
                0.728237,
                427.05,
                13.2463,
                0.853005,
                409.376,
                82.6759,
                0.79017,
                388.879,
                35.7329,
                0.783737,
                381.031,
                2.91755,
                0.455586,
                430.924,
                173.635,
                0.528431,
                443.661,
                170.706,
                0.539496,
                444.619,
                259.708,
                0.748118,
                446.559,
                331.142,
                0.715203,
                416.251,
                174.631,
                0.511102,
                426.965,
                258.756,
                0.808077,
                434.863,
                329.166,
                0.737151,
                0,
                0,
                0,
                0,
                0,
                0,
                440.677,
                66.0197,
                0.419276,
                418.178,
                58.2293,
                0.933005,
                415.263,
                335.042,
                0.723852,
                419.21,
                337.989,
                0.748117,
                441.664,
                335.044,
                0.560803,
                425.005,
                333.116,
                0.0581229,
                0,
                0,
                0,
                450.445,
                336.994,
                0.642932
            ],
            "face_keypoints_2d": [],
            "hand_left_keypoints_2d": [],
            "hand_right_keypoints_2d": [],
            "pose_keypoints_3d": [],
            "face_keypoints_3d": [],
            "hand_left_keypoints_3d": [],
            "hand_right_keypoints_3d": []
        }
    ]
}