{
    "version": 1.3,
    "people": [
        {
            "person_id": [
                -1
            ],
            "pose_keypoints_2d": [
                395.641,
                73.8041,
                0.0631862,
                423.084,
                97.3425,
                0.817773,
                448.515,
                97.3682,
                0.803719,
                451.461,
                148.213,
                0.785643,
                448.494,
                184.378,
                0.648018,
                396.669,
                97.307,
                0.791164,
                385.912,
                145.256,
                0.866311,
                374.19,
                189.276,
                0.758206,
                426.007,
                179.506,
                0.582518,
                440.688,
                177.561,
                0.553956,
                439.69,
                259.72,
                0.756741,
                438.747,
                331.134,
                0.70552,
                410.402,
                181.463,
                0.551755,
                419.143,
                261.666,
                0.841062,
                427.963,
                330.141,
                0.755852,
                0,
                0,
                0,
                395.704,
                67.0468,
                0.214694,
                426.043,
                67.0096,
                0.206632,
                403.481,
                66.0688,
                0.95171,
                408.403,
                337.007,
                0.740974,
                412.313,
                338.97,
                0.779533,
                433.83,
                336.017,
                0.6352,
                417.224,
                334.069,
                0.0587341,
                0,
                0,
                0,
                441.704,
                337.02,
                0.621637
            ],
            "face_keypoints_2d": [],
            "hand_left_keypoints_2d": [],
            "hand_right_keypoints_2d": [],
            "pose_keypoints_3d": [],
            "face_keypoints_3d": [],
            "hand_left_keypoints_3d": [],
            "hand_right_keypoints_3d": []
        }
    ]
}