{
    "version": 1.3,
    "people": [
        {
            "person_id": [
                -1
            ],
            "pose_keypoints_2d": [
                0,
                0,
                0,
                430.911,
                84.6095,
                0.778048,
                451.434,
                88.5095,
                0.819248,
                440.676,
                46.462,
                0.735347,
                427.976,
                14.1823,
                0.840874,
                409.405,
                82.6453,
                0.801318,
                389.814,
                35.7601,
                0.767154,
                381.032,
                2.44558,
                0.586856,
                431.893,
                171.679,
                0.53723,
                445.567,
                169.724,
                0.542223,
                445.567,
                257.756,
                0.738821,
                446.55,
                331.138,
                0.712748,
                417.205,
                172.671,
                0.521818,
                426.966,
                258.737,
                0.803104,
                434.868,
                330.152,
                0.750236,
                0,
                0,
                0,
                414.264,
                51.3842,
                0.0541977,
                441.635,
                65.0755,
                0.500665,
                418.212,
                59.1499,
                0.951964,
                416.211,
                336.012,
                0.723087,
                420.139,
                338.948,
                0.75799,
                441.663,
                336.034,
                0.585534,
                425.026,
                334.086,
                0.06178,
                0,
                0,
                0,
                450.443,
                337.001,
                0.636395
            ],
            "face_keypoints_2d": [],
            "hand_left_keypoints_2d": [],
            "hand_right_keypoints_2d": [],
            "pose_keypoints_3d": [],
            "face_keypoints_3d": [],
            "hand_left_keypoints_3d": [],
            "hand_right_keypoints_3d": []
        }
    ]
}