{
    "version": 1.3,
    "people": [
        {
            "person_id": [
                -1
            ],
            "pose_keypoints_2d": [
                386.86,
                74.8683,
                0.0968285,
                410.398,
                96.3813,
                0.877873,
                434.844,
                97.3433,
                0.833024,
                442.66,
                148.217,
                0.824899,
                439.717,
                184.437,
                0.679979,
                384.944,
                95.3931,
                0.759509,
                372.186,
                143.335,
                0.876709,
                360.481,
                190.254,
                0.74919,
                416.219,
                178.542,
                0.579265,
                428.935,
                176.597,
                0.573252,
                431.869,
                258.745,
                0.76572,
                431.886,
                330.139,
                0.705408,
                401.555,
                180.486,
                0.548698,
                410.39,
                261.685,
                0.859186,
                420.166,
                329.173,
                0.745909,
                0,
                0,
                0,
                386.859,
                72.8944,
                0.265483,
                412.363,
                67.998,
                0.178768,
                393.72,
                68.9668,
                0.868181,
                400.578,
                337.009,
                0.719794,
                404.5,
                338.972,
                0.762318,
                426.049,
                335.058,
                0.626688,
                409.384,
                334.079,
                0.0515357,
                0,
                0,
                0,
                434.815,
                335.063,
                0.613315
            ],
            "face_keypoints_2d": [],
            "hand_left_keypoints_2d": [],
            "hand_right_keypoints_2d": [],
            "pose_keypoints_3d": [],
            "face_keypoints_3d": [],
            "hand_left_keypoints_3d": [],
            "hand_right_keypoints_3d": []
        }
    ]
}