{
    "version": 1.3,
    "people": [
        {
            "person_id": [
                -1
            ],
            "pose_keypoints_2d": [
                0,
                0,
                0,
                413.312,
                91.4822,
                0.808584,
                442.64,
                95.3849,
                0.783046,
                449.484,
                153.091,
                0.823377,
                441.681,
                186.344,
                0.648909,
                384.945,
                90.4905,
                0.775929,
                371.188,
                144.301,
                0.875136,
                359.483,
                191.276,
                0.804283,
                413.285,
                184.387,
                0.536262,
                431.884,
                184.389,
                0.534897,
                438.746,
                271.47,
                0.702872,
                441.692,
                348.775,
                0.702312,
                395.668,
                183.426,
                0.531727,
                372.186,
                255.813,
                0.799078,
                350.689,
                319.402,
                0.750099,
                0,
                0,
                0,
                386.87,
                68.0029,
                0.10315,
                418.181,
                66.0162,
                0.381501,
                393.713,
                66.065,
                0.914801,
                332.122,
                333.131,
                0.608437,
                336.007,
                333.126,
                0.650694,
                354.579,
                326.227,
                0.704561,
                424.072,
                357.548,
                0.219795,
                426.019,
                357.544,
                0.199226,
                443.627,
                357.561,
                0.501044
            ],
            "face_keypoints_2d": [],
            "hand_left_keypoints_2d": [],
            "hand_right_keypoints_2d": [],
            "pose_keypoints_3d": [],
            "face_keypoints_3d": [],
            "hand_left_keypoints_3d": [],
            "hand_right_keypoints_3d": []
        }
    ]
}