{
    "version": 1.3,
    "people": [
        {
            "person_id": [
                -1
            ],
            "pose_keypoints_2d": [
                394.743,
                73.9095,
                0.0595575,
                419.19,
                97.3498,
                0.877013,
                443.649,
                97.3594,
                0.805447,
                449.505,
                152.093,
                0.8557,
                445.576,
                185.391,
                0.595981,
                394.696,
                97.3188,
                0.797264,
                380.018,
                144.328,
                0.900624,
                366.374,
                191.211,
                0.788277,
                423.089,
                178.527,
                0.551013,
                435.823,
                176.589,
                0.559799,
                435.809,
                257.772,
                0.772646,
                435.807,
                330.158,
                0.72614,
                409.359,
                180.48,
                0.540044,
                418.18,
                261.639,
                0.840556,
                426.038,
                328.187,
                0.758778,
                0,
                0,
                0,
                394.708,
                70.9462,
                0.178827,
                422.112,
                67.0474,
                0.223046,
                401.528,
                67.0523,
                0.895351,
                404.514,
                336.989,
                0.685673,
                410.378,
                338.955,
                0.723179,
                430.897,
                334.094,
                0.610936,
                0,
                0,
                0,
                0,
                0,
                0,
                440.694,
                336.041,
                0.671224
            ],
            "face_keypoints_2d": [],
            "hand_left_keypoints_2d": [],
            "hand_right_keypoints_2d": [],
            "pose_keypoints_3d": [],
            "face_keypoints_3d": [],
            "hand_left_keypoints_3d": [],
            "hand_right_keypoints_3d": []
        }
    ]
}