{
    "version": 1.3,
    "people": [
        {
            "person_id": [
                -1
            ],
            "pose_keypoints_2d": [
                287.12,
                192.266,
                0.532121,
                285.102,
                199.094,
                0.866165,
                280.284,
                199.117,
                0.873827,
                284.147,
                207.904,
                0.85176,
                292.987,
                214.684,
                0.922265,
                286.136,
                199.091,
                0.866881,
                291.039,
                206.946,
                0.255301,
                296.899,
                210.828,
                0.208579,
                286.138,
                217.664,
                0.861741,
                285.103,
                217.671,
                0.860476,
                285.133,
                235.285,
                0.832204,
                281.236,
                252.864,
                0.756634,
                290.046,
                217.649,
                0.7902,
                293.937,
                236.227,
                0.860657,
                295.922,
                252.878,
                0.815372,
                286.13,
                192.185,
                0.584975,
                287.1,
                192.217,
                0.1742,
                284.165,
                192.244,
                0.683625,
                0,
                0,
                0,
                300.83,
                253.891,
                0.599833,
                301.755,
                253.844,
                0.621714,
                294.002,
                253.851,
                0.698655,
                285.171,
                254.823,
                0.572391,
                281.254,
                254.811,
                0.535397,
                281.231,
                253.817,
                0.658562
            ],
            "face_keypoints_2d": [],
            "hand_left_keypoints_2d": [],
            "hand_right_keypoints_2d": [],
            "pose_keypoints_3d": [],
            "face_keypoints_3d": [],
            "hand_left_keypoints_3d": [],
            "hand_right_keypoints_3d": []
        }
    ]
}