{
    "version": 1.3,
    "people": [
        {
            "person_id": [
                -1
            ],
            "pose_keypoints_2d": [
                0,
                0,
                0,
                403.527,
                97.3788,
                0.887347,
                432.882,
                99.3021,
                0.776197,
                441.667,
                154.102,
                0.773986,
                441.639,
                200.03,
                0.755109,
                374.163,
                96.3524,
                0.762314,
                361.436,
                146.274,
                0.806498,
                348.741,
                197.128,
                0.740687,
                403.544,
                184.421,
                0.544074,
                421.144,
                184.387,
                0.506218,
                434.785,
                269.526,
                0.797011,
                443.611,
                348.703,
                0.716537,
                386.896,
                185.384,
                0.529723,
                372.234,
                269.488,
                0.809948,
                361.449,
                333.107,
                0.789108,
                0,
                0,
                0,
                374.191,
                74.8697,
                0.100124,
                404.529,
                69.9406,
                0.285804,
                381.989,
                72.8743,
                0.830037,
                339.911,
                340.936,
                0.74481,
                344.843,
                342.876,
                0.705489,
                364.371,
                340.885,
                0.74941,
                426.042,
                357.544,
                0.2727,
                0,
                0,
                0,
                448.487,
                357.552,
                0.489065
            ],
            "face_keypoints_2d": [],
            "hand_left_keypoints_2d": [],
            "hand_right_keypoints_2d": [],
            "pose_keypoints_3d": [],
            "face_keypoints_3d": [],
            "hand_left_keypoints_3d": [],
            "hand_right_keypoints_3d": []
        }
    ]
}