{
    "version": 1.3,
    "people": [
        {
            "person_id": [
                -1
            ],
            "pose_keypoints_2d": [
                290.046,
                194.169,
                0.454113,
                286.129,
                199.069,
                0.769473,
                285.176,
                199.056,
                0.858097,
                286.137,
                207.882,
                0.902489,
                294.017,
                213.753,
                0.857668,
                287.113,
                199.064,
                0.718617,
                292.94,
                206.859,
                0.136847,
                299.826,
                207.92,
                0.155042,
                287.154,
                215.758,
                0.798507,
                286.143,
                216.668,
                0.90721,
                286.142,
                234.292,
                0.794359,
                284.171,
                253.808,
                0.786662,
                291.985,
                216.668,
                0.782223,
                294.941,
                235.252,
                0.776627,
                300.77,
                252.873,
                0.814629,
                287.128,
                192.245,
                0.497579,
                290.036,
                192.253,
                0.196393,
                286.087,
                193.186,
                0.567598,
                0,
                0,
                0,
                303.753,
                253.87,
                0.513926,
                303.743,
                253.834,
                0.551939,
                298.85,
                253.861,
                0.672798,
                286.103,
                254.851,
                0.524321,
                283.191,
                254.837,
                0.511273,
                283.202,
                253.859,
                0.628708
            ],
            "face_keypoints_2d": [],
            "hand_left_keypoints_2d": [],
            "hand_right_keypoints_2d": [],
            "pose_keypoints_3d": [],
            "face_keypoints_3d": [],
            "hand_left_keypoints_3d": [],
            "hand_right_keypoints_3d": []
        }
    ]
}