{
    "version": 1.3,
    "people": [
        {
            "person_id": [
                -1
            ],
            "pose_keypoints_2d": [
                0,
                0,
                0,
                334.054,
                160.942,
                0.91993,
                352.66,
                160.887,
                0.875265,
                363.441,
                185.406,
                0.877418,
                362.447,
                211.803,
                0.725679,
                316.465,
                161.886,
                0.886994,
                310.608,
                191.206,
                0.839286,
                310.617,
                212.777,
                0.817289,
                339.894,
                206.871,
                0.780844,
                348.751,
                204.934,
                0.758663,
                348.787,
                230.371,
                0.601399,
                348.77,
                239.182,
                0.606216,
                328.216,
                207.85,
                0.740567,
                325.288,
                247.042,
                0.811017,
                333.146,
                287.096,
                0.824639,
                0,
                0,
                0,
                0,
                0,
                0,
                339.937,
                141.342,
                0.821403,
                324.3,
                141.355,
                0.8856,
                334.052,
                289.059,
                0.462817,
                332.094,
                290.061,
                0.565809,
                335.048,
                292.948,
                0.797352,
                350.696,
                247.995,
                0.378795,
                348.747,
                247.028,
                0.403343,
                352.66,
                238.184,
                0.469083
            ],
            "face_keypoints_2d": [],
            "hand_left_keypoints_2d": [],
            "hand_right_keypoints_2d": [],
            "pose_keypoints_3d": [],
            "face_keypoints_3d": [],
            "hand_left_keypoints_3d": [],
            "hand_right_keypoints_3d": []
        }
    ]
}