{
    "version": 1.3,
    "people": [
        {
            "person_id": [
                -1
            ],
            "pose_keypoints_2d": [
                0,
                0,
                0,
                432.852,
                91.4776,
                0.813819,
                457.322,
                92.4729,
                0.797999,
                0,
                0,
                0,
                0,
                0,
                0,
                403.542,
                90.5116,
                0.737972,
                369.276,
                119.825,
                0.705519,
                347.78,
                135.498,
                0.432233,
                433.874,
                175.603,
                0.600028,
                449.483,
                173.65,
                0.571442,
                447.522,
                257.771,
                0.75385,
                445.57,
                331.111,
                0.687017,
                419.144,
                176.58,
                0.577868,
                426.966,
                260.684,
                0.812266,
                434.809,
                329.177,
                0.73625,
                0,
                0,
                0,
                413.317,
                56.2347,
                0.11627,
                443.617,
                61.1623,
                0.231577,
                420.171,
                58.2137,
                0.876598,
                413.299,
                335.048,
                0.703821,
                419.16,
                338.927,
                0.729888,
                440.703,
                335.067,
                0.562742,
                425.02,
                333.099,
                0.057377,
                0,
                0,
                0,
                449.516,
                336.99,
                0.642829
            ],
            "face_keypoints_2d": [],
            "hand_left_keypoints_2d": [],
            "hand_right_keypoints_2d": [],
            "pose_keypoints_3d": [],
            "face_keypoints_3d": [],
            "hand_left_keypoints_3d": [],
            "hand_right_keypoints_3d": []
        }
    ]
}