{
    "version": 1.3,
    "people": [
        {
            "person_id": [
                -1
            ],
            "pose_keypoints_2d": [
                333.09,
                158.929,
                0.854427,
                333.044,
                165.796,
                0.888132,
                324.273,
                164.821,
                0.857699,
                319.415,
                171.681,
                0.45235,
                325.295,
                182.434,
                0.233231,
                340.928,
                165.816,
                0.855437,
                340.939,
                177.541,
                0.470226,
                337.985,
                184.418,
                0.282021,
                333.061,
                191.204,
                0.887608,
                326.248,
                190.269,
                0.834227,
                326.236,
                214.697,
                0.902467,
                325.255,
                239.15,
                0.907959,
                339.886,
                191.218,
                0.871985,
                337.972,
                214.748,
                0.895156,
                339.906,
                238.244,
                0.931652,
                332.1,
                154.108,
                0.856532,
                335.028,
                154.109,
                0.800655,
                327.218,
                155.068,
                0.616354,
                338.967,
                155.08,
                0.382046,
                339.976,
                244.059,
                0.707611,
                342.854,
                241.121,
                0.692445,
                338.947,
                240.144,
                0.702143,
                328.203,
                245.024,
                0.663359,
                324.291,
                244.07,
                0.670959,
                325.3,
                240.17,
                0.665946
            ],
            "face_keypoints_2d": [],
            "hand_left_keypoints_2d": [],
            "hand_right_keypoints_2d": [],
            "pose_keypoints_3d": [],
            "face_keypoints_3d": [],
            "hand_left_keypoints_3d": [],
            "hand_right_keypoints_3d": []
        }
    ]
}