{
    "version": 1.3,
    "people": [
        {
            "person_id": [
                -1
            ],
            "pose_keypoints_2d": [
                0,
                0,
                0,
                332.086,
                153.079,
                0.932318,
                349.703,
                152.153,
                0.87901,
                366.332,
                167.801,
                0.879853,
                370.27,
                196.125,
                0.817199,
                311.565,
                153.152,
                0.842209,
                306.685,
                184.404,
                0.818862,
                316.424,
                190.27,
                0.163045,
                337.991,
                199.037,
                0.731648,
                347.747,
                197.125,
                0.733014,
                334.091,
                239.203,
                0.816763,
                332.057,
                278.332,
                0.862171,
                327.237,
                199.089,
                0.723876,
                338.926,
                239.227,
                0.846075,
                348.764,
                271.471,
                0.839337,
                0,
                0,
                0,
                0,
                0,
                0,
                337.959,
                135.46,
                0.627443,
                322.319,
                135.501,
                0.807408,
                354.597,
                298.855,
                0.693643,
                354.59,
                294.956,
                0.605597,
                353.622,
                276.343,
                0.670064,
                325.223,
                284.152,
                0.634289,
                328.196,
                284.151,
                0.589744,
                331.13,
                285.103,
                0.815139
            ],
            "face_keypoints_2d": [],
            "hand_left_keypoints_2d": [],
            "hand_right_keypoints_2d": [],
            "pose_keypoints_3d": [],
            "face_keypoints_3d": [],
            "hand_left_keypoints_3d": [],
            "hand_right_keypoints_3d": []
        }
    ]
}