{
    "version": 1.3,
    "people": [
        {
            "person_id": [
                -1
            ],
            "pose_keypoints_2d": [
                348.725,
                191.216,
                0.19853,
                348.764,
                191.292,
                0.949601,
                340.896,
                191.292,
                0.927029,
                331.129,
                196.121,
                0.803861,
                319.409,
                194.178,
                0.779199,
                357.549,
                192.194,
                0.863457,
                369.276,
                199.019,
                0.521566,
                378.091,
                200.045,
                0.289487,
                348.763,
                215.741,
                0.907172,
                342.888,
                216.665,
                0.840108,
                346.8,
                236.239,
                0.852817,
                347.723,
                251.908,
                0.874376,
                355.582,
                215.73,
                0.9104,
                355.628,
                236.222,
                0.876645,
                356.551,
                251.913,
                0.816629,
                348.728,
                190.235,
                0.146643,
                349.741,
                190.247,
                0.167586,
                346.772,
                186.368,
                0.139132,
                354.624,
                188.324,
                0.206108,
                356.534,
                254.862,
                0.687485,
                357.579,
                254.815,
                0.68093,
                355.622,
                252.891,
                0.654429,
                347.761,
                254.866,
                0.832174,
                344.832,
                254.81,
                0.782799,
                347.789,
                253.816,
                0.79738
            ],
            "face_keypoints_2d": [],
            "hand_left_keypoints_2d": [],
            "hand_right_keypoints_2d": [],
            "pose_keypoints_3d": [],
            "face_keypoints_3d": [],
            "hand_left_keypoints_3d": [],
            "hand_right_keypoints_3d": []
        }
    ]
}