{
    "version": 1.3,
    "people": [
        {
            "person_id": [
                -1
            ],
            "pose_keypoints_2d": [
                0,
                0,
                0,
                425.015,
                97.2944,
                0.819056,
                449.464,
                97.3377,
                0.826618,
                455.344,
                149.168,
                0.752341,
                448.512,
                185.397,
                0.624883,
                397.645,
                96.3647,
                0.761901,
                386.833,
                144.322,
                0.878102,
                372.202,
                191.271,
                0.791065,
                426.048,
                177.569,
                0.583673,
                441.627,
                176.589,
                0.550811,
                440.67,
                259.737,
                0.778258,
                441.628,
                331.113,
                0.740443,
                411.368,
                179.502,
                0.539415,
                419.218,
                261.66,
                0.80947,
                428.94,
                329.188,
                0.747393,
                0,
                0,
                0,
                395.749,
                67.0036,
                0.138512,
                426.973,
                66.0711,
                0.264873,
                403.534,
                66.031,
                0.92908,
                409.379,
                337.017,
                0.749351,
                413.295,
                339.886,
                0.772975,
                434.795,
                335.065,
                0.654007,
                0,
                0,
                0,
                0,
                0,
                0,
                442.684,
                337.008,
                0.666279
            ],
            "face_keypoints_2d": [],
            "hand_left_keypoints_2d": [],
            "hand_right_keypoints_2d": [],
            "pose_keypoints_3d": [],
            "face_keypoints_3d": [],
            "hand_left_keypoints_3d": [],
            "hand_right_keypoints_3d": []
        }
    ]
}