{
    "version": 1.3,
    "people": [
        {
            "person_id": [
                -1
            ],
            "pose_keypoints_2d": [
                0,
                0,
                0,
                433.844,
                87.5693,
                0.864698,
                457.285,
                89.4643,
                0.787449,
                478.833,
                60.1877,
                0.70679,
                495.438,
                41.587,
                0.852669,
                410.396,
                86.5833,
                0.741244,
                372.265,
                46.473,
                0.768085,
                340.928,
                12.2443,
                0.833632,
                432.877,
                175.577,
                0.538218,
                447.528,
                173.639,
                0.51121,
                446.569,
                258.759,
                0.740877,
                448.494,
                332.082,
                0.713245,
                418.181,
                175.607,
                0.522935,
                426.996,
                259.722,
                0.806553,
                435.834,
                331.106,
                0.742037,
                0,
                0,
                0,
                411.335,
                56.2416,
                0.191505,
                437.761,
                61.153,
                0.146282,
                418.175,
                59.1977,
                0.921557,
                415.272,
                336.988,
                0.728514,
                419.211,
                338.974,
                0.769744,
                442.649,
                337.009,
                0.584437,
                425.022,
                336.01,
                0.0558112,
                0,
                0,
                0,
                450.513,
                337.992,
                0.617513
            ],
            "face_keypoints_2d": [],
            "hand_left_keypoints_2d": [],
            "hand_right_keypoints_2d": [],
            "pose_keypoints_3d": [],
            "face_keypoints_3d": [],
            "hand_left_keypoints_3d": [],
            "hand_right_keypoints_3d": []
        }
    ]
}