{
    "version": 1.3,
    "people": [
        {
            "person_id": [
                -1
            ],
            "pose_keypoints_2d": [
                0,
                0,
                0,
                395.701,
                98.3324,
                0.88616,
                419.154,
                98.3248,
                0.839515,
                426.018,
                152.078,
                0.706711,
                420.14,
                181.475,
                0.328748,
                372.19,
                98.3547,
                0.814642,
                359.486,
                146.255,
                0.811815,
                348.725,
                192.267,
                0.791244,
                403.497,
                179.503,
                0.622102,
                418.172,
                178.524,
                0.601528,
                419.217,
                260.697,
                0.808926,
                420.164,
                332.09,
                0.74177,
                388.847,
                180.495,
                0.562452,
                401.573,
                262.637,
                0.826276,
                410.367,
                332.075,
                0.786896,
                0,
                0,
                0,
                0,
                0,
                0,
                396.707,
                73.8629,
                0.341508,
                377.094,
                74.8861,
                0.862269,
                389.816,
                339.908,
                0.752166,
                395.672,
                340.894,
                0.775815,
                414.296,
                337.983,
                0.60567,
                396.674,
                336.998,
                0.0534535,
                0,
                0,
                0,
                425.04,
                338.937,
                0.661753
            ],
            "face_keypoints_2d": [],
            "hand_left_keypoints_2d": [],
            "hand_right_keypoints_2d": [],
            "pose_keypoints_3d": [],
            "face_keypoints_3d": [],
            "hand_left_keypoints_3d": [],
            "hand_right_keypoints_3d": []
        }
    ]
}