{
    "version": 1.3,
    "people": [
        {
            "person_id": [
                -1
            ],
            "pose_keypoints_2d": [
                0,
                0,
                0,
                389.812,
                120.765,
                0.838935,
                411.353,
                119.86,
                0.850152,
                426.017,
                157.982,
                0.818195,
                425.044,
                191.244,
                0.742005,
                367.316,
                120.787,
                0.808723,
                363.444,
                161.901,
                0.877031,
                363.403,
                199.081,
                0.852854,
                398.629,
                185.38,
                0.611348,
                411.394,
                183.416,
                0.632491,
                425.992,
                249.948,
                0.815812,
                453.399,
                300.796,
                0.768369,
                384.947,
                187.342,
                0.597729,
                379.072,
                252.841,
                0.842784,
                387.832,
                312.543,
                0.814901,
                0,
                0,
                0,
                367.311,
                92.4426,
                0.140958,
                393.709,
                96.3729,
                0.476235,
                372.258,
                94.3892,
                0.885495,
                371.198,
                317.454,
                0.729105,
                372.245,
                319.38,
                0.771619,
                391.78,
                318.401,
                0.742768,
                451.449,
                332.078,
                0.73982,
                453.419,
                330.146,
                0.602718,
                459.304,
                301.769,
                0.693872
            ],
            "face_keypoints_2d": [],
            "hand_left_keypoints_2d": [],
            "hand_right_keypoints_2d": [],
            "pose_keypoints_3d": [],
            "face_keypoints_3d": [],
            "hand_left_keypoints_3d": [],
            "hand_right_keypoints_3d": []
        }
    ]
}