{
    "version": 1.3,
    "people": [
        {
            "person_id": [
                -1
            ],
            "pose_keypoints_2d": [
                333.114,
                145.312,
                0.903236,
                333.088,
                154.117,
                0.907941,
                324.313,
                155.059,
                0.873987,
                310.616,
                152.103,
                0.527314,
                302.766,
                150.178,
                0.165524,
                341.911,
                154.07,
                0.879023,
                358.53,
                152.079,
                0.826489,
                374.18,
                145.294,
                0.786985,
                333.116,
                185.399,
                0.863124,
                327.237,
                185.403,
                0.816021,
                330.164,
                213.74,
                0.864403,
                326.234,
                236.235,
                0.823342,
                339.947,
                185.391,
                0.868467,
                339.948,
                213.731,
                0.890141,
                339.916,
                237.241,
                0.892252,
                332.113,
                144.334,
                0.93351,
                334.099,
                144.317,
                0.875297,
                327.222,
                145.313,
                0.786969,
                338.962,
                145.269,
                0.34624,
                339.965,
                240.193,
                0.6746,
                341.923,
                239.197,
                0.686398,
                338.923,
                238.221,
                0.693988,
                330.164,
                240.174,
                0.743779,
                325.248,
                239.22,
                0.780939,
                326.271,
                238.167,
                0.696705
            ],
            "face_keypoints_2d": [],
            "hand_left_keypoints_2d": [],
            "hand_right_keypoints_2d": [],
            "pose_keypoints_3d": [],
            "face_keypoints_3d": [],
            "hand_left_keypoints_3d": [],
            "hand_right_keypoints_3d": []
        }
    ]
}