{
    "version": 1.3,
    "people": [
        {
            "person_id": [
                -1
            ],
            "pose_keypoints_2d": [
                261.697,
                200.073,
                0.234645,
                261.625,
                204.945,
                0.560653,
                260.716,
                205.886,
                0.66464,
                262.607,
                214.687,
                0.813136,
                270.478,
                215.762,
                0.637749,
                261.679,
                204.918,
                0.518487,
                262.681,
                212.755,
                0.166574,
                270.463,
                215.726,
                0.117411,
                262.672,
                222.561,
                0.714971,
                262.645,
                222.554,
                0.811459,
                262.714,
                239.152,
                0.745813,
                264.621,
                253.894,
                0.524314,
                262.7,
                222.55,
                0.639287,
                262.71,
                239.15,
                0.623553,
                259.723,
                252.862,
                0.315318,
                261.645,
                200.027,
                0.220259,
                261.712,
                199.998,
                0.13009,
                261.619,
                199.111,
                0.26643,
                0,
                0,
                0,
                258.756,
                253.875,
                0.254875,
                257.782,
                253.852,
                0.218743,
                255.809,
                252.868,
                0.322831,
                269.48,
                254.866,
                0.446788,
                267.562,
                255.8,
                0.418188,
                263.631,
                254.864,
                0.463118
            ],
            "face_keypoints_2d": [],
            "hand_left_keypoints_2d": [],
            "hand_right_keypoints_2d": [],
            "pose_keypoints_3d": [],
            "face_keypoints_3d": [],
            "hand_left_keypoints_3d": [],
            "hand_right_keypoints_3d": []
        }
    ]
}