{
    "version": 1.3,
    "people": [
        {
            "person_id": [
                -1
            ],
            "pose_keypoints_2d": [
                405.498,
                74.7952,
                0.0768161,
                428.966,
                104.198,
                0.811809,
                455.339,
                105.153,
                0.776419,
                465.114,
                156.047,
                0.809772,
                457.355,
                187.33,
                0.563301,
                403.552,
                104.163,
                0.779044,
                396.694,
                152.089,
                0.8479,
                388.861,
                192.259,
                0.831244,
                433.884,
                185.396,
                0.624081,
                449.534,
                185.397,
                0.626461,
                451.435,
                261.711,
                0.818284,
                453.397,
                331.127,
                0.731731,
                418.223,
                186.352,
                0.600899,
                394.731,
                246.062,
                0.896156,
                426.007,
                307.638,
                0.776137,
                0,
                0,
                0,
                408.418,
                70.9267,
                0.230726,
                434.854,
                73.8911,
                0.149703,
                414.287,
                72.8528,
                0.835238,
                411.336,
                326.27,
                0.729234,
                417.2,
                326.259,
                0.733945,
                433.828,
                310.575,
                0.779001,
                432.871,
                333.085,
                0.401912,
                434.826,
                332.157,
                0.326365,
                457.331,
                338.962,
                0.673193
            ],
            "face_keypoints_2d": [],
            "hand_left_keypoints_2d": [],
            "hand_right_keypoints_2d": [],
            "pose_keypoints_3d": [],
            "face_keypoints_3d": [],
            "hand_left_keypoints_3d": [],
            "hand_right_keypoints_3d": []
        }
    ]
}