{
    "version": 1.3,
    "people": [
        {
            "person_id": [
                -1
            ],
            "pose_keypoints_2d": [
                395.64,
                73.816,
                0.0595135,
                422.099,
                97.3454,
                0.830139,
                447.543,
                97.3447,
                0.789579,
                451.435,
                148.22,
                0.78782,
                447.528,
                183.45,
                0.627314,
                395.723,
                97.3489,
                0.809526,
                385.883,
                145.303,
                0.843078,
                372.243,
                191.273,
                0.812606,
                425.987,
                178.54,
                0.581258,
                440.67,
                177.552,
                0.554212,
                438.717,
                256.801,
                0.745909,
                437.769,
                330.167,
                0.674655,
                410.375,
                180.498,
                0.557306,
                419.129,
                261.675,
                0.84163,
                427.044,
                329.191,
                0.750675,
                0,
                0,
                0,
                395.671,
                67.9881,
                0.19093,
                425.98,
                66.9938,
                0.352782,
                402.56,
                66.9803,
                0.951291,
                408.399,
                337.954,
                0.735369,
                412.315,
                339.885,
                0.777371,
                433.833,
                335.068,
                0.641356,
                417.232,
                334.071,
                0.0594035,
                0,
                0,
                0,
                441.687,
                336.99,
                0.616738
            ],
            "face_keypoints_2d": [],
            "hand_left_keypoints_2d": [],
            "hand_right_keypoints_2d": [],
            "pose_keypoints_3d": [],
            "face_keypoints_3d": [],
            "hand_left_keypoints_3d": [],
            "hand_right_keypoints_3d": []
        }
    ]
}