{
    "version": 1.3,
    "people": [
        {
            "person_id": [
                -1
            ],
            "pose_keypoints_2d": [
                333.093,
                144.27,
                0.917222,
                333.094,
                154.058,
                0.935062,
                325.229,
                154.094,
                0.879105,
                310.589,
                149.177,
                0.534103,
                298.854,
                148.211,
                0.193612,
                341.885,
                153.119,
                0.891231,
                358.509,
                147.228,
                0.750599,
                373.194,
                142.318,
                0.756688,
                333.089,
                185.362,
                0.875529,
                326.271,
                184.451,
                0.836761,
                326.278,
                213.754,
                0.862701,
                325.279,
                237.235,
                0.874816,
                339.929,
                185.37,
                0.859189,
                339.925,
                213.762,
                0.885993,
                338.975,
                238.179,
                0.86261,
                332.092,
                143.278,
                0.888116,
                334.065,
                142.333,
                0.816124,
                326.281,
                145.237,
                0.81549,
                337.989,
                144.298,
                0.429501,
                339.933,
                242.129,
                0.62699,
                341.895,
                240.144,
                0.657934,
                337,
                239.145,
                0.678241,
                328.212,
                241.137,
                0.618543,
                324.31,
                240.172,
                0.655788,
                326.238,
                238.231,
                0.7014
            ],
            "face_keypoints_2d": [],
            "hand_left_keypoints_2d": [],
            "hand_right_keypoints_2d": [],
            "pose_keypoints_3d": [],
            "face_keypoints_3d": [],
            "hand_left_keypoints_3d": [],
            "hand_right_keypoints_3d": []
        }
    ]
}