{
    "version": 1.3,
    "people": [
        {
            "person_id": [
                -1
            ],
            "pose_keypoints_2d": [
                0,
                0,
                0,
                404.483,
                90.4634,
                0.856899,
                433.867,
                93.4442,
                0.76696,
                443.622,
                152.105,
                0.803122,
                447.516,
                198.105,
                0.772453,
                376.138,
                87.5548,
                0.724883,
                364.375,
                138.411,
                0.860855,
                355.578,
                193.201,
                0.815774,
                407.438,
                179.508,
                0.501234,
                425.997,
                179.516,
                0.525362,
                432.876,
                277.314,
                0.753123,
                433.807,
                357.548,
                0.706215,
                388.833,
                180.477,
                0.495806,
                363.444,
                261.675,
                0.774479,
                338.927,
                341.88,
                0.711275,
                0,
                0,
                0,
                0,
                0,
                0,
                406.452,
                62.1313,
                0.340948,
                381.016,
                62.129,
                0.847659,
                317.432,
                348.723,
                0.540944,
                323.319,
                349.741,
                0.502606,
                339.971,
                348.71,
                0.567974,
                421.121,
                357.556,
                0.209394,
                421.121,
                357.558,
                0.190757,
                434.798,
                357.568,
                0.524926
            ],
            "face_keypoints_2d": [],
            "hand_left_keypoints_2d": [],
            "hand_right_keypoints_2d": [],
            "pose_keypoints_3d": [],
            "face_keypoints_3d": [],
            "hand_left_keypoints_3d": [],
            "hand_right_keypoints_3d": []
        }
    ]
}