{
    "version": 1.3,
    "people": [
        {
            "person_id": [
                -1
            ],
            "pose_keypoints_2d": [
                411.409,
                65.9808,
                0.0626961,
                435.823,
                97.3122,
                0.845423,
                460.269,
                97.3467,
                0.780873,
                471.97,
                150.17,
                0.777704,
                478.846,
                192.193,
                0.791667,
                411.376,
                96.3343,
                0.767089,
                393.74,
                143.314,
                0.782587,
                372.242,
                188.315,
                0.784987,
                437.762,
                177.554,
                0.535206,
                451.478,
                176.563,
                0.545659,
                450.49,
                259.735,
                0.808718,
                451.439,
                331.142,
                0.741673,
                423.099,
                179.499,
                0.523525,
                433.807,
                259.705,
                0.809165,
                441.635,
                330.132,
                0.749636,
                0,
                0,
                0,
                415.265,
                59.2081,
                0.206037,
                443.654,
                66.0077,
                0.224088,
                421.142,
                60.1919,
                0.8418,
                419.179,
                336.988,
                0.711297,
                425.993,
                339.894,
                0.728788,
                445.57,
                335.066,
                0.577504,
                0,
                0,
                0,
                0,
                0,
                0,
                456.332,
                337,
                0.669341
            ],
            "face_keypoints_2d": [],
            "hand_left_keypoints_2d": [],
            "hand_right_keypoints_2d": [],
            "pose_keypoints_3d": [],
            "face_keypoints_3d": [],
            "hand_left_keypoints_3d": [],
            "hand_right_keypoints_3d": []
        }
    ]
}