{
    "version": 1.3,
    "people": [
        {
            "person_id": [
                -1
            ],
            "pose_keypoints_2d": [
                0,
                0,
                0,
                378.089,
                93.4116,
                0.800033,
                411.336,
                91.5047,
                0.730339,
                426.969,
                147.232,
                0.797909,
                426.976,
                199.059,
                0.811843,
                340.914,
                94.4029,
                0.712533,
                322.305,
                152.098,
                0.771138,
                301.792,
                203.963,
                0.761464,
                382.994,
                187.336,
                0.518402,
                402.56,
                186.366,
                0.542379,
                418.195,
                281.237,
                0.792661,
                428.936,
                357.569,
                0.679077,
                363.385,
                188.32,
                0.505836,
                340.921,
                277.363,
                0.794259,
                324.29,
                357.56,
                0.758377,
                0,
                0,
                0,
                0,
                0,
                0,
                381.989,
                61.1683,
                0.646397,
                354.573,
                62.1368,
                0.805764,
                322.312,
                357.59,
                0.0897782,
                325.27,
                357.59,
                0.11576,
                323.272,
                357.574,
                0.441573,
                426.985,
                357.58,
                0.161014,
                427.982,
                357.583,
                0.135231,
                430.895,
                357.581,
                0.335392
            ],
            "face_keypoints_2d": [],
            "hand_left_keypoints_2d": [],
            "hand_right_keypoints_2d": [],
            "pose_keypoints_3d": [],
            "face_keypoints_3d": [],
            "hand_left_keypoints_3d": [],
            "hand_right_keypoints_3d": []
        }
    ]
}