{
    "version": 1.3,
    "people": [
        {
            "person_id": [
                -1
            ],
            "pose_keypoints_2d": [
                0,
                0,
                0,
                379.054,
                101.245,
                0.825168,
                404.512,
                100.267,
                0.764488,
                425.045,
                151.148,
                0.788082,
                428.951,
                194.183,
                0.778904,
                348.76,
                103.187,
                0.771259,
                340.9,
                150.139,
                0.867034,
                333.051,
                193.204,
                0.845566,
                387.855,
                181.476,
                0.568576,
                403.54,
                177.571,
                0.551746,
                423.072,
                259.719,
                0.763785,
                448.488,
                332.111,
                0.771467,
                371.262,
                183.426,
                0.56413,
                367.336,
                270.515,
                0.75703,
                364.443,
                336.041,
                0.790065,
                0,
                0,
                0,
                0,
                0,
                0,
                379.089,
                74.8437,
                0.387777,
                355.58,
                79.7191,
                0.864049,
                343.839,
                340.936,
                0.717382,
                348.769,
                342.893,
                0.722285,
                370.261,
                342.856,
                0.738291,
                433.834,
                348.787,
                0.488803,
                434.836,
                348.701,
                0.451498,
                451.487,
                337.99,
                0.631183
            ],
            "face_keypoints_2d": [],
            "hand_left_keypoints_2d": [],
            "hand_right_keypoints_2d": [],
            "pose_keypoints_3d": [],
            "face_keypoints_3d": [],
            "hand_left_keypoints_3d": [],
            "hand_right_keypoints_3d": []
        }
    ]
}