{
    "version": 1.3,
    "people": [
        {
            "person_id": [
                -1
            ],
            "pose_keypoints_2d": [
                0,
                0,
                0,
                387.872,
                98.3743,
                0.869727,
                411.353,
                99.3365,
                0.806004,
                418.199,
                152.103,
                0.784506,
                411.379,
                184.389,
                0.448459,
                363.432,
                98.3618,
                0.824301,
                351.673,
                146.237,
                0.813434,
                340.923,
                193.213,
                0.794414,
                394.753,
                179.517,
                0.621846,
                410.334,
                179.505,
                0.582386,
                411.361,
                260.72,
                0.842093,
                411.383,
                331.128,
                0.751921,
                380.078,
                181.464,
                0.571051,
                391.786,
                262.661,
                0.802465,
                401.579,
                331.145,
                0.766419,
                0,
                0,
                0,
                0,
                0,
                0,
                387.877,
                73.8827,
                0.343487,
                368.294,
                75.818,
                0.83947,
                381.003,
                339.951,
                0.82078,
                386.912,
                340.928,
                0.809163,
                405.465,
                337.991,
                0.661124,
                0,
                0,
                0,
                0,
                0,
                0,
                416.226,
                337.979,
                0.678196
            ],
            "face_keypoints_2d": [],
            "hand_left_keypoints_2d": [],
            "hand_right_keypoints_2d": [],
            "pose_keypoints_3d": [],
            "face_keypoints_3d": [],
            "hand_left_keypoints_3d": [],
            "hand_right_keypoints_3d": []
        }
    ]
}