{
    "version": 1.3,
    "people": [
        {
            "person_id": [
                -1
            ],
            "pose_keypoints_2d": [
                333.072,
                153.099,
                0.956614,
                332.142,
                160.958,
                0.946157,
                324.242,
                160.925,
                0.909701,
                309.592,
                162.871,
                0.796959,
                293.925,
                161.912,
                0.778083,
                340.947,
                160.974,
                0.869218,
                350.713,
                160.915,
                0.297873,
                346.762,
                154.108,
                0.192629,
                333.103,
                190.273,
                0.900111,
                327.216,
                190.252,
                0.838887,
                326.233,
                214.698,
                0.90071,
                325.24,
                238.183,
                0.88912,
                339.932,
                191.198,
                0.891576,
                338.921,
                214.739,
                0.905572,
                339.894,
                238.19,
                0.913124,
                332.081,
                152.092,
                0.933036,
                334.096,
                152.106,
                0.898555,
                326.273,
                152.137,
                0.752343,
                338.941,
                152.165,
                0.585625,
                339.928,
                242.097,
                0.689341,
                341.903,
                239.234,
                0.719405,
                338.941,
                239.18,
                0.719006,
                325.299,
                241.16,
                0.652546,
                322.343,
                240.18,
                0.63602,
                326.23,
                239.178,
                0.66957
            ],
            "face_keypoints_2d": [],
            "hand_left_keypoints_2d": [],
            "hand_right_keypoints_2d": [],
            "pose_keypoints_3d": [],
            "face_keypoints_3d": [],
            "hand_left_keypoints_3d": [],
            "hand_right_keypoints_3d": []
        }
    ]
}