{
    "version": 1.3,
    "people": [
        {
            "person_id": [
                -1
            ],
            "pose_keypoints_2d": [
                0,
                0,
                0,
                430.899,
                85.6099,
                0.76969,
                451.448,
                89.479,
                0.825674,
                440.696,
                47.454,
                0.739216,
                427.041,
                13.2162,
                0.868564,
                409.362,
                82.6823,
                0.786365,
                390.814,
                35.7634,
                0.77584,
                382.988,
                2.4433,
                0.591146,
                429.923,
                173.644,
                0.534656,
                442.699,
                170.705,
                0.567488,
                443.654,
                259.729,
                0.766999,
                446.574,
                330.152,
                0.711748,
                415.247,
                175.588,
                0.514853,
                426.06,
                258.755,
                0.818302,
                434.856,
                328.216,
                0.751081,
                0,
                0,
                0,
                0,
                0,
                0,
                440.67,
                65.9934,
                0.449319,
                418.153,
                58.2169,
                0.929012,
                415.266,
                335.033,
                0.721151,
                419.21,
                337.98,
                0.7481,
                441.666,
                335.031,
                0.595579,
                425.01,
                333.064,
                0.0512414,
                0,
                0,
                0,
                450.45,
                335.051,
                0.655803
            ],
            "face_keypoints_2d": [],
            "hand_left_keypoints_2d": [],
            "hand_right_keypoints_2d": [],
            "pose_keypoints_3d": [],
            "face_keypoints_3d": [],
            "hand_left_keypoints_3d": [],
            "hand_right_keypoints_3d": []
        }
    ]
}