{
    "version": 1.3,
    "people": [
        {
            "person_id": [
                -1
            ],
            "pose_keypoints_2d": [
                0,
                0,
                0,
                428.009,
                86.5968,
                0.781749,
                450.516,
                89.4733,
                0.828966,
                438.726,
                47.4603,
                0.686478,
                426.041,
                11.2915,
                0.882491,
                405.479,
                83.66,
                0.758598,
                390.787,
                38.6472,
                0.771842,
                383.965,
                7.3322,
                0.724011,
                427.995,
                173.651,
                0.551786,
                442.659,
                170.721,
                0.575464,
                443.622,
                260.69,
                0.80142,
                445.585,
                331.107,
                0.724275,
                413.285,
                175.586,
                0.522001,
                426.039,
                258.751,
                0.81831,
                434.802,
                329.16,
                0.752698,
                0,
                0,
                0,
                0,
                0,
                0,
                439.688,
                64.0934,
                0.348971,
                417.213,
                58.2518,
                0.922413,
                414.279,
                335.041,
                0.726559,
                419.176,
                337.99,
                0.761798,
                440.694,
                334.098,
                0.576385,
                424.997,
                333.065,
                0.0583273,
                0,
                0,
                0,
                449.53,
                336.016,
                0.672924
            ],
            "face_keypoints_2d": [],
            "hand_left_keypoints_2d": [],
            "hand_right_keypoints_2d": [],
            "pose_keypoints_3d": [],
            "face_keypoints_3d": [],
            "hand_left_keypoints_3d": [],
            "hand_right_keypoints_3d": []
        }
    ]
}