{
    "version": 1.3,
    "people": [
        {
            "person_id": [
                -1
            ],
            "pose_keypoints_2d": [
                0,
                0,
                0,
                340.886,
                161.943,
                0.904543,
                358.528,
                161.942,
                0.826774,
                368.293,
                188.315,
                0.813704,
                363.457,
                211.784,
                0.849756,
                323.299,
                162.879,
                0.838087,
                310.61,
                191.224,
                0.874604,
                317.458,
                208.861,
                0.553212,
                340.891,
                206.915,
                0.842077,
                351.663,
                206.909,
                0.74782,
                347.791,
                247.02,
                0.86966,
                341.907,
                286.186,
                0.844629,
                331.135,
                206.92,
                0.782137,
                332.118,
                251.881,
                0.81887,
                356.565,
                247.003,
                0.706462,
                0,
                0,
                0,
                0,
                0,
                0,
                348.735,
                144.279,
                0.811679,
                333.098,
                143.302,
                0.866685,
                369.28,
                254.854,
                0.324048,
                368.306,
                253.845,
                0.389135,
                361.464,
                245.056,
                0.572602,
                339.943,
                291.023,
                0.673191,
                342.871,
                291.035,
                0.654911,
                340.952,
                291.993,
                0.850629
            ],
            "face_keypoints_2d": [],
            "hand_left_keypoints_2d": [],
            "hand_right_keypoints_2d": [],
            "pose_keypoints_3d": [],
            "face_keypoints_3d": [],
            "hand_left_keypoints_3d": [],
            "hand_right_keypoints_3d": []
        }
    ]
}