{
    "version": 1.3,
    "people": [
        {
            "person_id": [
                -1
            ],
            "pose_keypoints_2d": [
                411.384,
                66.0478,
                0.130914,
                435.819,
                97.3451,
                0.851903,
                461.235,
                98.3291,
                0.758111,
                476.884,
                146.249,
                0.783337,
                492.544,
                183.394,
                0.753691,
                411.355,
                96.3473,
                0.769841,
                380.072,
                135.485,
                0.814097,
                355.582,
                173.658,
                0.797522,
                436.79,
                177.563,
                0.54904,
                450.514,
                176.576,
                0.554159,
                450.47,
                259.729,
                0.813037,
                450.491,
                330.162,
                0.743042,
                423.082,
                179.517,
                0.526023,
                433.793,
                260.663,
                0.809382,
                441.613,
                329.165,
                0.745061,
                0,
                0,
                0,
                413.286,
                60.1634,
                0.288942,
                443.611,
                66.0205,
                0.142117,
                421.119,
                60.1908,
                0.842364,
                419.168,
                337.012,
                0.719455,
                425.984,
                339.903,
                0.728926,
                444.62,
                335.042,
                0.584669,
                0,
                0,
                0,
                0,
                0,
                0,
                456.307,
                335.062,
                0.637689
            ],
            "face_keypoints_2d": [],
            "hand_left_keypoints_2d": [],
            "hand_right_keypoints_2d": [],
            "pose_keypoints_3d": [],
            "face_keypoints_3d": [],
            "hand_left_keypoints_3d": [],
            "hand_right_keypoints_3d": []
        }
    ]
}