{
    "version": 1.3,
    "people": [
        {
            "person_id": [
                -1
            ],
            "pose_keypoints_2d": [
                0,
                0,
                0,
                331.126,
                159.9,
                0.893416,
                348.709,
                157.995,
                0.862366,
                364.36,
                181.443,
                0.872492,
                363.434,
                207.893,
                0.829779,
                310.604,
                159.963,
                0.889564,
                308.581,
                192.237,
                0.858277,
                293.98,
                193.187,
                0.736534,
                337.996,
                206.868,
                0.720751,
                347.792,
                204.955,
                0.729676,
                343.847,
                246.051,
                0.812458,
                350.698,
                265.604,
                0.670122,
                326.245,
                206.928,
                0.727745,
                327.218,
                252.848,
                0.81419,
                339.977,
                292.018,
                0.852399,
                0,
                0,
                0,
                0,
                0,
                0,
                335.04,
                138.419,
                0.771276,
                318.439,
                138.433,
                0.855923,
                340.892,
                293.968,
                0.536962,
                336.996,
                294.946,
                0.634298,
                341.888,
                294.961,
                0.760486,
                355.571,
                284.174,
                0.631445,
                359.506,
                282.206,
                0.5536,
                354.592,
                268.524,
                0.528458
            ],
            "face_keypoints_2d": [],
            "hand_left_keypoints_2d": [],
            "hand_right_keypoints_2d": [],
            "pose_keypoints_3d": [],
            "face_keypoints_3d": [],
            "hand_left_keypoints_3d": [],
            "hand_right_keypoints_3d": []
        }
    ]
}