{
    "version": 1.3,
    "people": [
        {
            "person_id": [
                -1
            ],
            "pose_keypoints_2d": [
                0,
                0,
                0,
                373.21,
                101.273,
                0.799757,
                401.561,
                102.24,
                0.762019,
                419.169,
                151.147,
                0.838376,
                426.969,
                194.207,
                0.781147,
                346.785,
                102.252,
                0.746911,
                336.038,
                151.11,
                0.807319,
                329.158,
                197.13,
                0.751901,
                385.909,
                181.472,
                0.562865,
                402.499,
                178.526,
                0.585695,
                418.147,
                256.797,
                0.827352,
                444.631,
                325.238,
                0.737894,
                369.284,
                183.423,
                0.532141,
                368.294,
                269.52,
                0.770757,
                369.28,
                335.062,
                0.738543,
                0,
                0,
                0,
                347.709,
                82.6904,
                0.127367,
                373.195,
                75.8418,
                0.266229,
                353.623,
                80.6836,
                0.808531,
                347.732,
                340.941,
                0.736881,
                351.684,
                343.834,
                0.698588,
                372.259,
                341.889,
                0.733948,
                434.806,
                347.77,
                0.753689,
                435.786,
                346.783,
                0.601189,
                450.514,
                331.126,
                0.612568
            ],
            "face_keypoints_2d": [],
            "hand_left_keypoints_2d": [],
            "hand_right_keypoints_2d": [],
            "pose_keypoints_3d": [],
            "face_keypoints_3d": [],
            "hand_left_keypoints_3d": [],
            "hand_right_keypoints_3d": []
        }
    ]
}