{
    "version": 1.3,
    "people": [
        {
            "person_id": [
                -1
            ],
            "pose_keypoints_2d": [
                0,
                0,
                0,
                337.015,
                159.924,
                0.867348,
                355.537,
                158.97,
                0.863303,
                369.288,
                176.585,
                0.857078,
                372.277,
                202.018,
                0.839875,
                318.423,
                159.973,
                0.879404,
                309.604,
                190.263,
                0.857101,
                323.296,
                194.196,
                0.272751,
                339.974,
                201.058,
                0.81522,
                348.766,
                200.091,
                0.780283,
                342.862,
                239.212,
                0.701011,
                339.906,
                271.47,
                0.733026,
                332.065,
                203.002,
                0.770806,
                339.926,
                242.12,
                0.800233,
                348.701,
                275.378,
                0.718494,
                0,
                0,
                0,
                0,
                0,
                0,
                343.844,
                143.289,
                0.724044,
                331.108,
                142.34,
                0.824673,
                347.779,
                287.112,
                0.578676,
                346.782,
                286.143,
                0.606296,
                349.716,
                278.349,
                0.63738,
                332.131,
                279.286,
                0.455131,
                335.034,
                278.313,
                0.454748,
                339.892,
                277.319,
                0.610322
            ],
            "face_keypoints_2d": [],
            "hand_left_keypoints_2d": [],
            "hand_right_keypoints_2d": [],
            "pose_keypoints_3d": [],
            "face_keypoints_3d": [],
            "hand_left_keypoints_3d": [],
            "hand_right_keypoints_3d": []
        }
    ]
}