{
    "version": 1.3,
    "people": [
        {
            "person_id": [
                -1
            ],
            "pose_keypoints_2d": [
                0,
                0,
                0,
                426.006,
                96.3772,
                0.859058,
                450.449,
                97.3116,
                0.835181,
                456.319,
                148.224,
                0.773565,
                449.442,
                185.4,
                0.633919,
                399.617,
                96.3524,
                0.753375,
                386.923,
                145.243,
                0.890428,
                378.064,
                186.351,
                0.786945,
                427.027,
                178.538,
                0.570922,
                441.698,
                176.59,
                0.56563,
                441.684,
                260.697,
                0.822963,
                441.667,
                330.167,
                0.749422,
                412.345,
                180.486,
                0.523693,
                421.139,
                260.716,
                0.764709,
                430.89,
                328.188,
                0.734257,
                0,
                0,
                0,
                400.565,
                66.0485,
                0.173336,
                428.96,
                66.0306,
                0.242644,
                406.458,
                65.072,
                0.852565,
                410.319,
                336.042,
                0.746199,
                413.316,
                338.948,
                0.748883,
                434.847,
                335.04,
                0.615759,
                0,
                0,
                0,
                0,
                0,
                0,
                443.635,
                337.009,
                0.624458
            ],
            "face_keypoints_2d": [],
            "hand_left_keypoints_2d": [],
            "hand_right_keypoints_2d": [],
            "pose_keypoints_3d": [],
            "face_keypoints_3d": [],
            "hand_left_keypoints_3d": [],
            "hand_right_keypoints_3d": []
        }
    ]
}