{
    "version": 1.3,
    "people": [
        {
            "person_id": [
                -1
            ],
            "pose_keypoints_2d": [
                0,
                0,
                0,
                334.067,
                154.096,
                0.896325,
                352.666,
                154.085,
                0.855366,
                362.44,
                184.433,
                0.901299,
                347.761,
                188.323,
                0.648902,
                316.483,
                154.07,
                0.8809,
                308.66,
                181.478,
                0.78789,
                308.578,
                193.213,
                0.747059,
                337.976,
                199.105,
                0.765568,
                347.757,
                200.03,
                0.82672,
                352.653,
                239.184,
                0.86641,
                363.368,
                270.52,
                0.86359,
                326.248,
                200.048,
                0.755355,
                324.27,
                237.218,
                0.848183,
                326.237,
                273.41,
                0.814617,
                0,
                0,
                0,
                0,
                0,
                0,
                340.895,
                136.49,
                0.811026,
                325.253,
                136.468,
                0.940137,
                324.253,
                278.35,
                0.57388,
                322.31,
                278.354,
                0.68783,
                329.161,
                277.361,
                0.832466,
                358.542,
                286.099,
                0.678909,
                363.445,
                285.137,
                0.65744,
                363.442,
                276.348,
                0.821963
            ],
            "face_keypoints_2d": [],
            "hand_left_keypoints_2d": [],
            "hand_right_keypoints_2d": [],
            "pose_keypoints_3d": [],
            "face_keypoints_3d": [],
            "hand_left_keypoints_3d": [],
            "hand_right_keypoints_3d": []
        }
    ]
}