{
    "version": 1.3,
    "people": [
        {
            "person_id": [
                -1
            ],
            "pose_keypoints_2d": [
                0,
                0,
                0,
                336.024,
                167.815,
                0.883912,
                353.62,
                167.77,
                0.871609,
                370.275,
                189.299,
                0.829113,
                380.082,
                211.774,
                0.831576,
                318.419,
                168.735,
                0.889881,
                313.536,
                195.18,
                0.780047,
                318.451,
                208.878,
                0.667907,
                339.877,
                212.777,
                0.76312,
                347.787,
                211.782,
                0.733371,
                340.901,
                247.015,
                0.748574,
                339.908,
                277.313,
                0.678203,
                329.181,
                213.751,
                0.728258,
                336.993,
                251.892,
                0.767611,
                343.846,
                281.247,
                0.617827,
                0,
                0,
                0,
                0,
                0,
                0,
                345.799,
                146.26,
                0.713971,
                331.094,
                147.256,
                0.805496,
                342.856,
                291.04,
                0.412868,
                340.927,
                291.012,
                0.452132,
                347.755,
                286.169,
                0.556601,
                331.136,
                280.278,
                0.376028,
                332.136,
                279.292,
                0.368427,
                339.929,
                279.286,
                0.418122
            ],
            "face_keypoints_2d": [],
            "hand_left_keypoints_2d": [],
            "hand_right_keypoints_2d": [],
            "pose_keypoints_3d": [],
            "face_keypoints_3d": [],
            "hand_left_keypoints_3d": [],
            "hand_right_keypoints_3d": []
        }
    ]
}