{
    "version": 1.3,
    "people": [
        {
            "person_id": [
                -1
            ],
            "pose_keypoints_2d": [
                387.883,
                73.8929,
                0.0550996,
                413.308,
                95.3996,
                0.790407,
                439.726,
                97.3366,
                0.785165,
                444.586,
                151.131,
                0.796881,
                440.708,
                187.346,
                0.668473,
                387.849,
                92.4757,
                0.777918,
                374.16,
                143.305,
                0.825173,
                363.402,
                187.321,
                0.790447,
                418.197,
                177.552,
                0.630455,
                432.867,
                176.562,
                0.584098,
                433.849,
                260.672,
                0.812038,
                433.885,
                331.14,
                0.775588,
                403.504,
                179.505,
                0.587271,
                412.33,
                261.672,
                0.796745,
                423.077,
                327.207,
                0.739367,
                0,
                0,
                0,
                387.866,
                72.853,
                0.136405,
                418.153,
                67.0457,
                0.279679,
                394.695,
                67.9912,
                0.903364,
                402.554,
                338.922,
                0.704488,
                407.423,
                339.888,
                0.712144,
                426.992,
                334.065,
                0.653948,
                419.132,
                339.969,
                0.0778185,
                0,
                0,
                0,
                435.806,
                337.972,
                0.678976
            ],
            "face_keypoints_2d": [],
            "hand_left_keypoints_2d": [],
            "hand_right_keypoints_2d": [],
            "pose_keypoints_3d": [],
            "face_keypoints_3d": [],
            "hand_left_keypoints_3d": [],
            "hand_right_keypoints_3d": []
        }
    ]
}