{
    "version": 1.3,
    "people": [
        {
            "person_id": [
                -1
            ],
            "pose_keypoints_2d": [
                0,
                0,
                0,
                394.728,
                120.803,
                0.91486,
                417.219,
                120.793,
                0.835212,
                429.927,
                162.897,
                0.752117,
                428.974,
                196.145,
                0.561501,
                372.205,
                120.826,
                0.851862,
                370.236,
                162.894,
                0.814904,
                364.432,
                200.026,
                0.832721,
                402.576,
                184.418,
                0.668479,
                417.23,
                182.456,
                0.635127,
                432.845,
                253.857,
                0.844589,
                457.357,
                305.698,
                0.792449,
                387.906,
                186.358,
                0.621005,
                380.011,
                253.804,
                0.859549,
                387.831,
                313.521,
                0.821337,
                0,
                0,
                0,
                371.253,
                93.4156,
                0.110743,
                396.661,
                96.3492,
                0.386885,
                378.048,
                94.4219,
                0.857648,
                370.275,
                317.434,
                0.738748,
                372.255,
                318.451,
                0.775204,
                391.764,
                318.431,
                0.748703,
                453.42,
                332.138,
                0.762153,
                456.335,
                331.127,
                0.624563,
                465.14,
                308.654,
                0.687176
            ],
            "face_keypoints_2d": [],
            "hand_left_keypoints_2d": [],
            "hand_right_keypoints_2d": [],
            "pose_keypoints_3d": [],
            "face_keypoints_3d": [],
            "hand_left_keypoints_3d": [],
            "hand_right_keypoints_3d": []
        }
    ]
}