{
    "version": 1.3,
    "people": [
        {
            "person_id": [
                -1
            ],
            "pose_keypoints_2d": [
                411.296,
                66.9874,
                0.24066,
                434.827,
                97.384,
                0.882203,
                458.351,
                98.289,
                0.80953,
                467.105,
                146.239,
                0.678485,
                466.154,
                187.328,
                0.657841,
                410.36,
                97.3312,
                0.786195,
                396.702,
                145.238,
                0.827499,
                384.919,
                190.249,
                0.692864,
                437.75,
                178.524,
                0.546338,
                451.46,
                176.593,
                0.557403,
                450.505,
                259.736,
                0.822371,
                451.45,
                330.159,
                0.734638,
                423.1,
                180.478,
                0.5218,
                431.888,
                260.71,
                0.78021,
                441.674,
                330.169,
                0.774668,
                0,
                0,
                0,
                411.385,
                62.1313,
                0.457712,
                441.693,
                67.0504,
                0.164869,
                420.144,
                64.0965,
                0.842887,
                419.144,
                336.019,
                0.737028,
                425.044,
                338.976,
                0.74052,
                447.521,
                336.028,
                0.595996,
                0,
                0,
                0,
                0,
                0,
                0,
                457.274,
                336.016,
                0.666643
            ],
            "face_keypoints_2d": [],
            "hand_left_keypoints_2d": [],
            "hand_right_keypoints_2d": [],
            "pose_keypoints_3d": [],
            "face_keypoints_3d": [],
            "hand_left_keypoints_3d": [],
            "hand_right_keypoints_3d": []
        }
    ]
}