{
    "version": 1.3,
    "people": [
        {
            "person_id": [
                -1
            ],
            "pose_keypoints_2d": [
                0,
                0,
                0,
                429.931,
                97.3095,
                0.813468,
                456.348,
                98.2812,
                0.799246,
                458.311,
                145.28,
                0.831646,
                463.174,
                189.304,
                0.730184,
                403.492,
                96.3296,
                0.748155,
                386.911,
                144.265,
                0.848031,
                372.247,
                191.202,
                0.832899,
                432.829,
                176.593,
                0.556892,
                446.548,
                175.604,
                0.541771,
                442.699,
                258.755,
                0.795172,
                442.694,
                331.105,
                0.750063,
                417.218,
                177.558,
                0.549479,
                426.007,
                258.729,
                0.802998,
                433.789,
                328.187,
                0.741783,
                0,
                0,
                0,
                409.378,
                59.1782,
                0.15993,
                438.726,
                65.9934,
                0.249729,
                415.252,
                60.2119,
                0.829882,
                410.392,
                335.062,
                0.712172,
                417.183,
                338.94,
                0.692284,
                436.763,
                334.086,
                0.599318,
                0,
                0,
                0,
                0,
                0,
                0,
                448.504,
                335.073,
                0.676255
            ],
            "face_keypoints_2d": [],
            "hand_left_keypoints_2d": [],
            "hand_right_keypoints_2d": [],
            "pose_keypoints_3d": [],
            "face_keypoints_3d": [],
            "hand_left_keypoints_3d": [],
            "hand_right_keypoints_3d": []
        }
    ]
}