{
    "version": 1.3,
    "people": [
        {
            "person_id": [
                -1
            ],
            "pose_keypoints_2d": [
                269.513,
                200.064,
                0.273547,
                269.422,
                205.886,
                0.416494,
                268.473,
                205.898,
                0.434935,
                269.526,
                214.673,
                0.614474,
                272.466,
                216.687,
                0.377882,
                269.514,
                205.894,
                0.403768,
                270.44,
                211.813,
                0.159923,
                271.453,
                215.711,
                0.0975416,
                270.428,
                221.552,
                0.518838,
                269.554,
                221.554,
                0.614333,
                269.553,
                238.189,
                0.348787,
                269.528,
                252.845,
                0.22748,
                270.469,
                220.585,
                0.430235,
                270.461,
                238.209,
                0.27432,
                269.517,
                251.906,
                0.170486,
                269.471,
                200.009,
                0.277305,
                269.536,
                199.993,
                0.178561,
                268.501,
                199.113,
                0.244685,
                0,
                0,
                0,
                269.533,
                252.878,
                0.154311,
                270.461,
                253.832,
                0.133674,
                269.503,
                253.795,
                0.155348,
                270.472,
                252.879,
                0.207052,
                270.461,
                252.885,
                0.191986,
                269.499,
                252.882,
                0.183036
            ],
            "face_keypoints_2d": [],
            "hand_left_keypoints_2d": [],
            "hand_right_keypoints_2d": [],
            "pose_keypoints_3d": [],
            "face_keypoints_3d": [],
            "hand_left_keypoints_3d": [],
            "hand_right_keypoints_3d": []
        }
    ]
}