{
    "version": 1.3,
    "people": [
        {
            "person_id": [
                -1
            ],
            "pose_keypoints_2d": [
                411.411,
                65.9986,
                0.0557354,
                435.813,
                97.3217,
                0.854985,
                460.261,
                97.3615,
                0.782852,
                468.072,
                149.192,
                0.761571,
                473.962,
                191.258,
                0.833668,
                411.373,
                96.3421,
                0.770186,
                394.7,
                144.297,
                0.792399,
                379.073,
                185.394,
                0.781059,
                437.768,
                177.549,
                0.53209,
                451.48,
                175.613,
                0.541828,
                450.494,
                259.732,
                0.810937,
                451.436,
                331.132,
                0.736283,
                424.042,
                178.537,
                0.521368,
                433.807,
                258.759,
                0.807166,
                441.644,
                330.132,
                0.755278,
                0,
                0,
                0,
                415.266,
                59.2181,
                0.189654,
                443.652,
                66.0134,
                0.258671,
                421.141,
                60.208,
                0.829438,
                419.149,
                336.03,
                0.727498,
                425.05,
                339.886,
                0.730051,
                445.585,
                335.07,
                0.582605,
                0,
                0,
                0,
                0,
                0,
                0,
                456.335,
                336.997,
                0.659822
            ],
            "face_keypoints_2d": [],
            "hand_left_keypoints_2d": [],
            "hand_right_keypoints_2d": [],
            "pose_keypoints_3d": [],
            "face_keypoints_3d": [],
            "hand_left_keypoints_3d": [],
            "hand_right_keypoints_3d": []
        }
    ]
}