{
    "version": 1.3,
    "people": [
        {
            "person_id": [
                -1
            ],
            "pose_keypoints_2d": [
                386.9,
                74.842,
                0.0870997,
                411.324,
                96.3536,
                0.872669,
                434.873,
                97.3158,
                0.816703,
                443.628,
                146.275,
                0.798548,
                439.726,
                184.429,
                0.658681,
                385.91,
                94.4208,
                0.761124,
                372.198,
                143.33,
                0.880395,
                361.464,
                187.332,
                0.769877,
                417.186,
                178.544,
                0.583472,
                429.942,
                176.592,
                0.558327,
                431.899,
                258.76,
                0.772898,
                432.878,
                331.11,
                0.737254,
                402.491,
                180.495,
                0.554028,
                410.411,
                261.704,
                0.85225,
                420.189,
                329.179,
                0.745308,
                0,
                0,
                0,
                386.878,
                72.8843,
                0.237411,
                413.321,
                68.0043,
                0.161495,
                393.718,
                68.983,
                0.86205,
                400.567,
                337.984,
                0.718884,
                404.489,
                339.901,
                0.767049,
                426.978,
                335.059,
                0.647658,
                0,
                0,
                0,
                0,
                0,
                0,
                434.848,
                336.988,
                0.664541
            ],
            "face_keypoints_2d": [],
            "hand_left_keypoints_2d": [],
            "hand_right_keypoints_2d": [],
            "pose_keypoints_3d": [],
            "face_keypoints_3d": [],
            "hand_left_keypoints_3d": [],
            "hand_right_keypoints_3d": []
        }
    ]
}