{
    "version": 1.3,
    "people": [
        {
            "person_id": [
                -1
            ],
            "pose_keypoints_2d": [
                0,
                0,
                0,
                339.952,
                167.773,
                0.930585,
                356.597,
                167.732,
                0.880621,
                365.404,
                194.195,
                0.80653,
                364.449,
                220.581,
                0.820899,
                322.335,
                167.815,
                0.869808,
                316.452,
                196.154,
                0.860903,
                316.405,
                221.573,
                0.787031,
                341.878,
                214.717,
                0.770055,
                354.61,
                214.707,
                0.736863,
                355.599,
                257.781,
                0.621449,
                349.741,
                253.842,
                0.284555,
                332.089,
                215.693,
                0.758223,
                332.068,
                254.865,
                0.796734,
                339.945,
                291.02,
                0.816427,
                0,
                0,
                0,
                0,
                0,
                0,
                346.753,
                145.292,
                0.837801,
                330.148,
                146.277,
                0.812467,
                339.918,
                294.926,
                0.49359,
                337.97,
                294.925,
                0.574018,
                340.941,
                293.948,
                0.791161,
                356.553,
                261.643,
                0.221393,
                0,
                0,
                0,
                354.607,
                253.859,
                0.219274
            ],
            "face_keypoints_2d": [],
            "hand_left_keypoints_2d": [],
            "hand_right_keypoints_2d": [],
            "pose_keypoints_3d": [],
            "face_keypoints_3d": [],
            "hand_left_keypoints_3d": [],
            "hand_right_keypoints_3d": []
        }
    ]
}