{
    "version": 1.3,
    "people": [
        {
            "person_id": [
                -1
            ],
            "pose_keypoints_2d": [
                0,
                0,
                0,
                411.353,
                96.3564,
                0.848972,
                440.698,
                98.2912,
                0.797353,
                447.522,
                152.145,
                0.768961,
                441.704,
                192.254,
                0.695369,
                381.022,
                92.4409,
                0.762013,
                367.337,
                144.33,
                0.857318,
                354.612,
                193.213,
                0.719403,
                411.307,
                183.418,
                0.56021,
                427.026,
                181.469,
                0.532375,
                436.794,
                271.476,
                0.736472,
                442.652,
                348.78,
                0.721157,
                394.67,
                183.422,
                0.525992,
                372.209,
                263.639,
                0.76793,
                355.578,
                326.258,
                0.802477,
                0,
                0,
                0,
                382.996,
                73.8052,
                0.0913967,
                413.321,
                67.0244,
                0.283266,
                388.839,
                67.9906,
                0.877254,
                337.003,
                339.942,
                0.693239,
                340.888,
                339.956,
                0.762287,
                357.531,
                333.11,
                0.699664,
                425.988,
                357.55,
                0.230922,
                426.982,
                357.544,
                0.205451,
                445.593,
                357.56,
                0.494027
            ],
            "face_keypoints_2d": [],
            "hand_left_keypoints_2d": [],
            "hand_right_keypoints_2d": [],
            "pose_keypoints_3d": [],
            "face_keypoints_3d": [],
            "hand_left_keypoints_3d": [],
            "hand_right_keypoints_3d": []
        }
    ]
}