{
    "version": 1.3,
    "people": [
        {
            "person_id": [
                -1
            ],
            "pose_keypoints_2d": [
                0,
                0,
                0,
                364.446,
                93.4359,
                0.819725,
                402.528,
                92.439,
                0.740645,
                419.141,
                151.138,
                0.770965,
                419.186,
                203.962,
                0.76035,
                329.175,
                96.3512,
                0.710318,
                310.617,
                153.075,
                0.833735,
                294.947,
                206.893,
                0.807167,
                372.264,
                189.283,
                0.509048,
                394.68,
                188.306,
                0.530669,
                411.323,
                283.193,
                0.796362,
                426.05,
                357.566,
                0.782868,
                352.639,
                190.278,
                0.493822,
                335.043,
                279.298,
                0.728717,
                316.476,
                357.575,
                0.480962,
                0,
                0,
                0,
                0,
                0,
                0,
                374.187,
                63.1089,
                0.790151,
                343.831,
                64.0954,
                0.824895,
                0,
                0,
                0,
                0,
                0,
                0,
                315.461,
                357.584,
                0.220951,
                426.005,
                357.58,
                0.168786,
                427.01,
                357.582,
                0.163379,
                427.008,
                357.577,
                0.436721
            ],
            "face_keypoints_2d": [],
            "hand_left_keypoints_2d": [],
            "hand_right_keypoints_2d": [],
            "pose_keypoints_3d": [],
            "face_keypoints_3d": [],
            "hand_left_keypoints_3d": [],
            "hand_right_keypoints_3d": []
        }
    ]
}