{
    "version": 1.3,
    "people": [
        {
            "person_id": [
                -1
            ],
            "pose_keypoints_2d": [
                379.077,
                75.8073,
                0.0537318,
                404.499,
                97.3446,
                0.846328,
                428.002,
                98.2934,
                0.787792,
                434.82,
                149.187,
                0.74729,
                428.974,
                180.482,
                0.405329,
                380.05,
                96.3781,
                0.79337,
                365.356,
                144.299,
                0.880078,
                355.592,
                191.22,
                0.783484,
                410.364,
                178.531,
                0.61061,
                425.028,
                177.546,
                0.57196,
                426.053,
                260.679,
                0.821677,
                426.98,
                331.119,
                0.78133,
                395.682,
                180.493,
                0.565723,
                405.494,
                262.651,
                0.794553,
                416.227,
                329.183,
                0.724704,
                0,
                0,
                0,
                379.028,
                73.88,
                0.151007,
                408.399,
                71.885,
                0.131886,
                385.909,
                72.8468,
                0.857281,
                395.687,
                337.974,
                0.700882,
                400.583,
                339.883,
                0.720244,
                419.211,
                335.067,
                0.651345,
                0,
                0,
                0,
                0,
                0,
                0,
                428.965,
                337,
                0.65358
            ],
            "face_keypoints_2d": [],
            "hand_left_keypoints_2d": [],
            "hand_right_keypoints_2d": [],
            "pose_keypoints_3d": [],
            "face_keypoints_3d": [],
            "hand_left_keypoints_3d": [],
            "hand_right_keypoints_3d": []
        }
    ]
}