{
    "version": 1.3,
    "people": [
        {
            "person_id": [
                -1
            ],
            "pose_keypoints_2d": [
                0,
                0,
                0,
                426.027,
                96.3585,
                0.854634,
                450.463,
                97.2987,
                0.835898,
                456.348,
                147.239,
                0.777569,
                449.514,
                187.344,
                0.602774,
                401.537,
                95.3945,
                0.75442,
                387.827,
                144.322,
                0.886649,
                377.116,
                187.353,
                0.740431,
                427.038,
                178.537,
                0.564971,
                441.702,
                177.546,
                0.564713,
                441.707,
                261.658,
                0.837793,
                441.679,
                331.128,
                0.76688,
                413.294,
                180.486,
                0.515253,
                423.075,
                261.641,
                0.772091,
                430.898,
                327.239,
                0.736103,
                0,
                0,
                0,
                401.536,
                66.9781,
                0.169116,
                430.902,
                66.0172,
                0.291746,
                407.437,
                65.0728,
                0.857774,
                410.359,
                336.038,
                0.758454,
                415.244,
                338.946,
                0.743893,
                434.832,
                334.1,
                0.615422,
                0,
                0,
                0,
                0,
                0,
                0,
                443.626,
                337.975,
                0.644486
            ],
            "face_keypoints_2d": [],
            "hand_left_keypoints_2d": [],
            "hand_right_keypoints_2d": [],
            "pose_keypoints_3d": [],
            "face_keypoints_3d": [],
            "hand_left_keypoints_3d": [],
            "hand_right_keypoints_3d": []
        }
    ]
}