{
    "version": 1.3,
    "people": [
        {
            "person_id": [
                -1
            ],
            "pose_keypoints_2d": [
                0,
                0,
                0,
                426.964,
                97.2966,
                0.876321,
                450.508,
                97.3461,
                0.834661,
                457.287,
                149.203,
                0.83684,
                449.514,
                185.405,
                0.644351,
                401.536,
                96.3365,
                0.761811,
                386.91,
                144.31,
                0.894848,
                377.088,
                189.291,
                0.789707,
                427.96,
                178.524,
                0.572963,
                442.627,
                176.596,
                0.589415,
                441.707,
                260.68,
                0.831638,
                441.703,
                331.129,
                0.771109,
                412.338,
                179.518,
                0.539723,
                421.148,
                259.708,
                0.757234,
                430.895,
                327.241,
                0.717685,
                0,
                0,
                0,
                401.558,
                66.0154,
                0.174418,
                430.922,
                66.0614,
                0.276429,
                408.396,
                65.0195,
                0.850854,
                410.328,
                335.066,
                0.730365,
                414.268,
                337.991,
                0.719046,
                434.858,
                335.043,
                0.587759,
                0,
                0,
                0,
                0,
                0,
                0,
                445.566,
                337.008,
                0.654197
            ],
            "face_keypoints_2d": [],
            "hand_left_keypoints_2d": [],
            "hand_right_keypoints_2d": [],
            "pose_keypoints_3d": [],
            "face_keypoints_3d": [],
            "hand_left_keypoints_3d": [],
            "hand_right_keypoints_3d": []
        }
    ]
}