{
    "version": 1.3,
    "people": [
        {
            "person_id": [
                -1
            ],
            "pose_keypoints_2d": [
                411.31,
                66.0137,
                0.0809507,
                436.801,
                92.4459,
                0.797639,
                459.261,
                95.4008,
                0.768429,
                490.579,
                114.967,
                0.70887,
                513.083,
                130.584,
                0.667204,
                414.281,
                90.529,
                0.772882,
                364.423,
                98.3678,
                0.834383,
                324.287,
                109.064,
                0.693109,
                435.783,
                176.567,
                0.569567,
                449.535,
                175.585,
                0.55605,
                450.43,
                260.715,
                0.823251,
                450.442,
                331.147,
                0.758512,
                421.146,
                177.551,
                0.516024,
                431.892,
                260.697,
                0.781385,
                439.688,
                330.159,
                0.726285,
                0,
                0,
                0,
                412.356,
                59.2295,
                0.235497,
                442.611,
                66.0073,
                0.155302,
                420.166,
                60.1964,
                0.853281,
                418.199,
                337.963,
                0.727174,
                424.043,
                339.905,
                0.742574,
                443.608,
                336.987,
                0.588273,
                0,
                0,
                0,
                0,
                0,
                0,
                453.405,
                337.97,
                0.631718
            ],
            "face_keypoints_2d": [],
            "hand_left_keypoints_2d": [],
            "hand_right_keypoints_2d": [],
            "pose_keypoints_3d": [],
            "face_keypoints_3d": [],
            "hand_left_keypoints_3d": [],
            "hand_right_keypoints_3d": []
        }
    ]
}