{
    "version": 1.3,
    "people": [
        {
            "person_id": [
                -1
            ],
            "pose_keypoints_2d": [
                0,
                0,
                0,
                411.315,
                89.5525,
                0.864918,
                437.746,
                91.4956,
                0.748103,
                447.54,
                152.134,
                0.81576,
                448.529,
                200.059,
                0.780907,
                382.003,
                87.544,
                0.734697,
                375.167,
                138.445,
                0.810096,
                364.42,
                192.198,
                0.839576,
                411.333,
                183.412,
                0.512778,
                429.918,
                182.454,
                0.486101,
                434.816,
                277.339,
                0.830849,
                434.843,
                357.554,
                0.772623,
                394.674,
                182.447,
                0.513658,
                363.395,
                254.848,
                0.737144,
                332.104,
                320.364,
                0.75652,
                0,
                0,
                0,
                379.096,
                67.0372,
                0.0866503,
                411.358,
                60.1699,
                0.348708,
                386.86,
                64.079,
                0.877667,
                311.583,
                330.141,
                0.515963,
                316.434,
                331.129,
                0.627037,
                333.084,
                326.273,
                0.595666,
                428.943,
                357.569,
                0.142506,
                428.959,
                357.575,
                0.13902,
                436.767,
                357.573,
                0.500202
            ],
            "face_keypoints_2d": [],
            "hand_left_keypoints_2d": [],
            "hand_right_keypoints_2d": [],
            "pose_keypoints_3d": [],
            "face_keypoints_3d": [],
            "hand_left_keypoints_3d": [],
            "hand_right_keypoints_3d": []
        }
    ]
}