{
    "version": 1.3,
    "people": [
        {
            "person_id": [
                -1
            ],
            "pose_keypoints_2d": [
                411.393,
                66.0153,
                0.0874312,
                435.799,
                97.3494,
                0.856884,
                461.226,
                98.3139,
                0.755508,
                473.947,
                146.277,
                0.793551,
                488.63,
                187.352,
                0.791335,
                411.335,
                96.3526,
                0.770227,
                385.877,
                138.426,
                0.783959,
                362.452,
                180.505,
                0.739412,
                437.771,
                177.567,
                0.525702,
                451.479,
                176.566,
                0.529523,
                450.486,
                260.682,
                0.820087,
                450.508,
                331.114,
                0.743819,
                423.093,
                180.485,
                0.515511,
                433.809,
                260.676,
                0.822906,
                441.632,
                330.137,
                0.75081,
                0,
                0,
                0,
                413.312,
                59.2267,
                0.227282,
                443.616,
                66.0072,
                0.156711,
                420.188,
                60.1857,
                0.845837,
                419.18,
                337,
                0.713251,
                425.991,
                339.902,
                0.726687,
                445.579,
                335.062,
                0.570605,
                0,
                0,
                0,
                0,
                0,
                0,
                456.329,
                336.021,
                0.645353
            ],
            "face_keypoints_2d": [],
            "hand_left_keypoints_2d": [],
            "hand_right_keypoints_2d": [],
            "pose_keypoints_3d": [],
            "face_keypoints_3d": [],
            "hand_left_keypoints_3d": [],
            "hand_right_keypoints_3d": []
        }
    ]
}