{
    "version": 1.3,
    "people": [
        {
            "person_id": [
                -1
            ],
            "pose_keypoints_2d": [
                409.403,
                53.3267,
                0.0532917,
                432.851,
                86.562,
                0.783322,
                453.396,
                87.5569,
                0.771892,
                428.956,
                74.8745,
                0.0838153,
                411.386,
                53.3184,
                0.261045,
                409.373,
                83.6556,
                0.751746,
                379.073,
                58.237,
                0.80832,
                363.387,
                36.7208,
                0.85906,
                431.881,
                173.652,
                0.520444,
                445.586,
                170.715,
                0.517942,
                443.638,
                258.744,
                0.76458,
                445.586,
                330.166,
                0.71313,
                416.225,
                175.596,
                0.496003,
                426.058,
                257.766,
                0.810767,
                434.811,
                329.176,
                0.747672,
                0,
                0,
                0,
                412.347,
                52.3425,
                0.232949,
                441.694,
                61.1723,
                0.251807,
                419.205,
                58.2553,
                0.915999,
                414.272,
                335.04,
                0.70995,
                419.178,
                337.993,
                0.736726,
                441.635,
                334.106,
                0.571516,
                425.003,
                332.134,
                0.0548483,
                0,
                0,
                0,
                450.443,
                335.057,
                0.653923
            ],
            "face_keypoints_2d": [],
            "hand_left_keypoints_2d": [],
            "hand_right_keypoints_2d": [],
            "pose_keypoints_3d": [],
            "face_keypoints_3d": [],
            "hand_left_keypoints_3d": [],
            "hand_right_keypoints_3d": []
        }
    ]
}