{
    "version": 1.3,
    "people": [
        {
            "person_id": [
                -1
            ],
            "pose_keypoints_2d": [
                411.31,
                66.0442,
                0.0914559,
                437.773,
                95.3934,
                0.781039,
                460.248,
                97.3685,
                0.742163,
                489.586,
                130.624,
                0.830591,
                515.049,
                154.118,
                0.794482,
                414.286,
                91.5015,
                0.716196,
                370.229,
                113.01,
                0.780624,
                332.079,
                134.515,
                0.73979,
                435.822,
                176.572,
                0.583297,
                450.437,
                175.598,
                0.578379,
                450.438,
                259.72,
                0.80951,
                450.462,
                330.161,
                0.745778,
                423.092,
                177.56,
                0.53224,
                432.865,
                260.682,
                0.799325,
                439.72,
                330.145,
                0.726079,
                0,
                0,
                0,
                412.347,
                60.1582,
                0.24175,
                442.633,
                65.9939,
                0.152356,
                420.171,
                60.1901,
                0.850204,
                418.214,
                337.975,
                0.729347,
                424.067,
                339.913,
                0.741603,
                443.644,
                336.029,
                0.603521,
                0,
                0,
                0,
                0,
                0,
                0,
                454.384,
                336.017,
                0.628003
            ],
            "face_keypoints_2d": [],
            "hand_left_keypoints_2d": [],
            "hand_right_keypoints_2d": [],
            "pose_keypoints_3d": [],
            "face_keypoints_3d": [],
            "hand_left_keypoints_3d": [],
            "hand_right_keypoints_3d": []
        }
    ]
}