{
    "version": 1.3,
    "people": [
        {
            "person_id": [
                -1
            ],
            "pose_keypoints_2d": [
                0,
                0,
                0,
                425.017,
                97.295,
                0.819796,
                449.465,
                97.3374,
                0.826648,
                455.346,
                148.228,
                0.751524,
                448.512,
                185.392,
                0.622357,
                397.647,
                96.3628,
                0.761742,
                385.931,
                144.321,
                0.878146,
                372.22,
                191.262,
                0.792783,
                426.05,
                177.566,
                0.5847,
                441.628,
                176.585,
                0.55213,
                440.659,
                259.704,
                0.768373,
                441.629,
                331.112,
                0.740558,
                411.372,
                178.543,
                0.537338,
                419.218,
                261.657,
                0.81026,
                428.941,
                329.187,
                0.748288,
                0,
                0,
                0,
                395.749,
                67.0022,
                0.139927,
                426.974,
                66.0715,
                0.264227,
                403.534,
                66.03,
                0.929217,
                409.38,
                337.016,
                0.750131,
                413.295,
                339.885,
                0.773444,
                434.796,
                335.064,
                0.656331,
                0,
                0,
                0,
                0,
                0,
                0,
                442.685,
                337.007,
                0.665878
            ],
            "face_keypoints_2d": [],
            "hand_left_keypoints_2d": [],
            "hand_right_keypoints_2d": [],
            "pose_keypoints_3d": [],
            "face_keypoints_3d": [],
            "hand_left_keypoints_3d": [],
            "hand_right_keypoints_3d": []
        }
    ]
}