{
    "version": 1.3,
    "people": [
        {
            "person_id": [
                -1
            ],
            "pose_keypoints_2d": [
                0,
                0,
                0,
                410.353,
                90.474,
                0.85852,
                435.823,
                92.4637,
                0.749032,
                444.603,
                153.067,
                0.819173,
                449.451,
                199.081,
                0.794242,
                380.086,
                88.4999,
                0.760346,
                371.281,
                138.458,
                0.863662,
                361.432,
                191.252,
                0.800602,
                410.359,
                184.386,
                0.54151,
                427.008,
                184.394,
                0.516669,
                434.796,
                277.366,
                0.816845,
                434.798,
                357.553,
                0.792334,
                393.713,
                183.419,
                0.523961,
                363.42,
                256.797,
                0.794897,
                333.105,
                326.259,
                0.742539,
                0,
                0,
                0,
                379.022,
                66.9929,
                0.0849101,
                410.386,
                61.1547,
                0.343859,
                385.912,
                63.1123,
                0.853203,
                312.556,
                340.898,
                0.57804,
                317.405,
                340.927,
                0.639143,
                336.997,
                334.052,
                0.581939,
                426.018,
                357.566,
                0.151636,
                428.951,
                357.574,
                0.143722,
                435.795,
                357.572,
                0.526389
            ],
            "face_keypoints_2d": [],
            "hand_left_keypoints_2d": [],
            "hand_right_keypoints_2d": [],
            "pose_keypoints_3d": [],
            "face_keypoints_3d": [],
            "hand_left_keypoints_3d": [],
            "hand_right_keypoints_3d": []
        }
    ]
}