{
    "version": 1.3,
    "people": [
        {
            "person_id": [
                -1
            ],
            "pose_keypoints_2d": [
                0,
                0,
                0,
                371.278,
                104.151,
                0.841201,
                398.618,
                104.199,
                0.769869,
                418.135,
                151.118,
                0.816453,
                419.218,
                192.22,
                0.825248,
                341.881,
                104.15,
                0.7681,
                332.085,
                151.157,
                0.865773,
                323.311,
                198.104,
                0.782547,
                382.007,
                180.501,
                0.566799,
                397.665,
                177.547,
                0.568296,
                411.312,
                254.845,
                0.844006,
                436.803,
                328.204,
                0.722798,
                365.395,
                183.411,
                0.542722,
                368.317,
                269.465,
                0.742025,
                371.245,
                335.05,
                0.760966,
                0,
                0,
                0,
                0,
                0,
                0,
                372.197,
                77.7747,
                0.291391,
                347.79,
                81.7016,
                0.877866,
                349.71,
                340.934,
                0.709841,
                354.624,
                342.866,
                0.700989,
                375.147,
                341.891,
                0.683088,
                420.179,
                343.839,
                0.671166,
                425.009,
                340.943,
                0.604125,
                442.663,
                334.06,
                0.715949
            ],
            "face_keypoints_2d": [],
            "hand_left_keypoints_2d": [],
            "hand_right_keypoints_2d": [],
            "pose_keypoints_3d": [],
            "face_keypoints_3d": [],
            "hand_left_keypoints_3d": [],
            "hand_right_keypoints_3d": []
        }
    ]
}