{
    "version": 1.3,
    "people": [
        {
            "person_id": [
                -1
            ],
            "pose_keypoints_2d": [
                0,
                0,
                0,
                334.079,
                160.929,
                0.915859,
                354.586,
                160.967,
                0.864921,
                364.383,
                191.242,
                0.907273,
                361.454,
                214.704,
                0.802039,
                316.444,
                159.989,
                0.900878,
                308.576,
                186.368,
                0.831463,
                305.708,
                213.729,
                0.80225,
                337.971,
                206.874,
                0.740038,
                347.786,
                206.872,
                0.783996,
                340.948,
                247.049,
                0.837499,
                339.945,
                292.014,
                0.889297,
                325.296,
                206.869,
                0.766737,
                324.301,
                252.856,
                0.842616,
                340.901,
                246.001,
                0.787066,
                0,
                0,
                0,
                0,
                0,
                0,
                340.955,
                142.347,
                0.773659,
                325.305,
                140.392,
                0.877242,
                347.76,
                258.734,
                0.372926,
                0,
                0,
                0,
                343.848,
                240.189,
                0.578039,
                338.952,
                293.01,
                0.580597,
                341.887,
                293.962,
                0.604361,
                339.903,
                294.954,
                0.839675
            ],
            "face_keypoints_2d": [],
            "hand_left_keypoints_2d": [],
            "hand_right_keypoints_2d": [],
            "pose_keypoints_3d": [],
            "face_keypoints_3d": [],
            "hand_left_keypoints_3d": [],
            "hand_right_keypoints_3d": []
        }
    ]
}