{
    "version": 1.3,
    "people": [
        {
            "person_id": [
                -1
            ],
            "pose_keypoints_2d": [
                0,
                0,
                0,
                328.193,
                168.776,
                0.889165,
                341.886,
                168.78,
                0.914189,
                355.556,
                191.22,
                0.892922,
                363.406,
                206.917,
                0.903027,
                314.503,
                168.774,
                0.874446,
                307.633,
                187.344,
                0.805901,
                301.74,
                203.978,
                0.832676,
                326.261,
                205.917,
                0.798658,
                335.07,
                205.938,
                0.768214,
                333.124,
                232.338,
                0.685214,
                332.074,
                254.823,
                0.431232,
                318.409,
                205.906,
                0.780337,
                322.306,
                232.35,
                0.688156,
                324.322,
                253.872,
                0.487167,
                0,
                0,
                0,
                0,
                0,
                0,
                334.061,
                153.148,
                0.818795,
                322.334,
                154.065,
                0.875008,
                325.243,
                254.818,
                0.185443,
                324.316,
                254.829,
                0.199316,
                325.232,
                255.836,
                0.408176,
                334.082,
                256.793,
                0.243938,
                335.062,
                256.795,
                0.245276,
                331.14,
                256.778,
                0.359765
            ],
            "face_keypoints_2d": [],
            "hand_left_keypoints_2d": [],
            "hand_right_keypoints_2d": [],
            "pose_keypoints_3d": [],
            "face_keypoints_3d": [],
            "hand_left_keypoints_3d": [],
            "hand_right_keypoints_3d": []
        }
    ]
}