{
    "version": 1.3,
    "people": [
        {
            "person_id": [
                -1
            ],
            "pose_keypoints_2d": [
                0,
                0,
                0,
                424.049,
                97.319,
                0.820188,
                449.445,
                97.3466,
                0.814562,
                453.412,
                150.146,
                0.754834,
                448.515,
                184.439,
                0.616565,
                396.7,
                97.298,
                0.781722,
                385.929,
                145.246,
                0.87299,
                372.256,
                191.214,
                0.783018,
                426.043,
                178.537,
                0.580378,
                441.629,
                177.55,
                0.55359,
                440.66,
                259.733,
                0.770237,
                441.618,
                330.167,
                0.74053,
                411.346,
                180.485,
                0.543254,
                419.196,
                261.692,
                0.823466,
                427.993,
                330.141,
                0.762657,
                0,
                0,
                0,
                395.73,
                67.0074,
                0.165719,
                426.056,
                66.9846,
                0.256206,
                403.513,
                66.0556,
                0.94022,
                409.363,
                337.009,
                0.745929,
                412.336,
                338.971,
                0.780747,
                433.862,
                335.06,
                0.670304,
                0,
                0,
                0,
                0,
                0,
                0,
                442.669,
                336.031,
                0.664886
            ],
            "face_keypoints_2d": [],
            "hand_left_keypoints_2d": [],
            "hand_right_keypoints_2d": [],
            "pose_keypoints_3d": [],
            "face_keypoints_3d": [],
            "hand_left_keypoints_3d": [],
            "hand_right_keypoints_3d": []
        }
    ]
}