{
    "version": 1.3,
    "people": [
        {
            "person_id": [
                -1
            ],
            "pose_keypoints_2d": [
                333.073,
                165.806,
                0.617643,
                333.044,
                170.703,
                0.901794,
                323.317,
                169.771,
                0.866272,
                311.57,
                183.402,
                0.809716,
                300.827,
                192.256,
                0.581929,
                341.911,
                170.726,
                0.847433,
                355.537,
                182.451,
                0.80011,
                356.535,
                185.364,
                0.556718,
                332.111,
                198.078,
                0.893664,
                325.256,
                198.068,
                0.873034,
                325.278,
                215.71,
                0.923347,
                325.234,
                238.189,
                0.889834,
                338.944,
                198.092,
                0.854738,
                338.924,
                215.755,
                0.872525,
                336.985,
                238.227,
                0.857404,
                332.101,
                161.922,
                0.588207,
                334.062,
                161.927,
                0.547593,
                329.188,
                161.903,
                0.499757,
                337.964,
                161.926,
                0.365186,
                338.949,
                243.106,
                0.663967,
                340.884,
                241.125,
                0.710886,
                334.08,
                239.217,
                0.655658,
                329.185,
                242.113,
                0.712395,
                324.304,
                241.153,
                0.716536,
                325.263,
                239.173,
                0.703428
            ],
            "face_keypoints_2d": [],
            "hand_left_keypoints_2d": [],
            "hand_right_keypoints_2d": [],
            "pose_keypoints_3d": [],
            "face_keypoints_3d": [],
            "hand_left_keypoints_3d": [],
            "hand_right_keypoints_3d": []
        }
    ]
}