{
    "version": 1.3,
    "people": [
        {
            "person_id": [
                -1
            ],
            "pose_keypoints_2d": [
                324.244,
                144.327,
                0.0930523,
                326.262,
                154.114,
                0.756761,
                319.399,
                155.076,
                0.674553,
                309.631,
                159.978,
                0.48991,
                307.654,
                141.364,
                0.356839,
                334.06,
                154.117,
                0.716042,
                339.898,
                172.659,
                0.609598,
                339.941,
                191.221,
                0.566533,
                330.152,
                177.56,
                0.450914,
                325.306,
                177.553,
                0.450465,
                333.079,
                193.216,
                0.327768,
                338.93,
                215.742,
                0.28077,
                333.079,
                178.539,
                0.419602,
                337.972,
                194.179,
                0.263971,
                343.831,
                216.691,
                0.252509,
                323.284,
                144.253,
                0.082969,
                324.307,
                143.309,
                0.0802563,
                324.238,
                144.298,
                0.146036,
                329.179,
                144.265,
                0.131818,
                347.736,
                219.623,
                0.144369,
                347.726,
                219.616,
                0.140574,
                344.815,
                216.69,
                0.204742,
                338.971,
                227.445,
                0.139462,
                335.046,
                229.39,
                0.165586,
                338.957,
                218.642,
                0.223363
            ],
            "face_keypoints_2d": [],
            "hand_left_keypoints_2d": [],
            "hand_right_keypoints_2d": [],
            "pose_keypoints_3d": [],
            "face_keypoints_3d": [],
            "hand_left_keypoints_3d": [],
            "hand_right_keypoints_3d": []
        }
    ]
}