{
    "version": 1.3,
    "people": [
        {
            "person_id": [
                -1
            ],
            "pose_keypoints_2d": [
                0,
                0,
                0,
                335.036,
                167.736,
                0.883368,
                349.75,
                167.761,
                0.878086,
                372.188,
                175.636,
                0.8081,
                388.869,
                179.518,
                0.587457,
                320.362,
                166.811,
                0.844966,
                295.929,
                174.625,
                0.79983,
                271.47,
                174.595,
                0.733837,
                333.076,
                211.79,
                0.792369,
                340.967,
                212.756,
                0.741719,
                338.949,
                252.88,
                0.805187,
                333.082,
                286.097,
                0.846529,
                324.319,
                210.827,
                0.782145,
                320.387,
                241.158,
                0.517657,
                331.142,
                261.673,
                0.325757,
                0,
                0,
                0,
                0,
                0,
                0,
                341.884,
                151.111,
                0.697916,
                330.152,
                151.117,
                0.85434,
                325.221,
                290.031,
                0.0687528,
                0,
                0,
                0,
                333.092,
                261.676,
                0.251153,
                332.131,
                291.011,
                0.631001,
                335.046,
                291.019,
                0.653824,
                332.115,
                290.041,
                0.782725
            ],
            "face_keypoints_2d": [],
            "hand_left_keypoints_2d": [],
            "hand_right_keypoints_2d": [],
            "pose_keypoints_3d": [],
            "face_keypoints_3d": [],
            "hand_left_keypoints_3d": [],
            "hand_right_keypoints_3d": []
        }
    ]
}