{
    "version": 1.3,
    "people": [
        {
            "person_id": [
                -1
            ],
            "pose_keypoints_2d": [
                0,
                0,
                0,
                402.501,
                98.2897,
                0.863008,
                428.955,
                99.3087,
                0.734742,
                439.711,
                153.145,
                0.776052,
                440.709,
                201.035,
                0.756009,
                372.207,
                96.3685,
                0.777123,
                357.542,
                145.326,
                0.86483,
                348.702,
                192.265,
                0.848211,
                402.529,
                184.392,
                0.575567,
                419.15,
                183.408,
                0.552167,
                433.794,
                269.46,
                0.792715,
                443.641,
                347.751,
                0.705871,
                385.906,
                184.421,
                0.536894,
                372.226,
                268.535,
                0.798262,
                362.409,
                334.068,
                0.779297,
                0,
                0,
                0,
                371.278,
                74.8855,
                0.207669,
                402.561,
                72.8808,
                0.26215,
                378.1,
                73.8636,
                0.892897,
                339.921,
                340.899,
                0.775192,
                344.82,
                341.922,
                0.727898,
                364.396,
                340.961,
                0.745726,
                427.008,
                357.543,
                0.300052,
                0,
                0,
                0,
                448.524,
                351.692,
                0.488706
            ],
            "face_keypoints_2d": [],
            "hand_left_keypoints_2d": [],
            "hand_right_keypoints_2d": [],
            "pose_keypoints_3d": [],
            "face_keypoints_3d": [],
            "hand_left_keypoints_3d": [],
            "hand_right_keypoints_3d": []
        }
    ]
}