{
    "version": 1.3,
    "people": [
        {
            "person_id": [
                -1
            ],
            "pose_keypoints_2d": [
                0,
                0,
                0,
                433.856,
                87.5616,
                0.860471,
                457.307,
                88.542,
                0.787827,
                479.808,
                60.2018,
                0.689505,
                496.404,
                42.5142,
                0.871316,
                411.311,
                86.5731,
                0.733656,
                373.224,
                44.5448,
                0.743726,
                345.784,
                12.2469,
                0.782464,
                433.802,
                175.579,
                0.548363,
                448.481,
                173.648,
                0.514484,
                446.574,
                259.719,
                0.746835,
                449.443,
                331.138,
                0.728465,
                418.186,
                175.611,
                0.532285,
                427.001,
                259.721,
                0.805143,
                436.778,
                331.108,
                0.73817,
                0,
                0,
                0,
                411.338,
                56.252,
                0.209512,
                438.751,
                62.1394,
                0.161522,
                418.182,
                59.2015,
                0.922552,
                416.233,
                337.017,
                0.732486,
                420.152,
                339.903,
                0.766859,
                442.674,
                337.01,
                0.587532,
                424.998,
                336.015,
                0.0523734,
                0,
                0,
                0,
                451.46,
                337.968,
                0.618267
            ],
            "face_keypoints_2d": [],
            "hand_left_keypoints_2d": [],
            "hand_right_keypoints_2d": [],
            "pose_keypoints_3d": [],
            "face_keypoints_3d": [],
            "hand_left_keypoints_3d": [],
            "hand_right_keypoints_3d": []
        }
    ]
}