{
    "version": 1.3,
    "people": [
        {
            "person_id": [
                -1
            ],
            "pose_keypoints_2d": [
                0,
                0,
                0,
                424.059,
                97.3505,
                0.832425,
                449.453,
                97.3776,
                0.809632,
                453.405,
                150.17,
                0.751484,
                448.508,
                184.408,
                0.58999,
                396.696,
                97.3203,
                0.791787,
                385.926,
                145.261,
                0.864828,
                374.162,
                189.282,
                0.763659,
                426.056,
                180.479,
                0.582501,
                441.642,
                178.534,
                0.562478,
                439.715,
                259.705,
                0.758675,
                440.691,
                331.111,
                0.741137,
                411.353,
                181.473,
                0.543955,
                419.163,
                261.69,
                0.836008,
                427.976,
                330.165,
                0.766009,
                0,
                0,
                0,
                395.738,
                67.0076,
                0.18949,
                426.049,
                66.9904,
                0.218513,
                403.518,
                66.0612,
                0.939478,
                409.352,
                337.008,
                0.737276,
                412.33,
                338.974,
                0.776664,
                433.854,
                336.019,
                0.658516,
                0,
                0,
                0,
                0,
                0,
                0,
                442.662,
                336.034,
                0.664861
            ],
            "face_keypoints_2d": [],
            "hand_left_keypoints_2d": [],
            "hand_right_keypoints_2d": [],
            "pose_keypoints_3d": [],
            "face_keypoints_3d": [],
            "hand_left_keypoints_3d": [],
            "hand_right_keypoints_3d": []
        }
    ]
}