{
    "version": 1.3,
    "people": [
        {
            "person_id": [
                -1
            ],
            "pose_keypoints_2d": [
                304.712,
                192.218,
                0.360448,
                301.756,
                199.018,
                0.840137,
                298.866,
                199.029,
                0.813996,
                298.864,
                206.923,
                0.846684,
                308.63,
                208.889,
                0.859606,
                304.704,
                198.114,
                0.744417,
                308.66,
                205.89,
                0.347535,
                311.582,
                207.89,
                0.275479,
                302.745,
                215.743,
                0.855494,
                300.819,
                215.751,
                0.917125,
                299.845,
                232.32,
                0.823001,
                293.915,
                247.011,
                0.82631,
                307.628,
                215.737,
                0.816847,
                309.584,
                232.313,
                0.860299,
                311.58,
                247.966,
                0.74868,
                302.765,
                191.252,
                0.351754,
                305.683,
                191.252,
                0.180427,
                301.745,
                191.247,
                0.442725,
                0,
                0,
                0,
                316.484,
                250.919,
                0.530269,
                317.406,
                248.985,
                0.536572,
                309.661,
                249.946,
                0.616128,
                296.885,
                250.931,
                0.551766,
                293.939,
                250.914,
                0.562166,
                293.008,
                247.993,
                0.643423
            ],
            "face_keypoints_2d": [],
            "hand_left_keypoints_2d": [],
            "hand_right_keypoints_2d": [],
            "pose_keypoints_3d": [],
            "face_keypoints_3d": [],
            "hand_left_keypoints_3d": [],
            "hand_right_keypoints_3d": []
        }
    ]
}