{
    "version": 1.3,
    "people": [
        {
            "person_id": [
                -1
            ],
            "pose_keypoints_2d": [
                0,
                0,
                0,
                426.998,
                95.3951,
                0.847465,
                451.471,
                97.3311,
                0.805202,
                457.298,
                151.124,
                0.824488,
                449.483,
                186.348,
                0.603829,
                402.516,
                92.4691,
                0.760139,
                387.853,
                144.278,
                0.861706,
                378.078,
                191.231,
                0.812255,
                427.997,
                177.552,
                0.569573,
                442.645,
                176.571,
                0.585853,
                441.703,
                259.715,
                0.817038,
                441.701,
                331.108,
                0.769002,
                413.304,
                178.543,
                0.52736,
                423.072,
                258.743,
                0.746989,
                430.901,
                328.183,
                0.721089,
                0,
                0,
                0,
                402.511,
                66.0611,
                0.230827,
                431.879,
                66.0755,
                0.192382,
                409.367,
                65.0745,
                0.894568,
                410.333,
                335.058,
                0.73298,
                414.268,
                337.988,
                0.722043,
                434.858,
                335.043,
                0.599618,
                0,
                0,
                0,
                0,
                0,
                0,
                444.623,
                336.991,
                0.654573
            ],
            "face_keypoints_2d": [],
            "hand_left_keypoints_2d": [],
            "hand_right_keypoints_2d": [],
            "pose_keypoints_3d": [],
            "face_keypoints_3d": [],
            "hand_left_keypoints_3d": [],
            "hand_right_keypoints_3d": []
        }
    ]
}