{
    "version": 1.3,
    "people": [
        {
            "person_id": [
                -1
            ],
            "pose_keypoints_2d": [
                332.14,
                143.328,
                0.929725,
                332.125,
                153.12,
                0.945114,
                324.239,
                153.131,
                0.864669,
                309.603,
                146.244,
                0.509941,
                293.968,
                145.263,
                0.186753,
                340.912,
                153.088,
                0.908086,
                354.613,
                145.294,
                0.767085,
                364.394,
                143.28,
                0.65613,
                333.049,
                185.379,
                0.860708,
                325.303,
                185.381,
                0.848935,
                325.308,
                213.745,
                0.887487,
                325.267,
                238.207,
                0.923815,
                339.917,
                185.381,
                0.84144,
                339.916,
                213.738,
                0.889625,
                338.954,
                238.229,
                0.883669,
                331.132,
                141.345,
                0.86757,
                333.116,
                141.346,
                0.862371,
                325.313,
                144.269,
                0.805421,
                337.965,
                144.265,
                0.652751,
                339.93,
                244.067,
                0.685858,
                341.883,
                241.133,
                0.692356,
                336.039,
                239.215,
                0.698559,
                326.273,
                244.063,
                0.68543,
                324.255,
                242.125,
                0.689702,
                326.245,
                239.207,
                0.712324
            ],
            "face_keypoints_2d": [],
            "hand_left_keypoints_2d": [],
            "hand_right_keypoints_2d": [],
            "pose_keypoints_3d": [],
            "face_keypoints_3d": [],
            "hand_left_keypoints_3d": [],
            "hand_right_keypoints_3d": []
        }
    ]
}