{
    "version": 1.3,
    "people": [
        {
            "person_id": [
                -1
            ],
            "pose_keypoints_2d": [
                402.523,
                67.9906,
                0.060959,
                426.997,
                95.3669,
                0.837,
                452.418,
                97.3266,
                0.784914,
                457.29,
                151.116,
                0.819428,
                449.518,
                184.441,
                0.651754,
                402.5,
                92.4654,
                0.748387,
                387.878,
                144.308,
                0.868751,
                378.053,
                190.261,
                0.824211,
                428.008,
                177.551,
                0.565952,
                442.644,
                176.578,
                0.586015,
                441.713,
                260.669,
                0.825851,
                441.708,
                331.116,
                0.765293,
                414.264,
                178.534,
                0.526208,
                424.041,
                259.707,
                0.755141,
                430.916,
                327.229,
                0.72276,
                0,
                0,
                0,
                402.506,
                66.0383,
                0.246825,
                432.831,
                66.0533,
                0.202912,
                409.362,
                65.0429,
                0.877564,
                410.357,
                335.051,
                0.732113,
                415.243,
                337.979,
                0.712667,
                434.861,
                335.031,
                0.590091,
                0,
                0,
                0,
                0,
                0,
                0,
                444.627,
                336.998,
                0.645641
            ],
            "face_keypoints_2d": [],
            "hand_left_keypoints_2d": [],
            "hand_right_keypoints_2d": [],
            "pose_keypoints_3d": [],
            "face_keypoints_3d": [],
            "hand_left_keypoints_3d": [],
            "hand_right_keypoints_3d": []
        }
    ]
}