{
    "version": 1.3,
    "people": [
        {
            "person_id": [
                -1
            ],
            "pose_keypoints_2d": [
                0,
                0,
                0,
                428.964,
                87.5399,
                0.778785,
                450.522,
                89.4994,
                0.832505,
                439.72,
                49.3861,
                0.701468,
                426.981,
                12.2282,
                0.874872,
                406.443,
                83.6468,
                0.760387,
                392.736,
                37.6599,
                0.771736,
                0,
                0,
                0,
                427.994,
                174.609,
                0.551699,
                442.66,
                171.683,
                0.57336,
                443.622,
                260.689,
                0.801896,
                445.591,
                331.107,
                0.724327,
                412.357,
                175.592,
                0.521664,
                426.04,
                258.752,
                0.81944,
                434.804,
                329.161,
                0.752676,
                0,
                0,
                0,
                0,
                0,
                0,
                439.714,
                65.0694,
                0.378988,
                417.231,
                58.2465,
                0.929174,
                414.278,
                335.044,
                0.725559,
                419.173,
                337.993,
                0.762017,
                440.697,
                334.102,
                0.576812,
                424.995,
                333.062,
                0.0583251,
                0,
                0,
                0,
                450.434,
                336.014,
                0.675799
            ],
            "face_keypoints_2d": [],
            "hand_left_keypoints_2d": [],
            "hand_right_keypoints_2d": [],
            "pose_keypoints_3d": [],
            "face_keypoints_3d": [],
            "hand_left_keypoints_3d": [],
            "hand_right_keypoints_3d": []
        }
    ]
}