{
    "version": 1.3,
    "people": [
        {
            "person_id": [
                -1
            ],
            "pose_keypoints_2d": [
                411.355,
                66.0618,
                0.141796,
                435.802,
                97.2912,
                0.833832,
                460.266,
                98.3067,
                0.737298,
                485.693,
                139.413,
                0.795973,
                507.228,
                167.813,
                0.797152,
                411.345,
                94.3946,
                0.734815,
                372.24,
                121.839,
                0.813633,
                339.96,
                152.128,
                0.864564,
                436.775,
                176.583,
                0.565196,
                450.48,
                175.591,
                0.576834,
                450.455,
                259.735,
                0.811987,
                450.482,
                330.159,
                0.748884,
                423.081,
                178.536,
                0.529899,
                432.84,
                258.738,
                0.77151,
                440.668,
                330.146,
                0.736986,
                0,
                0,
                0,
                412.348,
                60.1706,
                0.309243,
                442.665,
                66.0212,
                0.134969,
                421.126,
                60.187,
                0.842082,
                418.203,
                337.967,
                0.728649,
                424.062,
                339.911,
                0.733163,
                443.662,
                336.021,
                0.605461,
                0,
                0,
                0,
                0,
                0,
                0,
                455.36,
                335.068,
                0.639042
            ],
            "face_keypoints_2d": [],
            "hand_left_keypoints_2d": [],
            "hand_right_keypoints_2d": [],
            "pose_keypoints_3d": [],
            "face_keypoints_3d": [],
            "hand_left_keypoints_3d": [],
            "hand_right_keypoints_3d": []
        }
    ]
}