{
    "version": 1.3,
    "people": [
        {
            "person_id": [
                -1
            ],
            "pose_keypoints_2d": [
                0,
                0,
                0,
                434.838,
                89.5235,
                0.889147,
                458.306,
                89.5502,
                0.826643,
                485.676,
                70.9257,
                0.712582,
                505.233,
                56.2532,
                0.83723,
                412.323,
                89.4924,
                0.786434,
                372.264,
                58.2219,
                0.807345,
                334.093,
                25.9462,
                0.741175,
                434.842,
                176.572,
                0.577752,
                449.518,
                175.579,
                0.56119,
                449.497,
                261.649,
                0.82765,
                449.521,
                331.128,
                0.771275,
                420.157,
                177.567,
                0.521554,
                429.915,
                260.696,
                0.76493,
                436.78,
                329.18,
                0.725565,
                0,
                0,
                0,
                412.341,
                58.2298,
                0.219653,
                440.708,
                63.1181,
                0.18875,
                419.202,
                60.167,
                0.885996,
                417.216,
                337.981,
                0.718015,
                421.115,
                339.899,
                0.745493,
                442.645,
                335.06,
                0.585096,
                0,
                0,
                0,
                0,
                0,
                0,
                452.42,
                336.994,
                0.658086
            ],
            "face_keypoints_2d": [],
            "hand_left_keypoints_2d": [],
            "hand_right_keypoints_2d": [],
            "pose_keypoints_3d": [],
            "face_keypoints_3d": [],
            "hand_left_keypoints_3d": [],
            "hand_right_keypoints_3d": []
        }
    ]
}