{
    "version": 1.3,
    "people": [
        {
            "person_id": [
                -1
            ],
            "pose_keypoints_2d": [
                0,
                0,
                0,
                433.825,
                88.5016,
                0.865498,
                457.284,
                88.5375,
                0.798113,
                471.007,
                59.2275,
                0.691965,
                480.82,
                36.7073,
                0.831154,
                410.362,
                87.5372,
                0.733845,
                376.12,
                49.3786,
                0.735635,
                343.856,
                12.2207,
                0.775059,
                432.861,
                174.616,
                0.548004,
                446.551,
                172.666,
                0.523436,
                446.553,
                258.75,
                0.743846,
                447.526,
                332.087,
                0.705644,
                418.173,
                175.594,
                0.53606,
                426.986,
                259.727,
                0.815637,
                435.827,
                330.155,
                0.737819,
                0,
                0,
                0,
                411.308,
                57.2096,
                0.0828929,
                439.709,
                60.1655,
                0.213611,
                418.173,
                59.1988,
                0.919963,
                416.215,
                336.037,
                0.735405,
                420.135,
                338.964,
                0.774802,
                442.643,
                336.986,
                0.571609,
                425.03,
                336.019,
                0.0630341,
                0,
                0,
                0,
                450.481,
                337.985,
                0.60916
            ],
            "face_keypoints_2d": [],
            "hand_left_keypoints_2d": [],
            "hand_right_keypoints_2d": [],
            "pose_keypoints_3d": [],
            "face_keypoints_3d": [],
            "hand_left_keypoints_3d": [],
            "hand_right_keypoints_3d": []
        }
    ]
}