{
    "version": 1.3,
    "people": [
        {
            "person_id": [
                -1
            ],
            "pose_keypoints_2d": [
                0,
                0,
                0,
                334.064,
                161.934,
                0.884582,
                351.686,
                160.96,
                0.854199,
                364.437,
                185.372,
                0.869931,
                369.273,
                207.899,
                0.741048,
                317.397,
                163.874,
                0.863191,
                309.649,
                196.142,
                0.835468,
                311.581,
                216.665,
                0.708046,
                339.894,
                207.868,
                0.788053,
                348.739,
                206.913,
                0.783221,
                349.732,
                246.975,
                0.782753,
                357.542,
                278.335,
                0.431256,
                328.194,
                207.894,
                0.74384,
                330.147,
                253.803,
                0.83742,
                339.923,
                289.085,
                0.824633,
                0,
                0,
                0,
                0,
                0,
                0,
                339.923,
                144.235,
                0.703721,
                325.228,
                144.248,
                0.956161,
                339.947,
                292.956,
                0.610942,
                337.01,
                292.985,
                0.674724,
                340.915,
                293.925,
                0.858285,
                354.615,
                284.175,
                0.0969408,
                363.418,
                282.221,
                0.121715,
                357.576,
                283.193,
                0.2817
            ],
            "face_keypoints_2d": [],
            "hand_left_keypoints_2d": [],
            "hand_right_keypoints_2d": [],
            "pose_keypoints_3d": [],
            "face_keypoints_3d": [],
            "hand_left_keypoints_3d": [],
            "hand_right_keypoints_3d": []
        }
    ]
}