{
    "version": 1.3,
    "people": [
        {
            "person_id": [
                -1
            ],
            "pose_keypoints_2d": [
                340.885,
                191.204,
                0.481081,
                338.974,
                184.448,
                0.875287,
                331.118,
                187.338,
                0.789807,
                324.343,
                202.997,
                0.840652,
                324.283,
                215.691,
                0.542359,
                347.761,
                183.404,
                0.925814,
                356.603,
                177.591,
                0.828812,
                366.368,
                175.637,
                0.813112,
                339.929,
                206.875,
                0.921802,
                333.119,
                206.913,
                0.901038,
                333.117,
                223.555,
                0.857383,
                333.081,
                240.165,
                0.69797,
                344.839,
                205.926,
                0.813794,
                347.805,
                222.508,
                0.76397,
                347.712,
                239.152,
                0.708042,
                339.924,
                189.285,
                0.415999,
                340.951,
                188.331,
                0.374454,
                333.117,
                184.408,
                0.359813,
                341.9,
                184.393,
                0.161647,
                348.712,
                243.076,
                0.552142,
                349.72,
                241.145,
                0.550516,
                345.808,
                239.198,
                0.479728,
                331.119,
                245.042,
                0.557718,
                332.082,
                244.089,
                0.523032,
                333.092,
                242.117,
                0.517413
            ],
            "face_keypoints_2d": [],
            "hand_left_keypoints_2d": [],
            "hand_right_keypoints_2d": [],
            "pose_keypoints_3d": [],
            "face_keypoints_3d": [],
            "hand_left_keypoints_3d": [],
            "hand_right_keypoints_3d": []
        }
    ]
}