{
    "version": 1.3,
    "people": [
        {
            "person_id": [
                -1
            ],
            "pose_keypoints_2d": [
                333.064,
                159.981,
                0.928514,
                332.151,
                166.813,
                0.923359,
                323.298,
                166.798,
                0.879688,
                309.636,
                170.726,
                0.799363,
                301.781,
                176.564,
                0.58776,
                341.914,
                166.78,
                0.869374,
                356.585,
                168.809,
                0.845682,
                368.317,
                174.628,
                0.723891,
                332.117,
                192.209,
                0.933665,
                325.264,
                191.289,
                0.917869,
                326.254,
                214.752,
                0.891491,
                325.254,
                239.14,
                0.88811,
                338.961,
                192.235,
                0.887687,
                337.958,
                215.671,
                0.902142,
                339.883,
                238.216,
                0.929898,
                332.059,
                158.955,
                0.87614,
                334.068,
                158.96,
                0.858903,
                326.252,
                158.967,
                0.696402,
                338.949,
                158.971,
                0.541422,
                340.904,
                243.109,
                0.736011,
                342.891,
                240.172,
                0.719312,
                337.982,
                239.207,
                0.706385,
                329.191,
                244.072,
                0.670482,
                324.312,
                244.061,
                0.679461,
                325.28,
                240.151,
                0.664464
            ],
            "face_keypoints_2d": [],
            "hand_left_keypoints_2d": [],
            "hand_right_keypoints_2d": [],
            "pose_keypoints_3d": [],
            "face_keypoints_3d": [],
            "hand_left_keypoints_3d": [],
            "hand_right_keypoints_3d": []
        }
    ]
}