{
    "version": 1.3,
    "people": [
        {
            "person_id": [
                -1
            ],
            "pose_keypoints_2d": [
                0,
                0,
                0,
                433.859,
                87.5502,
                0.848024,
                457.292,
                89.4804,
                0.807693,
                458.292,
                62.1365,
                0.692353,
                461.251,
                31.791,
                0.779461,
                410.37,
                84.6115,
                0.732885,
                379.084,
                44.5074,
                0.842124,
                351.684,
                10.2941,
                0.762187,
                432.865,
                175.585,
                0.539661,
                446.576,
                173.64,
                0.516309,
                446.56,
                258.75,
                0.742567,
                447.544,
                332.081,
                0.709171,
                418.164,
                176.567,
                0.522919,
                426.982,
                259.704,
                0.812735,
                435.831,
                330.148,
                0.735635,
                0,
                0,
                0,
                412.318,
                53.3319,
                0.089605,
                441.676,
                64.0798,
                0.291883,
                418.229,
                59.2061,
                0.934309,
                416.216,
                336.04,
                0.732656,
                420.137,
                338.965,
                0.772413,
                442.647,
                336.984,
                0.564657,
                425.038,
                336.011,
                0.0619529,
                0,
                0,
                0,
                450.494,
                337.98,
                0.611585
            ],
            "face_keypoints_2d": [],
            "hand_left_keypoints_2d": [],
            "hand_right_keypoints_2d": [],
            "pose_keypoints_3d": [],
            "face_keypoints_3d": [],
            "hand_left_keypoints_3d": [],
            "hand_right_keypoints_3d": []
        }
    ]
}