{
    "version": 1.3,
    "people": [
        {
            "person_id": [
                -1
            ],
            "pose_keypoints_2d": [
                0,
                0,
                0,
                426.982,
                96.3799,
                0.863176,
                451.454,
                97.3381,
                0.812481,
                457.296,
                151.16,
                0.833884,
                449.48,
                186.36,
                0.574022,
                401.54,
                95.3864,
                0.748419,
                387.828,
                144.255,
                0.875577,
                378.046,
                189.306,
                0.803278,
                427.996,
                177.565,
                0.571042,
                442.65,
                176.579,
                0.585085,
                441.711,
                260.684,
                0.828905,
                441.691,
                331.127,
                0.769375,
                413.305,
                179.507,
                0.530884,
                422.124,
                258.753,
                0.748953,
                430.899,
                328.183,
                0.717795,
                0,
                0,
                0,
                402.492,
                66.047,
                0.205908,
                431.895,
                66.0782,
                0.274769,
                409.356,
                65.0543,
                0.881839,
                410.328,
                335.061,
                0.734787,
                413.323,
                337.988,
                0.72332,
                434.859,
                335.048,
                0.589017,
                0,
                0,
                0,
                0,
                0,
                0,
                444.618,
                337.015,
                0.654821
            ],
            "face_keypoints_2d": [],
            "hand_left_keypoints_2d": [],
            "hand_right_keypoints_2d": [],
            "pose_keypoints_3d": [],
            "face_keypoints_3d": [],
            "hand_left_keypoints_3d": [],
            "hand_right_keypoints_3d": []
        }
    ]
}