{
    "version": 1.3,
    "people": [
        {
            "person_id": [
                -1
            ],
            "pose_keypoints_2d": [
                0,
                0,
                0,
                434.807,
                87.5385,
                0.861066,
                458.268,
                87.5366,
                0.781343,
                479.791,
                59.2238,
                0.704814,
                494.472,
                39.6173,
                0.801374,
                411.38,
                86.5983,
                0.730633,
                377.117,
                44.5304,
                0.77253,
                347.731,
                12.2261,
                0.819841,
                433.872,
                174.611,
                0.595097,
                449.44,
                172.655,
                0.565022,
                448.523,
                259.735,
                0.775114,
                449.451,
                332.106,
                0.756557,
                419.174,
                175.583,
                0.555541,
                427.96,
                259.71,
                0.767539,
                436.778,
                331.13,
                0.739001,
                0,
                0,
                0,
                411.37,
                58.2037,
                0.142926,
                440.664,
                63.1063,
                0.15503,
                419.137,
                59.2261,
                0.942292,
                416.243,
                337.967,
                0.722748,
                420.149,
                339.909,
                0.761126,
                442.659,
                337.972,
                0.579746,
                425.032,
                337.008,
                0.0511002,
                0,
                0,
                0,
                451.452,
                338.939,
                0.643214
            ],
            "face_keypoints_2d": [],
            "hand_left_keypoints_2d": [],
            "hand_right_keypoints_2d": [],
            "pose_keypoints_3d": [],
            "face_keypoints_3d": [],
            "hand_left_keypoints_3d": [],
            "hand_right_keypoints_3d": []
        }
    ]
}